divipola,annee,valeur,moran_local,p_simule,classe,municipio,departamento
05001,2002,1.7836466206524475,0.8113520144763539,0.001,Bas-Bas,Medellín,Antioquia
05002,2002,5.415518949042145,0.9260974596858011,0.102,Non significatif,Abejorral,Antioquia
05004,2002,4.1795806225253775,0.13819668467415258,0.357,Non significatif,Abriaquí,Antioquia
05021,2002,5.8661749892504975,1.3835961298589377,0.051,Non significatif,Alejandría,Antioquia
05030,2002,2.3325822664684033,0.13157998966731455,0.134,Non significatif,Amagá,Antioquia
05031,2002,3.8353122805476056,0.33005842966229776,0.118,Non significatif,Amalfi,Antioquia
05034,2002,2.397222239809966,0.011338945581410926,0.448,Non significatif,Andes,Antioquia
05036,2002,3.3062580009508133,-0.08529326625404454,0.223,Non significatif,Angelópolis,Antioquia
05038,2002,3.9743174893839885,0.14038446007298952,0.327,Non significatif,Angostura,Antioquia
05040,2002,3.6563444527691913,0.2747703047541313,0.113,Non significatif,Anorí,Antioquia
05042,2002,2.935806689694604,0.00326092514310382,0.463,Non significatif,Santa Fé de Antioquia,Antioquia
05044,2002,3.6832645993110904,0.14937474133794282,0.254,Non significatif,Anzá,Antioquia
05045,2002,3.990547183637615,0.534404629171479,0.051,Non significatif,Apartadó,Antioquia
05051,2002,3.626527556739281,0.15723444098725245,0.234,Non significatif,Arboletes,Antioquia
05055,2002,7.598140278231116,4.0242366275755375,0.001,Haut-Haut,Argelia,Antioquia
05059,2002,2.7073368340923216,-0.029205915094572963,0.212,Non significatif,Armenia,Antioquia
05079,2002,2.4117799131247777,-0.007384864660454516,0.49,Non significatif,Barbosa,Antioquia
05086,2002,1.6980640871459318,0.1670169886831015,0.27,Non significatif,Belmira,Antioquia
05088,2002,0.744869873508664,0.9303036483621548,0.034,Bas-Bas,Bello,Antioquia
05091,2002,3.4099409747080895,-0.07411200514023368,0.29,Non significatif,Betania,Antioquia
05093,2002,4.9512826125635,0.21600524080103167,0.358,Non significatif,Betulia,Antioquia
05101,2002,3.112525670306479,0.03279028844968873,0.328,Non significatif,Ciudad Bolívar,Antioquia
05107,2002,4.903808477249769,0.6944452271532099,0.11,Non significatif,Briceño,Antioquia
05113,2002,3.1821079884920564,0.03571740177977089,0.356,Non significatif,Buriticá,Antioquia
05120,2002,3.935405693139499,0.04887568537952491,0.448,Non significatif,Cáceres,Antioquia
05125,2002,4.246409828918066,0.2928777148528534,0.224,Non significatif,Caicedo,Antioquia
05129,2002,1.0269486057685122,0.7564074838121757,0.039,Bas-Bas,Caldas,Antioquia
05134,2002,4.586620580380106,0.3188203090200073,0.25,Non significatif,Campamento,Antioquia
05138,2002,3.794563388714372,0.17940065312335013,0.244,Non significatif,Cañasgordas,Antioquia
05142,2002,3.2181902602636665,0.11233925381870738,0.135,Non significatif,Caracolí,Antioquia
05145,2002,3.2601959112804986,0.028338652748905464,0.413,Non significatif,Caramanta,Antioquia
05147,2002,3.6083926893240807,0.3434498131481129,0.054,Non significatif,Carepa,Antioquia
05148,2002,3.8247837443761052,0.6003977583854222,0.011,Haut-Haut,El Carmen de Viboral,Antioquia
05150,2002,3.3486546666049257,-0.027452069423663964,0.403,Non significatif,Carolina,Antioquia
05154,2002,2.2990579949111094,-0.06043299411858705,0.35,Non significatif,Caucasia,Antioquia
05172,2002,3.737342234847771,0.3939071504307594,0.055,Non significatif,Chigorodó,Antioquia
05190,2002,2.23764338991488,-0.21037666366447902,0.109,Non significatif,Cisneros,Antioquia
05197,2002,6.887211402518368,2.971754169017608,0.005,Haut-Haut,Cocorná,Antioquia
05206,2002,4.615755972758152,0.7412322799257672,0.063,Non significatif,Concepción,Antioquia
05209,2002,3.486853398181011,0.10615818383275412,0.268,Non significatif,Concordia,Antioquia
05212,2002,0.38140046942511946,0.9241969310872621,0.056,Non significatif,Copacabana,Antioquia
05234,2002,5.696457848541678,1.4059963886858946,0.039,Haut-Haut,Dabeiba,Antioquia
05237,2002,0.461417494630002,-0.05487683076243592,0.489,Non significatif,Donmatías,Antioquia
05240,2002,1.7857935913872307,0.13330942160526268,0.289,Non significatif,Ebéjico,Antioquia
05250,2002,5.0284416269005066,0.849924718707366,0.085,Non significatif,El Bagre,Antioquia
05264,2002,0.7981228451026656,0.6592992475517673,0.084,Non significatif,Entrerríos,Antioquia
05266,2002,0.10056538256739767,1.7025628940906121,0.007,Bas-Bas,Envigado,Antioquia
05282,2002,1.3306942788262328,0.12408479206810817,0.345,Non significatif,Fredonia,Antioquia
05284,2002,4.075196029064328,0.6602250731781567,0.024,Haut-Haut,Frontino,Antioquia
05306,2002,1.6953272944953086,-0.23450627551378633,0.229,Non significatif,Giraldo,Antioquia
05308,2002,1.0886758802680778,0.2757749907298114,0.246,Non significatif,Girardota,Antioquia
05310,2002,3.1461226330903322,0.05674334130436628,0.246,Non significatif,Gómez Plata,Antioquia
05313,2002,7.583354988034996,2.0712740471317956,0.054,Non significatif,Granada,Antioquia
05315,2002,3.6183089707053844,0.1625836629536561,0.223,Non significatif,Guadalupe,Antioquia
05318,2002,1.3852640860848304,0.4909459954718697,0.071,Non significatif,Guarne,Antioquia
05321,2002,4.29154059634983,1.0496742956550709,0.007,Haut-Haut,Guatapé,Antioquia
05347,2002,3.3480159150541837,-0.17592001311242308,0.068,Non significatif,Heliconia,Antioquia
05353,2002,1.5267527703622443,0.10004499040189496,0.354,Non significatif,Hispania,Antioquia
05360,2002,0.5873853201604375,1.200234939532458,0.012,Bas-Bas,Itagüí,Antioquia
05361,2002,5.190271210549089,1.2106251527628684,0.031,Haut-Haut,Ituango,Antioquia
05364,2002,2.551140326634966,0.004241659552140843,0.454,Non significatif,Jardín,Antioquia
05368,2002,1.3784329463159772,0.2995705571051918,0.191,Non significatif,Jericó,Antioquia
05376,2002,1.6931157841913136,-0.1539252767179614,0.313,Non significatif,La Ceja,Antioquia
05380,2002,0.27045542903698083,1.4397172686346775,0.01,Bas-Bas,La Estrella,Antioquia
05390,2002,4.074830809724818,-0.10423819813155331,0.346,Non significatif,La Pintada,Antioquia
05400,2002,4.457852121022667,0.412100367578139,0.169,Non significatif,La Unión,Antioquia
05411,2002,3.3862000958539604,-0.051129964327376785,0.334,Non significatif,Liborina,Antioquia
05425,2002,3.184237181141297,0.07000139666207637,0.229,Non significatif,Maceo,Antioquia
05440,2002,2.300069671935863,0.0023824866709029413,0.476,Non significatif,Marinilla,Antioquia
05467,2002,5.944930962292679,-0.11210949034907645,0.416,Non significatif,Montebello,Antioquia
05475,2002,5.17517302125453,2.36912069461927,0.001,Haut-Haut,Murindó,Antioquia
05480,2002,4.828311952269236,1.0213448773014786,0.03,Haut-Haut,Mutatá,Antioquia
05483,2002,5.606515598578339,2.8751751079257883,0.001,Haut-Haut,Nariño,Antioquia
05490,2002,3.828893323390475,0.2614583761419796,0.166,Non significatif,Necoclí,Antioquia
05495,2002,3.7859811246098665,0.3543651081425407,0.09,Non significatif,Nechí,Antioquia
05501,2002,3.07792143472258,-0.043546229572812394,0.218,Non significatif,Olaya,Antioquia
05541,2002,4.369924129553088,0.4456660919917152,0.144,Non significatif,Peñol,Antioquia
05543,2002,3.5940963370786316,0.34123059496922603,0.048,Haut-Haut,Peque,Antioquia
05576,2002,2.5346251799188066,0.042586172989935014,0.276,Non significatif,Pueblorrico,Antioquia
05579,2002,2.8226834806874472,-0.0031536788779971815,0.253,Non significatif,Puerto Berrío,Antioquia
05585,2002,3.0402860941711873,0.09256606905189405,0.045,Haut-Haut,Puerto Nare,Antioquia
05591,2002,2.425269827783013,-0.2928433850833455,0.008,Atypique,Puerto Triunfo,Antioquia
05604,2002,3.819424973317581,0.38119892495288293,0.081,Non significatif,Remedios,Antioquia
05607,2002,1.4008551729537038,0.4694595561508049,0.081,Non significatif,Retiro,Antioquia
05615,2002,0.7203520828037202,0.9708001096971598,0.029,Bas-Bas,Rionegro,Antioquia
05628,2002,3.9495932554125353,0.3292560838600502,0.138,Non significatif,Sabanalarga,Antioquia
05631,2002,0.22245031126621317,1.4587497267079867,0.01,Bas-Bas,Sabaneta,Antioquia
05642,2002,3.7150496005439604,-0.05426616527345039,0.384,Non significatif,Salgar,Antioquia
05647,2002,4.070806903346163,0.4035499215759351,0.119,Non significatif,San Andrés de Cuerquía,Antioquia
05649,2002,6.957266339457657,3.098485716809072,0.004,Haut-Haut,San Carlos,Antioquia
05652,2002,6.46259574297765,3.457655240205117,0.001,Haut-Haut,San Francisco,Antioquia
05656,2002,0.6596567959406071,0.5253215863960509,0.15,Non significatif,San Jerónimo,Antioquia
05658,2002,3.0507723760592214,0.05196658858950891,0.182,Non significatif,San José de la Montaña,Antioquia
05659,2002,3.5321885783324856,0.14243801958688973,0.227,Non significatif,San Juan de Urabá,Antioquia
05660,2002,6.743854040678583,4.621791839400402,0.001,Haut-Haut,San Luis,Antioquia
05664,2002,3.1898835835265156,-0.2299181057410372,0.006,Atypique,San Pedro de los Milagros,Antioquia
05665,2002,4.393963489171592,0.5325215914884573,0.111,Non significatif,San Pedro de Urabá,Antioquia
05667,2002,5.656691571277045,1.7369188787931142,0.009,Haut-Haut,San Rafael,Antioquia
05670,2002,2.958331639132247,0.054220741975026604,0.045,Haut-Haut,San Roque,Antioquia
05674,2002,4.317243785872282,0.08119135224471101,0.439,Non significatif,San Vicente Ferrer,Antioquia
05679,2002,3.7854604040406663,0.2120345156061253,0.202,Non significatif,Santa Bárbara,Antioquia
05686,2002,2.1387618131050306,0.1721383499525245,0.143,Non significatif,Santa Rosa de Osos,Antioquia
05690,2002,3.9956199255887928,0.2806275570802468,0.187,Non significatif,Santo Domingo,Antioquia
05697,2002,3.3400189823570874,0.3359891182281587,0.007,Haut-Haut,El Santuario,Antioquia
05736,2002,3.36473924597533,0.21231759998261168,0.071,Non significatif,Segovia,Antioquia
05756,2002,5.252581175639311,2.3938785998285708,0.001,Haut-Haut,Sonsón,Antioquia
05761,2002,1.5522414942590383,0.21281402585019205,0.24,Non significatif,Sopetrán,Antioquia
05789,2002,2.984424838263868,0.00390673122166234,0.48,Non significatif,Támesis,Antioquia
05790,2002,4.6888523179031285,0.5350917803147138,0.147,Non significatif,Tarazá,Antioquia
05792,2002,2.5498642233965256,0.08345275473540521,0.106,Non significatif,Tarso,Antioquia
05809,2002,2.6147805397259636,-0.006669307568537776,0.476,Non significatif,Titiribí,Antioquia
05819,2002,5.054612849883307,0.7427082219207056,0.115,Non significatif,Toledo,Antioquia
05837,2002,3.6717707864463502,0.28906521944123764,0.107,Non significatif,Turbo,Antioquia
05842,2002,4.204857961897326,0.5325044116102289,0.082,Non significatif,Uramita,Antioquia
05847,2002,4.881875206339747,0.8846911380370045,0.058,Non significatif,Urrao,Antioquia
05854,2002,3.383420077740123,0.20780666824145397,0.085,Non significatif,Valdivia,Antioquia
05856,2002,3.3733481474447893,0.0009505217209700578,0.48,Non significatif,Valparaíso,Antioquia
05858,2002,3.832397310994227,0.31613056583611276,0.129,Non significatif,Vegachí,Antioquia
05861,2002,2.8425338506537554,-0.00022133758450244633,0.299,Non significatif,Venecia,Antioquia
05873,2002,6.901004616804203,2.9830039700895346,0.005,Haut-Haut,Vigía del Fuerte,Antioquia
05885,2002,4.645665855810764,0.2721487356599507,0.297,Non significatif,Yalí,Antioquia
05887,2002,2.4916565613182597,-0.18299760218840933,0.027,Atypique,Yarumal,Antioquia
05890,2002,3.8172769931328174,0.16210727638007147,0.275,Non significatif,Yolombó,Antioquia
05893,2002,4.75472391672212,0.774857074539016,0.074,Non significatif,Yondó,Antioquia
05895,2002,4.16766966943657,0.3385517047853089,0.176,Non significatif,Zaragoza,Antioquia
08001,2002,0.33926233094741165,1.9909006082369227,0.001,Bas-Bas,Barranquilla,Atlántico
08078,2002,0.8134548190194594,1.5658315963681029,0.001,Bas-Bas,Baranoa,Atlántico
08137,2002,0.8864923918620723,0.9564207856924168,0.019,Bas-Bas,Campo de la Cruz,Atlántico
08141,2002,0.47832184590252447,1.009941560927774,0.035,Bas-Bas,Candelaria,Atlántico
08296,2002,0.34725692990477564,1.9857838345847239,0.001,Bas-Bas,Galapa,Atlántico
08372,2002,0.12493568792641402,1.3746152246305832,0.015,Bas-Bas,Juan de Acosta,Atlántico
08421,2002,2.4363751530686315,0.06977234420269915,0.233,Non significatif,Luruaco,Atlántico
08433,2002,0.30804914457182025,1.7938758721250012,0.003,Bas-Bas,Malambo,Atlántico
08436,2002,0.3472587045321649,1.1575340913967453,0.021,Bas-Bas,Manatí,Atlántico
08520,2002,0.3598526886766675,1.6850708474336327,0.004,Bas-Bas,Palmar de Varela,Atlántico
08549,2002,2.1324037110881657,0.3435395040492453,0.02,Bas-Bas,Piojó,Atlántico
08558,2002,0.4684241442567265,1.603736549879399,0.004,Bas-Bas,Polonuevo,Atlántico
08560,2002,0.6537215449565188,1.0542086826118886,0.02,Bas-Bas,Ponedera,Atlántico
08573,2002,0.22812902934915802,2.0612014200923747,0.001,Bas-Bas,Puerto Colombia,Atlántico
08606,2002,2.201471747807906,0.08077952284016582,0.29,Non significatif,Repelón,Atlántico
08634,2002,1.7315384925486215,0.8834365437772772,0.001,Bas-Bas,Sabanagrande,Atlántico
08638,2002,0.8169039381258242,1.4708832308152897,0.001,Bas-Bas,Sabanalarga,Atlántico
08675,2002,0.3273272181895217,0.9503884164696347,0.05,Non significatif,Santa Lucía,Atlántico
08685,2002,0.1770932927276307,1.7521752249329283,0.006,Bas-Bas,Santo Tomás,Atlántico
08758,2002,0.14957271207918868,1.1007307927865997,0.041,Bas-Bas,Soledad,Atlántico
08770,2002,0.29782918794263746,-0.005589094634736112,0.485,Non significatif,Suan,Atlántico
08832,2002,0.4396485094229931,1.862008895015367,0.001,Bas-Bas,Tubará,Atlántico
08849,2002,0.28525823656917965,1.5732125596987776,0.007,Bas-Bas,Usiacurí,Atlántico
11001,2002,0.08254828457899001,0.8325955987154012,0.095,Non significatif,"Bogotá, D.C.","Bogotá, D.C."
13001,2002,1.4818185170294902,-0.04940998061106938,0.457,Non significatif,Cartagena de Indias,Bolívar
13006,2002,5.4771519836237434,1.3166447233849863,0.038,Haut-Haut,Achí,Bolívar
13030,2002,4.334887108696289,0.3590903102616318,0.183,Non significatif,Altos del Rosario,Bolívar
13042,2002,5.308490510684168,1.0939957004335739,0.055,Non significatif,Arenal,Bolívar
13052,2002,2.1123057040540907,-0.06407918017015271,0.393,Non significatif,Arjona,Bolívar
13062,2002,3.7392041538408267,-0.24193545406842146,0.122,Non significatif,Arroyohondo,Bolívar
13074,2002,4.320946354172302,0.22218315645315992,0.297,Non significatif,Barranco de Loba,Bolívar
13140,2002,4.36122686279068,-0.46854945114033353,0.093,Non significatif,Calamar,Bolívar
13160,2002,5.245045794884714,1.017267232851671,0.065,Non significatif,Cantagallo,Bolívar
13188,2002,1.5312400671848776,-0.07685177107403802,0.434,Non significatif,Cicuco,Bolívar
13212,2002,6.825903040325828,2.121129781195275,0.026,Haut-Haut,Córdoba,Bolívar
13222,2002,3.5106041561712544,0.012348540216911633,0.494,Non significatif,Clemencia,Bolívar
13244,2002,5.664984362512729,2.8749207565635784,0.001,Haut-Haut,El Carmen de Bolívar,Bolívar
13248,2002,5.051093899156085,1.3548746903327604,0.009,Haut-Haut,El Guamo,Bolívar
13268,2002,3.754599863200259,0.30854003580447953,0.11,Non significatif,El Peñón,Bolívar
13300,2002,1.818215104096533,0.004401849194924127,0.474,Non significatif,Hatillo de Loba,Bolívar
13430,2002,3.534988117338438,0.055406686244356795,0.408,Non significatif,Magangué,Bolívar
13433,2002,4.22413783422324,0.06636518387709307,0.453,Non significatif,Mahates,Bolívar
13440,2002,1.3934992409645535,-0.04677002231703379,0.47,Non significatif,Margarita,Bolívar
13442,2002,5.178728661128907,0.7960840114567432,0.107,Non significatif,María La Baja,Bolívar
13458,2002,5.891420023757478,1.5150163970967652,0.037,Haut-Haut,Montecristo,Bolívar
13468,2002,2.565910471959839,0.0932209068465848,0.073,Non significatif,Mompós,Bolívar
13473,2002,5.0154279846508585,0.7305145989764805,0.107,Non significatif,Morales,Bolívar
13490,2002,2.850564276666811,0.006611550191080933,0.006,Haut-Haut,Norosí,Bolívar
13549,2002,4.411266015589601,-0.14120617842232297,0.342,Non significatif,Pinillos,Bolívar
13580,2002,4.098707253710678,0.5719462637294266,0.047,Haut-Haut,Regidor,Bolívar
13600,2002,4.9188674739460945,1.0025420005633052,0.038,Haut-Haut,Río Viejo,Bolívar
13620,2002,2.884194876055183,-0.013695382207562548,0.092,Non significatif,San Cristóbal,Bolívar
13647,2002,2.731800149517246,0.012572432248539066,0.305,Non significatif,San Estanislao,Bolívar
13650,2002,0.8977131937671359,0.43359102732277227,0.165,Non significatif,San Fernando,Bolívar
13654,2002,5.654457826793988,2.379991457160904,0.001,Haut-Haut,San Jacinto,Bolívar
13655,2002,4.548676291860804,0.6458848326948955,0.08,Non significatif,San Jacinto del Cauca,Bolívar
13657,2002,5.690657813533675,1.829268330423588,0.006,Haut-Haut,San Juan Nepomuceno,Bolívar
13667,2002,4.646186815162556,0.46552800258683724,0.165,Non significatif,San Martín de Loba,Bolívar
13670,2002,5.358662562215958,1.3445157790591205,0.025,Haut-Haut,San Pablo,Bolívar
13673,2002,2.7814621371713004,-0.0003470500407362861,0.48,Non significatif,Santa Catalina,Bolívar
13683,2002,4.01621372373667,-0.09075054008643287,0.352,Non significatif,Santa Rosa,Bolívar
13688,2002,4.273000429624996,0.9444287596975479,0.006,Haut-Haut,Santa Rosa del Sur,Bolívar
13744,2002,4.6749964259588195,0.8424235685912057,0.045,Haut-Haut,Simití,Bolívar
13760,2002,2.026034313743192,0.008125530001496918,0.458,Non significatif,Soplaviento,Bolívar
13780,2002,2.367398811457827,0.1269983719759224,0.122,Non significatif,Talaigua Nuevo,Bolívar
13810,2002,5.3021361109091325,1.3367974112506567,0.022,Haut-Haut,Tiquisio,Bolívar
13836,2002,1.4620444645890036,0.0152922094448602,0.456,Non significatif,Turbaco,Bolívar
13838,2002,2.0137919584945716,-0.00247181856861897,0.473,Non significatif,Turbaná,Bolívar
13873,2002,3.78224846744066,-0.01655139547365015,0.445,Non significatif,Villanueva,Bolívar
13894,2002,6.146829635140706,2.7762754569844525,0.001,Haut-Haut,Zambrano,Bolívar
15001,2002,0.24643599789213216,1.9000449747251384,0.001,Bas-Bas,Tunja,Boyacá
15022,2002,1.8983835951055716,0.2504648733610556,0.128,Non significatif,Almeida,Boyacá
15047,2002,2.1719325513652317,0.03361946276021106,0.4,Non significatif,Aquitania,Boyacá
15051,2002,0.0,1.9651395074960964,0.002,Bas-Bas,Arcabuco,Boyacá
15087,2002,1.0740686786028986,1.1570252837774193,0.004,Bas-Bas,Belén,Boyacá
15090,2002,3.203179575680475,-0.019597730821975225,0.395,Non significatif,Berbeo,Boyacá
15092,2002,0.0,2.3317127755882834,0.001,Bas-Bas,Betéitiva,Boyacá
15097,2002,2.540064381917548,0.06340323788217382,0.181,Non significatif,Boavita,Boyacá
15104,2002,1.7109860549731706,0.9857284274541207,0.001,Bas-Bas,Boyacá,Boyacá
15106,2002,2.616726665836146,0.11841972746859215,0.011,Bas-Bas,Briceño,Boyacá
15109,2002,1.6270156152809663,0.4995217560620676,0.042,Bas-Bas,Buenavista,Boyacá
15114,2002,0.0,2.522464263293877,0.001,Bas-Bas,Busbanzá,Boyacá
15131,2002,0.8403456855898302,0.754763334850705,0.054,Non significatif,Caldas,Boyacá
15135,2002,4.0783516043392645,0.09745585232084597,0.407,Non significatif,Campohermoso,Boyacá
15162,2002,0.0,2.312693957105807,0.001,Bas-Bas,Cerinza,Boyacá
15172,2002,2.732089640944844,0.08375111462747978,0.001,Bas-Bas,Chinavita,Boyacá
15176,2002,0.3609246535913197,1.424882143921398,0.007,Bas-Bas,Chiquinquirá,Boyacá
15180,2002,4.223981121806603,0.24278338519776926,0.258,Non significatif,Chiscas,Boyacá
15183,2002,3.062679526816872,0.015873866966507028,0.417,Non significatif,Chita,Boyacá
15185,2002,0.9939515628216646,0.4512163770593632,0.15,Non significatif,Chitaraque,Boyacá
15187,2002,0.0,2.3844042786258526,0.001,Bas-Bas,Chivatá,Boyacá
15189,2002,0.0,2.335328794182326,0.001,Bas-Bas,Ciénega,Boyacá
15204,2002,0.0,2.322830910942659,0.001,Bas-Bas,Cómbita,Boyacá
15212,2002,1.8248522271473337,0.2688616948084929,0.13,Non significatif,Coper,Boyacá
15215,2002,0.0,2.522464263293877,0.001,Bas-Bas,Corrales,Boyacá
15218,2002,3.4576789861946486,-0.03497684387520979,0.384,Non significatif,Covarachía,Boyacá
15223,2002,0.9449555542275843,-0.0499896886416211,0.487,Non significatif,Cubará,Boyacá
15224,2002,0.0,2.236420143879941,0.001,Bas-Bas,Cucaita,Boyacá
15226,2002,0.0,1.932338908182895,0.002,Bas-Bas,Cuítiva,Boyacá
15232,2002,0.0,2.37421252028532,0.001,Bas-Bas,Chíquiza,Boyacá
15236,2002,1.8502106054215262,0.12884353676328308,0.279,Non significatif,Chivor,Boyacá
15238,2002,0.10708968764421752,2.361830781311478,0.001,Bas-Bas,Duitama,Boyacá
15244,2002,3.0180912349713043,0.032562870156162604,0.252,Non significatif,El Cocuy,Boyacá
15248,2002,3.9960625305530137,0.22638238470952576,0.237,Non significatif,El Espino,Boyacá
15272,2002,0.0,1.9973902793535951,0.002,Bas-Bas,Firavitoba,Boyacá
15276,2002,0.0,2.522464263293877,0.001,Bas-Bas,Floresta,Boyacá
15293,2002,2.303376584809426,0.4681182327194465,0.001,Bas-Bas,Gachantivá,Boyacá
15296,2002,0.5735963361751201,1.6975884800430048,0.001,Bas-Bas,Gámeza,Boyacá
15299,2002,0.8109931798362376,1.0694292378932635,0.012,Bas-Bas,Garagoa,Boyacá
15317,2002,2.6378208082605843,-0.05696726520965778,0.145,Non significatif,Guacamayas,Boyacá
15322,2002,1.3438714936518337,0.5369016438178147,0.063,Non significatif,Guateque,Boyacá
15325,2002,2.9165099318670933,-0.03168622648185503,0.037,Atypique,Guayatá,Boyacá
15332,2002,2.855856199469989,0.0029244792114863187,0.238,Non significatif,Güicán de la Sierra,Boyacá
15362,2002,2.294469769455462,0.4498922289442863,0.001,Bas-Bas,Iza,Boyacá
15367,2002,0.0,2.031462624419151,0.001,Bas-Bas,Jenesano,Boyacá
15368,2002,2.8981763184688436,-0.006180779631605511,0.31,Non significatif,Jericó,Boyacá
15377,2002,4.46610148634143,-0.30387114521402797,0.203,Non significatif,Labranzagrande,Boyacá
15380,2002,0.0,2.0132079460940355,0.002,Bas-Bas,La Capilla,Boyacá
15401,2002,1.96644190559025,-0.2366642634942386,0.16,Non significatif,La Victoria,Boyacá
15403,2002,2.5023985386212693,0.0012189591337438328,0.475,Non significatif,La Uvita,Boyacá
15407,2002,0.0573869621942373,2.0706965467231773,0.001,Bas-Bas,Villa de Leyva,Boyacá
15425,2002,2.789984627422941,0.02296508267750711,0.028,Bas-Bas,Macanal,Boyacá
15442,2002,2.723282199280618,0.042467111910089526,0.062,Non significatif,Maripí,Boyacá
15455,2002,3.1875389573149375,-0.027269762817288812,0.344,Non significatif,Miraflores,Boyacá
15464,2002,0.7691621320587092,1.5764753906713986,0.002,Bas-Bas,Mongua,Boyacá
15466,2002,0.0,2.268280499726278,0.002,Bas-Bas,Monguí,Boyacá
15469,2002,0.20997741046701857,0.8572221031279018,0.086,Non significatif,Moniquirá,Boyacá
15476,2002,0.77737745106967,1.8003751520927267,0.001,Bas-Bas,Motavita,Boyacá
15480,2002,2.4983656906207092,0.05408447842962254,0.234,Non significatif,Muzo,Boyacá
15491,2002,0.0,2.522464263293877,0.001,Bas-Bas,Nobsa,Boyacá
15494,2002,0.0,2.1970690043903502,0.002,Bas-Bas,Nuevo Colón,Boyacá
15500,2002,0.0,2.3844042786258526,0.002,Bas-Bas,Oicatá,Boyacá
15507,2002,3.2810434020168584,-0.022619742866267143,0.397,Non significatif,Otanche,Boyacá
15511,2002,0.0,1.8482039779528894,0.004,Bas-Bas,Pachavita,Boyacá
15514,2002,5.297738348694887,0.7860279391987779,0.12,Non significatif,Páez,Boyacá
15516,2002,0.3834913052444232,2.112217360136826,0.001,Bas-Bas,Paipa,Boyacá
15518,2002,4.719912591772319,0.991334370855837,0.026,Haut-Haut,Pajarito,Boyacá
15522,2002,3.40538150753416,0.13150283375306418,0.191,Non significatif,Panqueba,Boyacá
15531,2002,1.6257244654772733,0.2568643200418667,0.177,Non significatif,Pauna,Boyacá
15533,2002,2.022016137065934,-0.13704214054855873,0.274,Non significatif,Paya,Boyacá
15537,2002,1.6655830313006834,0.31038832479278455,0.129,Non significatif,Paz de Río,Boyacá
15542,2002,0.4227119502412836,1.744877580296205,0.002,Bas-Bas,Pesca,Boyacá
15550,2002,3.701998815286976,-0.02516054455852326,0.431,Non significatif,Pisba,Boyacá
15572,2002,2.275506966031373,0.02577798118575595,0.405,Non significatif,Puerto Boyacá,Boyacá
15580,2002,1.4261335608486356,-0.07314583894383439,0.454,Non significatif,Quípama,Boyacá
15599,2002,1.053707881631809,1.2815588865038168,0.002,Bas-Bas,Ramiriquí,Boyacá
15600,2002,0.0,2.3428655657532915,0.002,Bas-Bas,Ráquira,Boyacá
15621,2002,0.0,1.89486049971509,0.003,Bas-Bas,Rondón,Boyacá
15632,2002,0.7152586328141568,1.4516414746720545,0.002,Bas-Bas,Saboyá,Boyacá
15638,2002,0.0,2.408054689958311,0.001,Bas-Bas,Sáchica,Boyacá
15646,2002,0.586821587527335,1.984293564820764,0.001,Bas-Bas,Samacá,Boyacá
15660,2002,2.3731816319184538,-0.18831258318096242,0.068,Non significatif,San Eduardo,Boyacá
15664,2002,1.0000758990460736,0.5164651085449028,0.118,Non significatif,San José de Pare,Boyacá
15667,2002,3.376483800311893,-0.039669360928618135,0.354,Non significatif,San Luis de Gaceno,Boyacá
15673,2002,4.597077638942127,0.2256510946338773,0.334,Non significatif,San Mateo,Boyacá
15676,2002,0.0,1.9739130649488004,0.002,Bas-Bas,San Miguel de Sema,Boyacá
15681,2002,2.4389353092572885,0.06652499688147592,0.227,Non significatif,San Pablo de Borbur,Boyacá
15686,2002,1.6124362056169157,0.6205458849942144,0.016,Bas-Bas,Santana,Boyacá
15690,2002,2.3146199274203667,0.051424710477173945,0.313,Non significatif,Santa María,Boyacá
15693,2002,0.0,2.503445444811401,0.001,Bas-Bas,Santa Rosa de Viterbo,Boyacá
15696,2002,0.0,1.7616675059239586,0.004,Bas-Bas,Santa Sofía,Boyacá
15720,2002,2.2165012393797316,0.11218073742337797,0.206,Non significatif,Sativanorte,Boyacá
15723,2002,2.3749257544723426,0.10716398366774431,0.154,Non significatif,Sativasur,Boyacá
15740,2002,0.0,2.522464263293877,0.001,Bas-Bas,Siachoque,Boyacá
15753,2002,1.0922469180724257,0.39193046079379995,0.16,Non significatif,Soatá,Boyacá
15755,2002,2.394458856075348,0.06024186265816439,0.263,Non significatif,Socotá,Boyacá
15757,2002,2.250999805375634,0.21152250421314464,0.061,Non significatif,Socha,Boyacá
15759,2002,0.6620760844354565,1.6220335897717504,0.002,Bas-Bas,Sogamoso,Boyacá
15761,2002,2.394993586648828,0.21708079258881838,0.022,Bas-Bas,Somondoco,Boyacá
15762,2002,0.0,2.340637958874975,0.002,Bas-Bas,Sora,Boyacá
15763,2002,0.34670254193083677,1.7220415193611542,0.002,Bas-Bas,Sotaquirá,Boyacá
15764,2002,0.0,2.174831773779825,0.002,Bas-Bas,Soracá,Boyacá
15774,2002,2.3279745054845535,0.07609599565228088,0.245,Non significatif,Susacón,Boyacá
15776,2002,0.0,2.103199492164121,0.002,Bas-Bas,Sutamarchán,Boyacá
15778,2002,0.0,1.476286185143205,0.009,Bas-Bas,Sutatenza,Boyacá
15790,2002,1.4570220321612282,0.8402288444738721,0.004,Bas-Bas,Tasco,Boyacá
15798,2002,0.25348968526585364,1.874558588681012,0.002,Bas-Bas,Tenza,Boyacá
15804,2002,0.0,1.8501175838217738,0.004,Bas-Bas,Tibaná,Boyacá
15806,2002,0.0,2.114973075124749,0.002,Bas-Bas,Tibasosa,Boyacá
15808,2002,0.0,2.458365089755251,0.001,Bas-Bas,Tinjacá,Boyacá
15810,2002,0.0,-0.2524843703692714,0.393,Non significatif,Tipacoque,Boyacá
15814,2002,0.0,2.44739184475511,0.001,Bas-Bas,Toca,Boyacá
15816,2002,2.5782732207964107,0.14748153610934642,0.006,Bas-Bas,Togüí,Boyacá
15820,2002,0.0,2.4205952146496106,0.001,Bas-Bas,Tópaga,Boyacá
15822,2002,0.36628621414715734,1.440876058037595,0.005,Bas-Bas,Tota,Boyacá
15832,2002,0.0,0.5612023518614665,0.186,Non significatif,Tununguá,Boyacá
15835,2002,0.0,2.0878136854431624,0.002,Bas-Bas,Turmequé,Boyacá
15837,2002,0.0,2.460890895610684,0.001,Bas-Bas,Tuta,Boyacá
15839,2002,2.061840554885647,0.3346185271544728,0.031,Bas-Bas,Tutazá,Boyacá
15842,2002,0.0,2.1093427745835136,0.001,Bas-Bas,Úmbita,Boyacá
15861,2002,0.12122432491950545,2.024149700930269,0.001,Bas-Bas,Ventaquemada,Boyacá
15879,2002,0.0,2.2185980935307024,0.001,Bas-Bas,Viracachá,Boyacá
15897,2002,2.4801547012575282,0.09884738628484674,0.119,Non significatif,Zetaquira,Boyacá
17001,2002,1.1815049590933195,0.32778681857947306,0.187,Non significatif,Manizales,Caldas
17013,2002,3.90331920060502,0.27529542473533886,0.163,Non significatif,Aguadas,Caldas
17042,2002,2.7812730132115897,-0.009202388412728793,0.289,Non significatif,Anserma,Caldas
17050,2002,2.72560062736852,-0.007177750956033147,0.428,Non significatif,Aranzazu,Caldas
17088,2002,2.0498209355759047,0.22318471147125657,0.109,Non significatif,Belalcázar,Caldas
17174,2002,1.6825009408453249,0.3981260997031344,0.066,Non significatif,Chinchiná,Caldas
17272,2002,2.817667090349324,-0.003765224564127455,0.276,Non significatif,Filadelfia,Caldas
17380,2002,2.1667613207530536,-0.2359167844208045,0.092,Non significatif,La Dorada,Caldas
17388,2002,3.8949729050906154,0.1140781745093558,0.356,Non significatif,La Merced,Caldas
17433,2002,4.286389417736922,1.0114265778460358,0.005,Haut-Haut,Manzanares,Caldas
17442,2002,2.5339527376155275,-0.06313518385112314,0.229,Non significatif,Marmato,Caldas
17444,2002,5.635601018864385,1.2412789967034785,0.043,Haut-Haut,Marquetalia,Caldas
17446,2002,5.673214033540574,1.3275830988914261,0.038,Haut-Haut,Marulanda,Caldas
17486,2002,3.1166090483676196,-0.010683790365838634,0.42,Non significatif,Neira,Caldas
17495,2002,2.990984257234395,0.11345687887560914,0.004,Haut-Haut,Norcasia,Caldas
17513,2002,3.7639766723996475,0.2066289109457101,0.21,Non significatif,Pácora,Caldas
17524,2002,2.6688926560796458,0.04868103648129107,0.108,Non significatif,Palestina,Caldas
17541,2002,6.656042854243474,3.4394088390766138,0.001,Haut-Haut,Pensilvania,Caldas
17614,2002,3.9486824500785027,0.07883299146071487,0.408,Non significatif,Riosucio,Caldas
17616,2002,2.8176280973143975,0.002468941004278886,0.311,Non significatif,Risaralda,Caldas
17653,2002,4.1903629784208585,0.39424900855729333,0.142,Non significatif,Salamina,Caldas
17662,2002,7.420366941564814,3.574995110333875,0.004,Haut-Haut,Samaná,Caldas
17665,2002,3.0790607960209737,-0.050078392354244154,0.178,Non significatif,San José,Caldas
17777,2002,2.628013405156445,-0.05174194078004784,0.181,Non significatif,Supía,Caldas
17867,2002,3.837544485496347,0.41240463025387436,0.057,Non significatif,Victoria,Caldas
17873,2002,0.8496863256742276,0.2996160996114779,0.251,Non significatif,Villamaría,Caldas
17877,2002,1.9095851017530299,-0.07361049203994906,0.399,Non significatif,Viterbo,Caldas
18001,2002,3.770775179423054,0.4008634078614786,0.05,Non significatif,Florencia,Caquetá
18029,2002,5.901703230679844,3.2622582013875157,0.001,Haut-Haut,Albania,Caquetá
18094,2002,5.665407744564039,1.6065812682846314,0.016,Haut-Haut,Belén de los Andaquíes,Caquetá
18150,2002,4.710181191059122,1.419493066617475,0.004,Haut-Haut,Cartagena del Chairá,Caquetá
18205,2002,6.959629911647258,4.299500510240065,0.001,Haut-Haut,Curillo,Caquetá
18247,2002,5.452174150908971,1.2909348349715264,0.03,Haut-Haut,El Doncello,Caquetá
18256,2002,5.471670469368595,1.9394674770971227,0.005,Haut-Haut,El Paujíl,Caquetá
18410,2002,5.939050130756845,2.9391845800366396,0.001,Haut-Haut,La Montañita,Caquetá
18460,2002,5.752346697890548,2.9905476162381794,0.001,Haut-Haut,Milán,Caquetá
18479,2002,5.612067125538398,2.4214241820975904,0.001,Haut-Haut,Morelia,Caquetá
18592,2002,5.079743881769956,1.0072287497757804,0.042,Haut-Haut,Puerto Rico,Caquetá
18610,2002,5.924442146249613,2.303408815484238,0.004,Haut-Haut,San José del Fragua,Caquetá
18753,2002,5.286774498024552,1.681762523197307,0.006,Haut-Haut,San Vicente del Caguán,Caquetá
18756,2002,5.154613598793387,0.9010621226435511,0.072,Non significatif,Solano,Caquetá
18785,2002,6.520556320896484,3.902605412210358,0.001,Haut-Haut,Solita,Caquetá
18860,2002,7.088123120118302,4.392996944270002,0.001,Haut-Haut,Valparaíso,Caquetá
19001,2002,1.2316170463283054,0.056451884507052484,0.428,Non significatif,Popayán,Cauca
19022,2002,3.3256890713200535,0.08249391833547781,0.262,Non significatif,Almaguer,Cauca
19050,2002,3.641431263434909,0.29625944164126344,0.084,Non significatif,Argelia,Cauca
19075,2002,2.649363860415683,-0.01385734267018611,0.408,Non significatif,Balboa,Cauca
19100,2002,3.9020356445642457,0.06594180345744828,0.426,Non significatif,Bolívar,Cauca
19110,2002,3.9630748393167763,-0.15037780089118036,0.273,Non significatif,Buenos Aires,Cauca
19130,2002,3.6413067800289642,-0.13839485060404472,0.22,Non significatif,Cajibío,Cauca
19137,2002,2.1017198294312553,-0.03436911663519654,0.452,Non significatif,Caldono,Cauca
19142,2002,4.663253244120541,-0.7301074082565346,0.044,Atypique,Caloto,Cauca
19212,2002,3.424024469502348,0.07364388025320195,0.326,Non significatif,Corinto,Cauca
19256,2002,4.823372151848584,0.3216565040680236,0.271,Non significatif,El Tambo,Cauca
19290,2002,3.1837796694794323,0.06342810562063517,0.243,Non significatif,Florencia,Cauca
19300,2002,0.0,0.5525387394761292,0.19,Non significatif,Guachené,Cauca
19318,2002,4.189945710930353,0.7169602149201055,0.021,Haut-Haut,Guapi,Cauca
19355,2002,2.0034710293200093,0.1866270549284383,0.159,Non significatif,Inzá,Cauca
19364,2002,3.4602138860640657,0.014142293362600668,0.488,Non significatif,Jambaló,Cauca
19392,2002,4.5523944729023995,0.02826249455519835,0.498,Non significatif,La Sierra,Cauca
19397,2002,4.074124642956689,0.13855150726952983,0.345,Non significatif,La Vega,Cauca
19418,2002,5.213149475328793,0.8019927188718953,0.1,Non significatif,López de Micay,Cauca
19450,2002,3.79231480237548,0.1252049541410171,0.317,Non significatif,Mercaderes,Cauca
19455,2002,2.8699460024069725,-0.0046128278452932875,0.233,Non significatif,Miranda,Cauca
19473,2002,2.352971954170129,-0.023654815690222642,0.446,Non significatif,Morales,Cauca
19513,2002,1.3715848916928586,0.5764336025241349,0.045,Bas-Bas,Padilla,Cauca
19517,2002,2.180362983686433,-0.005905444765422131,0.48,Non significatif,Páez,Cauca
19532,2002,3.5765144790841643,0.05108889440863946,0.414,Non significatif,Patía,Cauca
19533,2002,5.415539491270644,2.1814832257316055,0.001,Haut-Haut,Piamonte,Cauca
19548,2002,2.0907503129146154,0.14724545029494934,0.187,Non significatif,Piendamó - Tunía,Cauca
19573,2002,1.2772851604574167,0.9138063485943361,0.005,Bas-Bas,Puerto Tejada,Cauca
19585,2002,3.3843021825433808,-0.11038381293725194,0.181,Non significatif,Puracé,Cauca
19622,2002,3.501007790504786,0.05430929771614252,0.396,Non significatif,Rosas,Cauca
19693,2002,4.052303726074089,0.038119857352229176,0.466,Non significatif,San Sebastián,Cauca
19698,2002,2.9979755021407146,-0.030679372856039052,0.193,Non significatif,Santander de Quilichao,Cauca
19701,2002,5.073952507492375,0.3744350247152012,0.258,Non significatif,Santa Rosa,Cauca
19743,2002,1.735051527651645,0.20465441885198196,0.205,Non significatif,Silvia,Cauca
19760,2002,2.6622398726626355,-0.031426160401023966,0.252,Non significatif,Sotará - Paispamba,Cauca
19780,2002,3.1822651055746483,0.01799939960732686,0.442,Non significatif,Suárez,Cauca
19785,2002,0.5685677624080309,-0.7425632590871805,0.109,Non significatif,Sucre,Cauca
19807,2002,3.6614491724363516,0.07108585153251867,0.388,Non significatif,Timbío,Cauca
19809,2002,5.288523293188134,1.140780990541785,0.038,Haut-Haut,Timbiquí,Cauca
19821,2002,3.0704057555209445,0.0030758602736451627,0.499,Non significatif,Toribío,Cauca
19824,2002,1.5863801685213936,0.29469970816289565,0.152,Non significatif,Totoró,Cauca
19845,2002,0.3559560482669826,0.5778756142606912,0.153,Non significatif,Villa Rica,Cauca
20001,2002,4.30100892347261,0.76321230940022,0.023,Haut-Haut,Valledupar,Cesar
20011,2002,3.291246898262121,0.025831657324055214,0.431,Non significatif,Aguachica,Cesar
20013,2002,5.332184084180077,1.5643259647837195,0.007,Haut-Haut,Agustín Codazzi,Cesar
20032,2002,4.489965417493815,0.17545242986975376,0.356,Non significatif,Astrea,Cesar
20045,2002,5.780865153415265,1.6773951623506467,0.014,Haut-Haut,Becerril,Cesar
20060,2002,4.1425395440541655,0.5515135123337338,0.057,Non significatif,Bosconia,Cesar
20175,2002,4.09373057042174,0.6847671417827603,0.018,Haut-Haut,Chimichagua,Cesar
20178,2002,5.32028156451696,1.2270554918008463,0.028,Haut-Haut,Chiriguaná,Cesar
20228,2002,5.217320019488008,1.7636763905825106,0.003,Haut-Haut,Curumaní,Cesar
20238,2002,5.316795914899294,1.1021362568312445,0.045,Haut-Haut,El Copey,Cesar
20250,2002,3.185358979254546,0.18639632286522057,0.019,Haut-Haut,El Paso,Cesar
20295,2002,3.2069070308436474,0.14255177495651028,0.073,Non significatif,Gamarra,Cesar
20310,2002,3.350536787517381,0.11416334973986066,0.2,Non significatif,González,Cesar
20383,2002,4.632999673323818,0.8306584251061375,0.038,Haut-Haut,La Gloria,Cesar
20400,2002,5.132121517215949,1.5232584043046107,0.005,Haut-Haut,La Jagua de Ibirico,Cesar
20443,2002,3.9171012665957106,0.5071748463284337,0.035,Haut-Haut,Manaure Balcón del Cesar,Cesar
20517,2002,5.869233410184074,1.8453270997027205,0.007,Haut-Haut,Pailitas,Cesar
20550,2002,5.091442219316782,1.0556823155533248,0.036,Haut-Haut,Pelaya,Cesar
20570,2002,4.997077784665536,1.3028109940265793,0.007,Haut-Haut,Pueblo Bello,Cesar
20614,2002,2.570348729034901,-0.027679560533592735,0.357,Non significatif,Río de Oro,Cesar
20621,2002,4.358518391781464,0.745022463302814,0.03,Haut-Haut,La Paz,Cesar
20710,2002,3.4051505624541125,0.09674148190454863,0.255,Non significatif,San Alberto,Cesar
20750,2002,4.673361681932937,0.8634846755518516,0.035,Haut-Haut,San Diego,Cesar
20770,2002,3.1057113015140816,0.020710889752428147,0.396,Non significatif,San Martín,Cesar
20787,2002,3.3498563186162955,0.29469108434657904,0.01,Haut-Haut,Tamalameque,Cesar
23001,2002,1.911470538372066,0.18748346035271957,0.184,Non significatif,Montería,Córdoba
23068,2002,2.4316015797445427,-0.05284161105942726,0.316,Non significatif,Ayapel,Córdoba
23079,2002,2.0914111991259245,0.09558098785664747,0.284,Non significatif,Buenavista,Córdoba
23090,2002,3.210653868737711,-0.010239331660238203,0.448,Non significatif,Canalete,Córdoba
23162,2002,0.8404072855918554,1.0295270567950394,0.01,Bas-Bas,Cereté,Córdoba
23168,2002,1.5631727158220234,0.5008705445936122,0.041,Bas-Bas,Chimá,Córdoba
23182,2002,1.2584305949860088,0.24016099739478286,0.251,Non significatif,Chinú,Córdoba
23189,2002,1.060427072178138,0.9183017506303158,0.01,Bas-Bas,Ciénaga de Oro,Córdoba
23300,2002,1.0734790132596153,0.9367008951324618,0.008,Bas-Bas,Cotorra,Córdoba
23350,2002,0.8066174564651056,0.15738215793142246,0.362,Non significatif,La Apartada,Córdoba
23417,2002,1.3058537645609125,0.6455369622835233,0.029,Bas-Bas,Lorica,Córdoba
23419,2002,2.4378264572193706,-0.017024978101132217,0.453,Non significatif,Los Córdobas,Córdoba
23464,2002,2.2702130823230737,0.219673637748333,0.048,Bas-Bas,Momil,Córdoba
23466,2002,4.63577787592892,0.35069796661219815,0.229,Non significatif,Montelíbano,Córdoba
23500,2002,2.2572894710381104,0.22389968850613945,0.048,Bas-Bas,Moñitos,Córdoba
23555,2002,2.2082236492777843,0.13288990395396894,0.174,Non significatif,Planeta Rica,Córdoba
23570,2002,2.080610441156544,0.21127504415954457,0.112,Non significatif,Pueblo Nuevo,Córdoba
23574,2002,2.2526340229071375,0.13560734493660315,0.151,Non significatif,Puerto Escondido,Córdoba
23580,2002,4.942505529403694,1.1034973290272665,0.02,Haut-Haut,Puerto Libertador,Córdoba
23586,2002,0.7126719585621198,0.7561969035380661,0.065,Non significatif,Purísima de la Concepción,Córdoba
23660,2002,1.2475605959153016,0.44909753813365794,0.112,Non significatif,Sahagún,Córdoba
23670,2002,2.870585559036158,-0.012709555371034244,0.028,Atypique,San Andrés de Sotavento,Córdoba
23672,2002,0.48121182505960347,0.6384602935550856,0.12,Non significatif,San Antero,Córdoba
23675,2002,2.1294006959313228,0.38629740288987663,0.008,Bas-Bas,San Bernardo del Viento,Córdoba
23678,2002,1.2279530669389782,0.7905186238006328,0.014,Bas-Bas,San Carlos,Córdoba
23682,2002,2.9552044414085676,0.03441637316634721,0.125,Non significatif,San José de Uré,Córdoba
23686,2002,1.3029963189839722,0.6890657862445837,0.022,Bas-Bas,San Pelayo,Córdoba
23807,2002,5.130759286744729,1.2116349128306843,0.02,Haut-Haut,Tierralta,Córdoba
23815,2002,1.0051208287234348,0.15889731131956822,0.349,Non significatif,Tuchín,Córdoba
23855,2002,5.4886096633001875,0.8029080790163211,0.123,Non significatif,Valencia,Córdoba
25001,2002,2.4938252735837665,0.2225889676957919,0.005,Bas-Bas,Agua de Dios,Cundinamarca
25019,2002,4.440987480180895,0.16587825366433234,0.356,Non significatif,Albán,Cundinamarca
25035,2002,1.5571709239039988,-0.022285625435712438,0.486,Non significatif,Anapoima,Cundinamarca
25040,2002,2.028588746990614,0.08449569907614281,0.324,Non significatif,Anolaima,Cundinamarca
25053,2002,3.7401275746989824,0.04169093233363443,0.444,Non significatif,Arbeláez,Cundinamarca
25086,2002,4.028588072998209,0.5070909771289975,0.052,Non significatif,Beltrán,Cundinamarca
25095,2002,3.2816735780048285,0.11889303404223657,0.152,Non significatif,Bituima,Cundinamarca
25099,2002,0.6653932068688048,1.7552293859477697,0.001,Bas-Bas,Bojacá,Cundinamarca
25120,2002,4.363446631494322,0.8062438947224594,0.02,Haut-Haut,Cabrera,Cundinamarca
25123,2002,0.40533694254218716,1.0269920651040025,0.028,Bas-Bas,Cachipay,Cundinamarca
25126,2002,0.0,2.465535421477836,0.001,Bas-Bas,Cajicá,Cundinamarca
25148,2002,4.704611616924589,1.398341878053213,0.003,Haut-Haut,Caparrapí,Cundinamarca
25151,2002,1.2669866216383456,0.35041388230671716,0.156,Non significatif,Cáqueza,Cundinamarca
25154,2002,0.3315044797201982,1.700029247660864,0.003,Bas-Bas,Carmen de Carupa,Cundinamarca
25168,2002,5.449404860226183,0.6244311685813191,0.184,Non significatif,Chaguaní,Cundinamarca
25175,2002,0.09407525312060018,2.419155608065943,0.001,Bas-Bas,Chía,Cundinamarca
25178,2002,1.5723375726045334,0.48910294223116396,0.044,Bas-Bas,Chipaque,Cundinamarca
25181,2002,0.5844008313600917,0.9500768892629798,0.029,Bas-Bas,Choachí,Cundinamarca
25183,2002,0.6654857596643511,1.3055163105371237,0.007,Bas-Bas,Chocontá,Cundinamarca
25200,2002,0.0,2.498447238061152,0.001,Bas-Bas,Cogua,Cundinamarca
25214,2002,0.023897156620744476,2.4670134571275804,0.001,Bas-Bas,Cota,Cundinamarca
25224,2002,0.0,2.362951260548931,0.001,Bas-Bas,Cucunubá,Cundinamarca
25245,2002,2.1381910589860262,0.412669690289718,0.007,Bas-Bas,El Colegio,Cundinamarca
25258,2002,6.5901464082327434,3.249920374713227,0.001,Haut-Haut,El Peñón,Cundinamarca
25260,2002,0.0,2.209320415692905,0.001,Bas-Bas,El Rosal,Cundinamarca
25269,2002,0.12369575284271378,1.3136781608336552,0.018,Bas-Bas,Facatativá,Cundinamarca
25279,2002,2.134294563769098,0.002280679771654508,0.492,Non significatif,Fómeque,Cundinamarca
25281,2002,2.197369123338156,0.12368732796411243,0.197,Non significatif,Fosca,Cundinamarca
25286,2002,0.10030226980567504,2.309315473035757,0.001,Bas-Bas,Funza,Cundinamarca
25288,2002,0.49634204626326,1.670470045803013,0.002,Bas-Bas,Fúquene,Cundinamarca
25290,2002,0.7724589165512055,-0.7023089116034912,0.109,Non significatif,Fusagasugá,Cundinamarca
25293,2002,2.3280599522356367,-0.17235317524745514,0.111,Non significatif,Gachalá,Cundinamarca
25295,2002,0.0,2.2498176445778424,0.001,Bas-Bas,Gachancipá,Cundinamarca
25297,2002,2.565695113165531,0.09545483538626204,0.064,Non significatif,Gachetá,Cundinamarca
25299,2002,2.9726858884556044,-0.005040765324249301,0.444,Non significatif,Gama,Cundinamarca
25307,2002,0.5849776979395083,1.0400017528371188,0.021,Bas-Bas,Girardot,Cundinamarca
25312,2002,0.8091597071485532,0.7808672715359407,0.043,Bas-Bas,Granada,Cundinamarca
25317,2002,0.42444882544025697,1.825248400368458,0.001,Bas-Bas,Guachetá,Cundinamarca
25320,2002,2.842557886530948,0.0006247068042620382,0.113,Non significatif,Guaduas,Cundinamarca
25322,2002,0.6376979885404707,1.4461516790185676,0.004,Bas-Bas,Guasca,Cundinamarca
25324,2002,3.060451517891887,-0.07485395888027115,0.07,Non significatif,Guataquí,Cundinamarca
25326,2002,0.0,1.6809043040910059,0.005,Bas-Bas,Guatavita,Cundinamarca
25328,2002,4.411026720445782,0.16571425538490236,0.358,Non significatif,Guayabal de Síquima,Cundinamarca
25335,2002,3.492013789919432,0.019821072490592728,0.456,Non significatif,Guayabetal,Cundinamarca
25339,2002,4.027921518955098,-0.2514516781649055,0.175,Non significatif,Gutiérrez,Cundinamarca
25368,2002,3.4298752751661334,0.126241247977941,0.225,Non significatif,Jerusalén,Cundinamarca
25372,2002,3.05775206010901,-0.04838436497397437,0.156,Non significatif,Junín,Cundinamarca
25377,2002,0.4190458526779242,1.623066026721652,0.002,Bas-Bas,La Calera,Cundinamarca
25386,2002,1.178661358120209,0.6080397686148804,0.05,Non significatif,La Mesa,Cundinamarca
25394,2002,7.501669922376788,3.773691362567909,0.003,Haut-Haut,La Palma,Cundinamarca
25398,2002,5.033934578070348,1.7211020360725242,0.003,Haut-Haut,La Peña,Cundinamarca
25402,2002,0.8142271323208806,0.305254169687784,0.252,Non significatif,La Vega,Cundinamarca
25407,2002,0.0827076935870461,1.863298848544097,0.002,Bas-Bas,Lenguazaque,Cundinamarca
25426,2002,0.8771499558403961,0.7516558052398572,0.045,Bas-Bas,Machetá,Cundinamarca
25430,2002,0.0,2.3583034716219213,0.001,Bas-Bas,Madrid,Cundinamarca
25436,2002,1.8842378143065008,0.3127256847184399,0.073,Non significatif,Manta,Cundinamarca
25438,2002,5.4154965734544875,0.41159937201786945,0.282,Non significatif,Medina,Cundinamarca
25473,2002,0.03495262074748182,2.163387705281669,0.001,Bas-Bas,Mosquera,Cundinamarca
25483,2002,0.9362395855576178,0.7372115738128623,0.044,Bas-Bas,Nariño,Cundinamarca
25486,2002,0.0,2.498447238061152,0.001,Bas-Bas,Nemocón,Cundinamarca
25488,2002,0.3616675021171694,0.690421707405155,0.102,Non significatif,Nilo,Cundinamarca
25489,2002,4.13897810154402,0.526429767288777,0.06,Non significatif,Nimaima,Cundinamarca
25491,2002,2.0120528362669567,-0.14270574120521298,0.266,Non significatif,Nocaima,Cundinamarca
25506,2002,3.6826672631986614,0.21914363207136106,0.162,Non significatif,Venecia,Cundinamarca
25513,2002,2.7576107596477,-0.02358478983116257,0.14,Non significatif,Pacho,Cundinamarca
25518,2002,3.7352837576898277,0.2461560777890897,0.144,Non significatif,Paime,Cundinamarca
25524,2002,3.601512373397341,0.21551084231095302,0.14,Non significatif,Pandi,Cundinamarca
25530,2002,3.182819582787814,0.0043495247742082535,0.484,Non significatif,Paratebueno,Cundinamarca
25535,2002,3.286481032073906,-0.1572897912415003,0.058,Non significatif,Pasca,Cundinamarca
25572,2002,0.8492726037290084,-0.48405716373023067,0.184,Non significatif,Puerto Salgar,Cundinamarca
25580,2002,5.79605274913893,0.9731402054484538,0.11,Non significatif,Pulí,Cundinamarca
25592,2002,5.118758638525811,0.5737534647733336,0.171,Non significatif,Quebradanegra,Cundinamarca
25594,2002,2.383694686886184,0.008529998691199955,0.476,Non significatif,Quetame,Cundinamarca
25596,2002,3.9978573376300455,-0.10946075259516706,0.346,Non significatif,Quipile,Cundinamarca
25599,2002,2.6899096565689815,0.005149671513065091,0.453,Non significatif,Apulo,Cundinamarca
25612,2002,0.0,1.6062789054715594,0.007,Bas-Bas,Ricaurte,Cundinamarca
25645,2002,1.0089510451433512,1.1729014337357075,0.004,Bas-Bas,San Antonio del Tequendama,Cundinamarca
25649,2002,2.6342714225450456,-0.011354271686548886,0.433,Non significatif,San Bernardo,Cundinamarca
25653,2002,2.7896142012714407,0.01099085717490091,0.162,Non significatif,San Cayetano,Cundinamarca
25658,2002,1.639530330743636,0.7274949102894884,0.004,Bas-Bas,San Francisco,Cundinamarca
25662,2002,4.879560376464389,0.7920083983718602,0.071,Non significatif,San Juan de Rioseco,Cundinamarca
25718,2002,3.384713301553833,0.006101620331847789,0.489,Non significatif,Sasaima,Cundinamarca
25736,2002,1.3999642264722585,1.2193748025749689,0.001,Bas-Bas,Sesquilé,Cundinamarca
25740,2002,1.3307284496862344,0.8236765767677323,0.007,Bas-Bas,Sibaté,Cundinamarca
25743,2002,3.481824093164862,-0.18745368812101457,0.095,Non significatif,Silvania,Cundinamarca
25745,2002,0.8400870579317655,1.2317657749507664,0.004,Bas-Bas,Simijaca,Cundinamarca
25754,2002,0.09546136474252928,1.2936836867182562,0.016,Bas-Bas,Soacha,Cundinamarca
25758,2002,0.09124205042054777,2.292410581165559,0.001,Bas-Bas,Sopó,Cundinamarca
25769,2002,0.0,2.1750628680385287,0.001,Bas-Bas,Subachoque,Cundinamarca
25772,2002,0.0,2.1556463255903604,0.001,Bas-Bas,Suesca,Cundinamarca
25777,2002,0.3165904944978935,0.7590795731854624,0.092,Non significatif,Supatá,Cundinamarca
25779,2002,1.3913857736288766,1.0048323042173057,0.001,Bas-Bas,Susa,Cundinamarca
25781,2002,0.0,2.4369540158615455,0.001,Bas-Bas,Sutatausa,Cundinamarca
25785,2002,0.0,2.50575677070376,0.001,Bas-Bas,Tabio,Cundinamarca
25793,2002,0.0,2.463590027458279,0.001,Bas-Bas,Tausa,Cundinamarca
25797,2002,0.25300307964007357,1.4247530416240957,0.007,Bas-Bas,Tena,Cundinamarca
25799,2002,0.0,2.4836993121492124,0.001,Bas-Bas,Tenjo,Cundinamarca
25805,2002,4.649949104292379,-0.14152279445856467,0.374,Non significatif,Tibacuy,Cundinamarca
25807,2002,1.2701197842149092,1.151644966732198,0.001,Bas-Bas,Tibirita,Cundinamarca
25815,2002,2.055261374433134,0.10643364882580804,0.279,Non significatif,Tocaima,Cundinamarca
25817,2002,0.13523320245606232,2.3869462406333444,0.001,Bas-Bas,Tocancipá,Cundinamarca
25823,2002,6.482222123461327,2.3809466145875153,0.004,Haut-Haut,Topaipí,Cundinamarca
25839,2002,2.7245928934548442,0.01321548010350419,0.311,Non significatif,Ubalá,Cundinamarca
25841,2002,2.0753899305920127,0.3084961998525491,0.037,Bas-Bas,Ubaque,Cundinamarca
25843,2002,0.14997998769535173,2.0159640512767787,0.001,Bas-Bas,Villa de San Diego de Ubaté,Cundinamarca
25845,2002,2.412863491679114,0.1352295714759735,0.083,Non significatif,Une,Cundinamarca
25851,2002,4.342374300744808,0.9015097384596524,0.007,Haut-Haut,Útica,Cundinamarca
25862,2002,4.181658634316027,0.32599953225585737,0.179,Non significatif,Vergara,Cundinamarca
25867,2002,2.7552139760380645,-0.04412155974837008,0.017,Atypique,Vianí,Cundinamarca
25871,2002,4.8676687987026,1.0330334980170408,0.019,Haut-Haut,Villagómez,Cundinamarca
25873,2002,2.326172428948189,0.3919366658888342,0.001,Bas-Bas,Villapinzón,Cundinamarca
25875,2002,2.704387010362577,-0.04399777284137472,0.109,Non significatif,Villeta,Cundinamarca
25878,2002,4.4764024351312734,0.032085874766440425,0.474,Non significatif,Viotá,Cundinamarca
25885,2002,4.391377095048731,-0.019213868485504694,0.48,Non significatif,Yacopí,Cundinamarca
25898,2002,0.0,1.9051335783155277,0.003,Bas-Bas,Zipacón,Cundinamarca
25899,2002,0.0,2.498447238061152,0.001,Bas-Bas,Zipaquirá,Cundinamarca
27001,2002,4.689605658789411,1.2998725763882832,0.004,Haut-Haut,Quibdó,Chocó
27006,2002,4.390636938802536,0.490077226450784,0.114,Non significatif,Acandí,Chocó
27025,2002,4.312714148226201,0.6996963375373265,0.031,Haut-Haut,Alto Baudó,Chocó
27050,2002,4.284089187312487,0.28118492643950094,0.233,Non significatif,Atrato,Chocó
27073,2002,5.634654771208748,1.6086405379317974,0.011,Haut-Haut,Bagadó,Chocó
27075,2002,5.606281697901825,2.059091325532398,0.003,Haut-Haut,Bahía Solano,Chocó
27077,2002,2.1483898771665944,-0.09189976749894445,0.327,Non significatif,Bajo Baudó,Chocó
27099,2002,8.009260678300596,4.215476727564921,0.002,Haut-Haut,Bojayá,Chocó
27135,2002,3.460143692464196,0.027206250543847475,0.451,Non significatif,El Cantón del San Pablo,Chocó
27150,2002,5.753450181966727,2.878537788663218,0.001,Haut-Haut,Carmen del Darién,Chocó
27160,2002,1.4536906490303856,-0.7203683510069337,0.017,Atypique,Cértegui,Chocó
27205,2002,5.182609545494548,1.1748139131255362,0.019,Haut-Haut,Condoto,Chocó
27245,2002,4.9461080829712625,0.48314478862851257,0.194,Non significatif,El Carmen de Atrato,Chocó
27250,2002,2.5707023696586475,0.0024046323319939205,0.477,Non significatif,El Litoral del San Juan,Chocó
27361,2002,3.204821889572695,0.015670824334136055,0.455,Non significatif,Istmina,Chocó
27372,2002,4.1436162243178405,1.2575282533320344,0.001,Haut-Haut,Juradó,Chocó
27413,2002,6.109447850646566,1.6993405412825877,0.017,Haut-Haut,Lloró,Chocó
27425,2002,3.8127716772531737,0.7809228578961233,0.002,Haut-Haut,Medio Atrato,Chocó
27430,2002,2.872090493213824,-0.006268118000661855,0.19,Non significatif,Medio Baudó,Chocó
27450,2002,2.200177766284443,-0.18928849952803026,0.129,Non significatif,Medio San Juan,Chocó
27491,2002,4.589417049600389,0.5885418183746233,0.103,Non significatif,Nóvita,Chocó
27495,2002,3.076289159712748,0.12291704992813315,0.017,Haut-Haut,Nuquí,Chocó
27580,2002,5.91724389629258,0.7988826209301464,0.161,Non significatif,Río Iró,Chocó
27600,2002,6.29588562490464,-0.14962782561227836,0.417,Non significatif,Río Quito,Chocó
27615,2002,5.096415419547914,1.07757036070779,0.026,Haut-Haut,Riosucio,Chocó
27660,2002,5.520302096942992,0.36718280348998167,0.322,Non significatif,San José del Palmar,Chocó
27745,2002,3.0815239061396165,0.010329471599094557,0.459,Non significatif,Sipí,Chocó
27787,2002,6.2000325498611595,1.8731770974913073,0.014,Haut-Haut,Tadó,Chocó
27800,2002,4.601257795898122,0.5819449071678663,0.107,Non significatif,Unguía,Chocó
27810,2002,0.0,-1.082362161114566,0.071,Non significatif,Unión Panamericana,Chocó
41001,2002,1.6220659697774988,-0.0015786170968845694,0.485,Non significatif,Neiva,Huila
41006,2002,3.653915246108728,0.05980873573737314,0.407,Non significatif,Acevedo,Huila
41013,2002,0.7845780022715562,0.6462701376790461,0.088,Non significatif,Agrado,Huila
41016,2002,3.0568878635740115,0.03941519223382368,0.251,Non significatif,Aipe,Huila
41020,2002,4.855090073894563,-0.4401942696903887,0.168,Non significatif,Algeciras,Huila
41026,2002,1.6259870989969687,0.400847524136638,0.076,Non significatif,Altamira,Huila
41078,2002,4.53804761505859,0.21315291344231332,0.328,Non significatif,Baraya,Huila
41132,2002,2.0620539556771065,0.09068848967160967,0.3,Non significatif,Campoalegre,Huila
41206,2002,5.859291972639106,2.356589116718645,0.003,Haut-Haut,Colombia,Huila
41244,2002,0.22341277560417572,0.24868197188217242,0.33,Non significatif,Elías,Huila
41298,2002,1.8487527784639042,0.30346268140099913,0.093,Non significatif,Garzón,Huila
41306,2002,3.387151702232289,-0.17083485213775915,0.09,Non significatif,Gigante,Huila
41319,2002,1.8386690516965865,0.1764637901905186,0.22,Non significatif,Guadalupe,Huila
41349,2002,3.0232873532545814,-0.011506444913276584,0.376,Non significatif,Hobo,Huila
41357,2002,3.1807824855009685,-0.031160239159556385,0.334,Non significatif,Íquira,Huila
41359,2002,3.5181345748051247,-0.015486968592390678,0.45,Non significatif,Isnos,Huila
41378,2002,2.702991810380459,0.018165693009355124,0.282,Non significatif,La Argentina,Huila
41396,2002,2.432891987317666,0.04821953214912863,0.301,Non significatif,La Plata,Huila
41483,2002,3.705407520133761,-0.15728529058588794,0.213,Non significatif,Nátaga,Huila
41503,2002,3.1458907745439277,-0.06326285700311395,0.182,Non significatif,Oporapa,Huila
41518,2002,1.2415017789493474,0.23471189195911993,0.262,Non significatif,Paicol,Huila
41524,2002,2.2263192199804958,0.17393622014139526,0.11,Non significatif,Palermo,Huila
41530,2002,2.208335234295634,-0.13511332544319574,0.214,Non significatif,Palestina,Huila
41548,2002,1.6734300176202017,0.389121363985836,0.072,Non significatif,Pital,Huila
41551,2002,2.380295919632946,0.06321033919070147,0.273,Non significatif,Pitalito,Huila
41615,2002,1.6494482147428504,-0.050812394767647,0.446,Non significatif,Rivera,Huila
41660,2002,2.772374905572403,-0.00590898150027635,0.381,Non significatif,Saladoblanco,Huila
41668,2002,2.8361005942914344,-0.0005426797012079835,0.337,Non significatif,San Agustín,Huila
41676,2002,3.754993658448454,-0.05118348716598791,0.39,Non significatif,Santa María,Huila
41770,2002,2.7222595841626593,0.03299954115819332,0.111,Non significatif,Suaza,Huila
41791,2002,2.786066539125373,0.017513627084678705,0.082,Non significatif,Tarqui,Huila
41797,2002,2.305112485694882,0.0703904483678447,0.281,Non significatif,Tesalia,Huila
41799,2002,4.120049347727319,-0.013240612810212824,0.476,Non significatif,Tello,Huila
41801,2002,2.3862823175402625,0.021296091118732347,0.409,Non significatif,Teruel,Huila
41807,2002,2.4033043382952948,0.10116139309950176,0.154,Non significatif,Timaná,Huila
41872,2002,3.1713119871806548,0.1461725261166002,0.037,Haut-Haut,Villavieja,Huila
41885,2002,0.5861287642483848,0.17559547852396837,0.355,Non significatif,Yaguará,Huila
44001,2002,4.148177658280748,-0.14999455628611025,0.305,Non significatif,Riohacha,La Guajira
44035,2002,2.6964320143485923,0.019152069343273674,0.277,Non significatif,Albania,La Guajira
44078,2002,2.0861056757456433,-0.01071700569606442,0.491,Non significatif,Barrancas,La Guajira
44090,2002,4.541624422930388,0.8087877702898469,0.026,Haut-Haut,Dibulla,La Guajira
44098,2002,2.246634298274662,-0.14419976963416536,0.182,Non significatif,Distracción,La Guajira
44110,2002,4.764307623545081,0.860037345990898,0.036,Haut-Haut,El Molino,La Guajira
44279,2002,2.841360007266424,0.00014406036552214567,0.216,Non significatif,Fonseca,La Guajira
44378,2002,2.497870304755088,0.003955881543368937,0.477,Non significatif,Hatonuevo,La Guajira
44420,2002,3.8305707869386714,0.47176055426078356,0.024,Haut-Haut,La Jagua del Pilar,La Guajira
44430,2002,2.9547969783490156,-0.017000118784977942,0.26,Non significatif,Maicao,La Guajira
44560,2002,0.39235882362122554,-0.02756529997813159,0.492,Non significatif,Manaure,La Guajira
44650,2002,5.896435814086736,0.8473028754588037,0.14,Non significatif,San Juan del Cesar,La Guajira
44847,2002,0.3026118801111233,0.5673897149702759,0.161,Non significatif,Uribia,La Guajira
44855,2002,4.445620007266314,0.8574756694406236,0.016,Haut-Haut,Urumita,La Guajira
44874,2002,4.34044266912167,0.8111450704945168,0.016,Haut-Haut,Villanueva,La Guajira
47001,2002,4.6449908682467775,0.7846938608041304,0.039,Haut-Haut,Santa Marta,Magdalena
47030,2002,4.016565638614226,0.7387382345280946,0.007,Haut-Haut,Algarrobo,Magdalena
47053,2002,4.87246339149498,1.0255788513789827,0.018,Haut-Haut,Aracataca,Magdalena
47058,2002,3.767661148198884,0.3011483410254552,0.103,Non significatif,Ariguaní,Magdalena
47161,2002,4.924202097991813,0.1577226835410159,0.391,Non significatif,Cerro de San Antonio,Magdalena
47170,2002,4.503615310127586,0.9839720642612338,0.008,Haut-Haut,Chivolo,Magdalena
47189,2002,4.537992341330934,0.6637838558765831,0.061,Non significatif,Ciénaga,Magdalena
47205,2002,5.205333899647139,0.6822639418339117,0.138,Non significatif,Concordia,Magdalena
47245,2002,3.1873883113607264,0.002792853371649391,0.499,Non significatif,El Banco,Magdalena
47258,2002,4.0029132369209455,0.43927099016117876,0.069,Non significatif,El Piñón,Magdalena
47268,2002,3.7337284827209802,0.4847538428194723,0.017,Haut-Haut,El Retén,Magdalena
47288,2002,4.703102878939915,1.0829579249834598,0.011,Haut-Haut,Fundación,Magdalena
47318,2002,3.2720884524468468,-0.14576795077411858,0.07,Non significatif,Guamal,Magdalena
47460,2002,2.675464289693011,-0.047197637703501126,0.141,Non significatif,Nueva Granada,Magdalena
47541,2002,5.021534494491736,0.7972110707228918,0.076,Non significatif,Pedraza,Magdalena
47545,2002,3.3986581014685284,0.028210027714034563,0.431,Non significatif,Pijiño del Carmen,Magdalena
47551,2002,5.396518261120671,1.3488298451767815,0.018,Haut-Haut,Pivijay,Magdalena
47555,2002,4.294624614032117,0.5591638442420982,0.062,Non significatif,Plato,Magdalena
47570,2002,2.90228243556654,0.034873213947766345,0.013,Haut-Haut,Puebloviejo,Magdalena
47605,2002,5.74344012698354,-1.2014589694194722,0.038,Atypique,Remolino,Magdalena
47660,2002,4.692835609875487,1.0187699969050534,0.015,Haut-Haut,Sabanas de San Ángel,Magdalena
47675,2002,4.660785947263369,-0.8900939981941765,0.013,Atypique,Salamina,Magdalena
47692,2002,1.954996793301482,0.17024965488070878,0.201,Non significatif,San Sebastián de Buenavista,Magdalena
47703,2002,0.4449429016544498,0.43333722067545455,0.216,Non significatif,San Zenón,Magdalena
47707,2002,2.6194178079778445,0.05387862586487542,0.138,Non significatif,Santa Ana,Magdalena
47720,2002,1.8340018070259232,-0.21620295478264773,0.212,Non significatif,Santa Bárbara de Pinto,Magdalena
47745,2002,4.934794925425555,-1.505343343892538,0.001,Atypique,Sitionuevo,Magdalena
47798,2002,5.194704265391411,1.6016262350575816,0.005,Haut-Haut,Tenerife,Magdalena
47960,2002,4.5717380742922575,1.1521894481823969,0.005,Haut-Haut,Zapayán,Magdalena
47980,2002,4.305054713243191,0.6945810479472864,0.025,Haut-Haut,Zona Bananera,Magdalena
50001,2002,1.3566913156381557,0.07406489694040531,0.404,Non significatif,Villavicencio,Meta
50006,2002,2.724687278814503,-0.003726689545354516,0.453,Non significatif,Acacías,Meta
50110,2002,1.0040816904837337,0.14618120920981914,0.36,Non significatif,Barranca de Upía,Meta
50124,2002,2.1485766197414433,0.0703407169295731,0.326,Non significatif,Cabuyaro,Meta
50150,2002,2.1566227937868025,-0.014018906826253473,0.474,Non significatif,Castilla la Nueva,Meta
50223,2002,3.9344203057916465,0.5770738788969415,0.017,Haut-Haut,Cubarral,Meta
50226,2002,3.402445622493884,0.011812142972730224,0.474,Non significatif,Cumaral,Meta
50245,2002,4.814059536489756,0.059776941748817314,0.456,Non significatif,El Calvario,Meta
50251,2002,5.974810567916244,1.437164385517907,0.029,Haut-Haut,El Castillo,Meta
50270,2002,5.081047595651586,0.833118682368623,0.073,Non significatif,El Dorado,Meta
50287,2002,3.329350648799678,0.2937711217529579,0.008,Haut-Haut,Fuente de Oro,Meta
50313,2002,2.683468456967651,-0.09847917229068971,0.008,Atypique,Granada,Meta
50318,2002,2.630909269555591,-0.06631227110991589,0.112,Non significatif,Guamal,Meta
50325,2002,7.2794455106929155,1.9075785870581152,0.037,Haut-Haut,Mapiripán,Meta
50330,2002,5.5601243581256865,1.6389208798198256,0.009,Haut-Haut,Mesetas,Meta
50350,2002,4.486444828103107,1.3507896150189136,0.002,Haut-Haut,La Macarena,Meta
50370,2002,5.345742343435944,1.5843057896425112,0.009,Haut-Haut,Uribe,Meta
50400,2002,4.927630737900176,0.7960858907762942,0.068,Non significatif,Lejanías,Meta
50450,2002,5.269169867916093,1.660441562790166,0.005,Haut-Haut,Puerto Concordia,Meta
50568,2002,2.487769325122245,-0.11944852612429298,0.102,Non significatif,Puerto Gaitán,Meta
50573,2002,2.751927486636617,0.019226578593926836,0.167,Non significatif,Puerto López,Meta
50577,2002,5.167938300028218,1.1018880758218477,0.027,Haut-Haut,Puerto Lleras,Meta
50590,2002,4.813665686900843,1.0220063418293568,0.018,Haut-Haut,Puerto Rico,Meta
50606,2002,2.4360227208863354,-0.1567501930487073,0.067,Non significatif,Restrepo,Meta
50680,2002,2.6852084004368564,0.021267114377393898,0.277,Non significatif,San Carlos de Guaroa,Meta
50683,2002,4.9112158602996425,1.0906862300109665,0.017,Haut-Haut,San Juan de Arama,Meta
50686,2002,5.410815313161442,0.08268300459910603,0.455,Non significatif,San Juanito,Meta
50689,2002,2.6632541688398335,-0.020937631548888024,0.328,Non significatif,San Martín,Meta
50711,2002,6.058884955424166,1.9273179536617253,0.009,Haut-Haut,Vistahermosa,Meta
52001,2002,3.5491297483285527,0.031965928886363584,0.443,Non significatif,Pasto,Nariño
52019,2002,4.672573285617047,0.003997517920487352,0.49,Non significatif,Albán,Nariño
52022,2002,0.7440779682208377,1.211962691239765,0.007,Bas-Bas,Aldana,Nariño
52036,2002,1.1988726934789116,1.0290955806092024,0.004,Bas-Bas,Ancuya,Nariño
52051,2002,2.0724087187020412,0.07316508965842278,0.337,Non significatif,Arboleda,Nariño
52079,2002,3.816826921870543,-0.13800121876735855,0.277,Non significatif,Barbacoas,Nariño
52083,2002,3.6023385042834195,-0.061829090399194944,0.36,Non significatif,Belén,Nariño
52110,2002,2.511959710629188,-0.006862759519133141,0.476,Non significatif,Buesaco,Nariño
52203,2002,3.0852755786096884,0.024713974379669695,0.36,Non significatif,Colón,Nariño
52207,2002,0.9421847293234992,1.0525945554491167,0.008,Bas-Bas,Consacá,Nariño
52210,2002,1.2783392769217665,1.295910490763921,0.001,Bas-Bas,Contadero,Nariño
52215,2002,0.6587518097609547,0.37935167278175197,0.227,Non significatif,Córdoba,Nariño
52224,2002,3.9847878436330157,-0.8931918304416329,0.001,Atypique,Cuaspud Carlosama,Nariño
52227,2002,2.001640297798463,0.19407578836804115,0.154,Non significatif,Cumbal,Nariño
52233,2002,3.9363368585188927,0.20180699170668231,0.24,Non significatif,Cumbitara,Nariño
52240,2002,0.4999180786860437,0.5904000905292782,0.134,Non significatif,Chachagüí,Nariño
52250,2002,5.727453952039263,0.9503107324846438,0.105,Non significatif,El Charco,Nariño
52254,2002,2.6961572338606072,0.031290839894530145,0.166,Non significatif,El Peñol,Nariño
52256,2002,4.44449450175785,0.47705856353566556,0.131,Non significatif,El Rosario,Nariño
52258,2002,4.281051825079181,-0.05979096094068717,0.414,Non significatif,El Tablón de Gómez,Nariño
52260,2002,2.204737982386657,0.18582551579024525,0.102,Non significatif,El Tambo,Nariño
52287,2002,3.9607440099388307,-0.24901232621277433,0.163,Non significatif,Funes,Nariño
52317,2002,0.584509218806887,1.2816962124129048,0.007,Bas-Bas,Guachucal,Nariño
52320,2002,0.7936733446148493,1.4382817462743702,0.001,Bas-Bas,Guaitarilla,Nariño
52323,2002,0.0,1.9970897361301352,0.001,Bas-Bas,Gualmatán,Nariño
52352,2002,0.8202637717040191,1.6180126154397108,0.001,Bas-Bas,Iles,Nariño
52354,2002,0.0,1.9022895268545181,0.003,Bas-Bas,Imués,Nariño
52356,2002,1.5787711357247072,0.2919778350383092,0.152,Non significatif,Ipiales,Nariño
52378,2002,3.8935009860725787,0.07197172627766286,0.412,Non significatif,La Cruz,Nariño
52381,2002,3.3954202341793964,-0.27100787706619206,0.016,Atypique,La Florida,Nariño
52385,2002,1.5109524851571097,-0.055054401208180705,0.448,Non significatif,La Llanada,Nariño
52390,2002,4.255461777245949,0.18988064620526743,0.312,Non significatif,La Tola,Nariño
52399,2002,2.353453908349268,0.03140297936620787,0.377,Non significatif,La Unión,Nariño
52405,2002,3.7831351642078537,0.28766399297357803,0.121,Non significatif,Leiva,Nariño
52411,2002,1.8130558548219038,0.19852990476016455,0.201,Non significatif,Linares,Nariño
52418,2002,3.8751020585406297,0.21486958302896036,0.219,Non significatif,Los Andes,Nariño
52427,2002,2.789264414957736,-0.021216889355044906,0.049,Atypique,Magüí,Nariño
52435,2002,2.531186823463536,0.15768582885158233,0.013,Bas-Bas,Mallama,Nariño
52473,2002,1.3224825164106975,-0.2608412613658071,0.271,Non significatif,Mosquera,Nariño
52480,2002,1.124781633142458,0.5946429288254084,0.064,Non significatif,Nariño,Nariño
52490,2002,4.018338467663664,0.0038488176685790333,0.491,Non significatif,Olaya Herrera,Nariño
52506,2002,0.0,2.0088043494939,0.001,Bas-Bas,Ospina,Nariño
52520,2002,1.4921558857236699,-0.16971582433778884,0.329,Non significatif,Francisco Pizarro,Nariño
52540,2002,4.622616399915886,0.39832231217063024,0.202,Non significatif,Policarpa,Nariño
52560,2002,2.201086838975357,0.172869185785129,0.119,Non significatif,Potosí,Nariño
52565,2002,0.5157228025953663,1.1708514668420167,0.013,Bas-Bas,Providencia,Nariño
52573,2002,2.403431966138927,0.016887612408878892,0.42,Non significatif,Puerres,Nariño
52585,2002,0.11555711251101412,1.2968043008274603,0.022,Bas-Bas,Pupiales,Nariño
52612,2002,2.658894940552036,0.03453903578973415,0.206,Non significatif,Ricaurte,Nariño
52621,2002,3.395920386955535,0.039485527232168915,0.406,Non significatif,Roberto Payán,Nariño
52678,2002,3.0112941438508583,-0.04543208855575324,0.125,Non significatif,Samaniego,Nariño
52683,2002,1.6179286862266875,0.4379503512230055,0.058,Non significatif,Sandoná,Nariño
52685,2002,2.3530311859288005,-0.09084204983078688,0.248,Non significatif,San Bernardo,Nariño
52687,2002,1.3715723459483573,0.4152922561189656,0.114,Non significatif,San Lorenzo,Nariño
52693,2002,4.326689045623818,0.177880809120809,0.331,Non significatif,San Pablo,Nariño
52694,2002,1.9293693163300316,-0.04845654907719718,0.437,Non significatif,San Pedro de Cartago,Nariño
52696,2002,3.7895492557792676,0.40205077186820326,0.038,Haut-Haut,Santa Bárbara,Nariño
52699,2002,2.2297532993443667,0.2535411616429537,0.034,Bas-Bas,Santacruz,Nariño
52720,2002,0.27229460300455843,1.999337138042091,0.001,Bas-Bas,Sapuyes,Nariño
52786,2002,2.8265724028256347,0.004471731627020241,0.085,Non significatif,Taminango,Nariño
52788,2002,5.486579294406676,-0.8521688803305524,0.081,Non significatif,Tangua,Nariño
52835,2002,3.2241383310738474,-0.001204348516993684,0.476,Non significatif,San Andrés de Tumaco,Nariño
52838,2002,0.3079116209205782,1.9985878979084075,0.001,Bas-Bas,Túquerres,Nariño
52885,2002,0.5997553999708464,0.9780224191649998,0.033,Bas-Bas,Yacuanquer,Nariño
54001,2002,1.954814949683582,0.05600176385928734,0.372,Non significatif,San José de Cúcuta,Norte de Santander
54003,2002,2.942993532448841,0.017235953917752053,0.275,Non significatif,Ábrego,Norte de Santander
54051,2002,4.249652365768146,0.12424243447589231,0.385,Non significatif,Arboledas,Norte de Santander
54099,2002,0.951561878541639,0.8506526027122006,0.027,Bas-Bas,Bochalema,Norte de Santander
54109,2002,3.2092621685787384,0.08324127279643637,0.202,Non significatif,Bucarasica,Norte de Santander
54125,2002,2.0947125472611012,0.397129162206016,0.012,Bas-Bas,Cácota,Norte de Santander
54128,2002,3.97782473178644,0.5287832611947364,0.025,Haut-Haut,Cáchira,Norte de Santander
54172,2002,1.248589536167159,0.8387341115963273,0.012,Bas-Bas,Chinácota,Norte de Santander
54174,2002,1.7883149873238993,0.0784646729695135,0.35,Non significatif,Chitagá,Norte de Santander
54206,2002,7.159890084855103,4.215066565909535,0.001,Haut-Haut,Convención,Norte de Santander
54223,2002,2.7950965632682094,0.017924112096630553,0.045,Bas-Bas,Cucutilla,Norte de Santander
54239,2002,2.535058912692999,0.17427483219553536,0.007,Bas-Bas,Durania,Norte de Santander
54245,2002,5.657498093466747,2.9404243907040146,0.001,Haut-Haut,El Carmen,Norte de Santander
54250,2002,6.127061031348929,3.272361050385629,0.001,Haut-Haut,El Tarra,Norte de Santander
54261,2002,2.8822976730272876,-0.0054854708613187395,0.275,Non significatif,El Zulia,Norte de Santander
54313,2002,2.7728249931612634,0.0025863504727253453,0.412,Non significatif,Gramalote,Norte de Santander
54344,2002,5.004625892084573,0.7980161268868174,0.076,Non significatif,Hacarí,Norte de Santander
54347,2002,1.608085204894437,0.6533028396757552,0.012,Bas-Bas,Herrán,Norte de Santander
54377,2002,2.2891061708505633,0.18153972270528085,0.075,Non significatif,Labateca,Norte de Santander
54385,2002,3.2996149158943013,0.13381190602186543,0.129,Non significatif,La Esperanza,Norte de Santander
54398,2002,3.5299306047672716,0.2364927015335896,0.096,Non significatif,La Playa,Norte de Santander
54405,2002,0.7248281113553405,0.6951121859720135,0.075,Non significatif,Los Patios,Norte de Santander
54418,2002,5.211610719446036,-0.22049853969536326,0.324,Non significatif,Lourdes,Norte de Santander
54480,2002,1.5095852173117883,0.41608168208970725,0.09,Non significatif,Mutiscua,Norte de Santander
54498,2002,2.8867645209661124,0.004271158064970236,0.379,Non significatif,Ocaña,Norte de Santander
54518,2002,1.032958337348724,0.6043683018549779,0.073,Non significatif,Pamplona,Norte de Santander
54520,2002,0.16720237086918122,1.097633218051175,0.036,Bas-Bas,Pamplonita,Norte de Santander
54553,2002,3.324690605844571,-0.0720542233125744,0.259,Non significatif,Puerto Santander,Norte de Santander
54599,2002,2.3251522007757126,0.27326310154850736,0.013,Bas-Bas,Ragonvalia,Norte de Santander
54660,2002,4.1652499304479855,0.08898684181114778,0.414,Non significatif,Salazar,Norte de Santander
54670,2002,5.506332928001503,1.1158728503749111,0.043,Haut-Haut,San Calixto,Norte de Santander
54673,2002,1.6481601516731201,0.4823954614629354,0.04,Bas-Bas,San Cayetano,Norte de Santander
54680,2002,0.5087008572310631,-0.31048264799190467,0.315,Non significatif,Santiago,Norte de Santander
54720,2002,4.828268866004661,0.504429677519823,0.175,Non significatif,Sardinata,Norte de Santander
54743,2002,0.6890008162010883,0.333904099184344,0.258,Non significatif,Silos,Norte de Santander
54800,2002,6.652393209638954,3.825842666293014,0.001,Haut-Haut,Teorama,Norte de Santander
54810,2002,5.8066809116514095,3.0127593169756777,0.001,Haut-Haut,Tibú,Norte de Santander
54820,2002,2.4145976623438226,0.1459219963120077,0.071,Non significatif,Toledo,Norte de Santander
54871,2002,2.0597261872502792,-0.20011095692283373,0.167,Non significatif,Villa Caro,Norte de Santander
54874,2002,1.1915235699825155,0.5899070293281977,0.062,Non significatif,Villa del Rosario,Norte de Santander
63001,2002,0.31246362918176784,1.0776581976516357,0.033,Bas-Bas,Armenia,Quindio
63111,2002,1.360565522372275,0.049362650757941974,0.432,Non significatif,Buenavista,Quindio
63130,2002,1.8310367096535307,0.4637488341965718,0.026,Bas-Bas,Calarcá,Quindio
63190,2002,0.5011094244818055,1.0175462248754672,0.032,Bas-Bas,Circasia,Quindio
63212,2002,3.9560502930027837,-0.1951298869259933,0.233,Non significatif,Córdoba,Quindio
63272,2002,1.6949473944109033,0.6580315921230426,0.008,Bas-Bas,Filandia,Quindio
63302,2002,4.5766326413025675,0.2384162559466802,0.3,Non significatif,Génova,Quindio
63401,2002,0.7261575922616581,0.8245271847168814,0.043,Bas-Bas,La Tebaida,Quindio
63470,2002,0.37099503962010244,1.2802281422063502,0.013,Bas-Bas,Montenegro,Quindio
63548,2002,4.193436399931255,0.04094755884393139,0.454,Non significatif,Pijao,Quindio
63594,2002,0.35805355726898447,1.4669994145897234,0.008,Bas-Bas,Quimbaya,Quindio
63690,2002,3.050065415241592,-0.08247520538634882,0.043,Atypique,Salento,Quindio
66001,2002,0.5904120076019109,1.0934952596492498,0.017,Bas-Bas,Pereira,Risaralda
66045,2002,2.977655723082096,0.017836911340290362,0.309,Non significatif,Apía,Risaralda
66075,2002,1.6891080224886434,0.05577208217331112,0.394,Non significatif,Balboa,Risaralda
66088,2002,3.1569704770541818,0.012321286930055962,0.44,Non significatif,Belén de Umbría,Risaralda
66170,2002,0.2591529608030971,1.4779054845866466,0.009,Bas-Bas,Dosquebradas,Risaralda
66318,2002,3.17073099598519,0.08074704942551521,0.178,Non significatif,Guática,Risaralda
66383,2002,3.5965315727840217,-0.03204350386671839,0.407,Non significatif,La Celia,Risaralda
66400,2002,0.9736323559892465,0.5330073810372746,0.112,Non significatif,La Virginia,Risaralda
66440,2002,0.9094057621941621,0.7931856807048138,0.037,Bas-Bas,Marsella,Risaralda
66456,2002,3.7718361597911727,0.16290968825717805,0.252,Non significatif,Mistrató,Risaralda
66572,2002,4.933843786104426,0.7696850872379408,0.073,Non significatif,Pueblo Rico,Risaralda
66594,2002,4.45745896424264,0.11554366428802815,0.393,Non significatif,Quinchía,Risaralda
66682,2002,0.16895577373092022,1.5244523130341612,0.01,Bas-Bas,Santa Rosa de Cabal,Risaralda
66687,2002,4.5436884403861235,-0.1730425665969415,0.325,Non significatif,Santuario,Risaralda
68001,2002,0.8892877761539585,0.4102355221813815,0.182,Non significatif,Bucaramanga,Santander
68013,2002,0.0,0.2667060689059755,0.33,Non significatif,Aguada,Santander
68020,2002,2.917864943862998,-0.02961814278377915,0.05,Non significatif,Albania,Santander
68051,2002,0.33695476908839894,1.5541749383333798,0.005,Bas-Bas,Aratoca,Santander
68077,2002,1.396429329738041,0.6797867104307247,0.025,Bas-Bas,Barbosa,Santander
68079,2002,0.996017220421209,0.9409205846023119,0.016,Bas-Bas,Barichara,Santander
68081,2002,3.241545112397503,0.14991185622536266,0.071,Non significatif,Barrancabermeja,Santander
68092,2002,3.6429378751025356,-0.11466904217484136,0.276,Non significatif,Betulia,Santander
68101,2002,3.8778546118746573,0.21317177869257084,0.215,Non significatif,Bolívar,Santander
68121,2002,2.171097161724313,0.21414418930574863,0.087,Non significatif,Cabrera,Santander
68132,2002,3.833610101642992,0.13471884934264808,0.302,Non significatif,California,Santander
68147,2002,3.937897562689421,-0.0726772261539316,0.379,Non significatif,Capitanejo,Santander
68152,2002,3.4715132695626036,0.14113259072186174,0.195,Non significatif,Carcasí,Santander
68160,2002,2.959682964764833,-0.04744722944887965,0.045,Atypique,Cepitá,Santander
68162,2002,3.2040426333229437,-0.016371894985080668,0.412,Non significatif,Cerrito,Santander
68167,2002,2.0638003247750145,0.20013708087003101,0.141,Non significatif,Charalá,Santander
68169,2002,3.3936141689663883,-0.00023634565194199453,0.491,Non significatif,Charta,Santander
68176,2002,5.058458813641051,-0.9968719427241043,0.03,Atypique,Chima,Santander
68179,2002,2.002892058048144,0.3177374325757237,0.053,Non significatif,Chipatá,Santander
68190,2002,2.921087135827424,0.02226421938238386,0.136,Non significatif,Cimitarra,Santander
68207,2002,3.008223902542141,0.012952268636871468,0.389,Non significatif,Concepción,Santander
68209,2002,3.0618710243135867,-0.14695978510248264,0.004,Atypique,Confines,Santander
68211,2002,2.7568256039265773,0.006365092591450075,0.363,Non significatif,Contratación,Santander
68217,2002,3.6864057712183587,-0.2391042149425431,0.125,Non significatif,Coromoro,Santander
68229,2002,0.8466415223821097,1.2055762323739334,0.004,Bas-Bas,Curití,Santander
68235,2002,2.8821147284526782,0.018388525137725653,0.043,Haut-Haut,El Carmen de Chucuri,Santander
68245,2002,2.5781137709730393,0.0669678978840895,0.143,Non significatif,El Guacamayo,Santander
68250,2002,4.233463355136502,0.027461374034179715,0.474,Non significatif,El Peñón,Santander
68255,2002,4.759719776061106,0.7930094783129975,0.058,Non significatif,El Playón,Santander
68264,2002,1.8233222114101073,0.4625209127693475,0.03,Bas-Bas,Encino,Santander
68266,2002,3.2602664021679457,0.06086854919309438,0.291,Non significatif,Enciso,Santander
68271,2002,3.0426596567716557,-0.06757042629963067,0.077,Non significatif,Florián,Santander
68276,2002,0.10949208412075469,0.7857434039503425,0.115,Non significatif,Floridablanca,Santander
68296,2002,3.0714624807193767,-0.05531327968984471,0.154,Non significatif,Galán,Santander
68298,2002,2.7755105452725912,0.03084138146398618,0.026,Bas-Bas,Gámbita,Santander
68307,2002,1.2282201879816628,0.3316744362272579,0.189,Non significatif,Girón,Santander
68318,2002,2.743916822577182,0.005384014052537057,0.399,Non significatif,Guaca,Santander
68320,2002,0.941384423639603,0.5671117562588069,0.107,Non significatif,Guadalupe,Santander
68322,2002,0.737445151564234,0.5411603116022968,0.14,Non significatif,Guapotá,Santander
68324,2002,2.288919835388035,0.21474867195270955,0.046,Bas-Bas,Guavatá,Santander
68327,2002,1.1727377348890693,0.5460208043023692,0.082,Non significatif,Güepsa,Santander
68344,2002,5.608348840796699,-1.1107535561607076,0.042,Atypique,Hato,Santander
68368,2002,1.6925634251782793,0.25305528885895956,0.175,Non significatif,Jesús María,Santander
68370,2002,0.0,2.0522388250210097,0.001,Bas-Bas,Jordán,Santander
68377,2002,3.499565808725385,-0.008561049439991603,0.473,Non significatif,La Belleza,Santander
68385,2002,4.68330888454312,0.1782829909735054,0.363,Non significatif,Landázuri,Santander
68397,2002,3.469969283230217,-0.2284745501948491,0.06,Non significatif,La Paz,Santander
68406,2002,2.9392793178385297,-0.022091753398199198,0.175,Non significatif,Lebrija,Santander
68418,2002,0.0,1.6969649318965958,0.007,Bas-Bas,Los Santos,Santander
68425,2002,3.6788764280480097,0.2397978125251329,0.133,Non significatif,Macaravita,Santander
68432,2002,3.1068369843779258,0.01840061691085315,0.399,Non significatif,Málaga,Santander
68444,2002,4.75034835209253,0.07558599310348454,0.439,Non significatif,Matanza,Santander
68464,2002,3.393864507486192,-0.1484727294363171,0.131,Non significatif,Mogotes,Santander
68468,2002,3.808155466165511,0.05164749777182698,0.422,Non significatif,Molagavita,Santander
68498,2002,0.48496676091952573,0.7588376919014818,0.086,Non significatif,Ocamonte,Santander
68500,2002,1.026052357150035,0.5751770675619751,0.091,Non significatif,Oiba,Santander
68502,2002,3.2473694467609326,-0.12438075206833304,0.098,Non significatif,Onzaga,Santander
68522,2002,1.126455913698635,0.5430378175881263,0.092,Non significatif,Palmar,Santander
68524,2002,0.0,1.2294566344546056,0.031,Bas-Bas,Palmas del Socorro,Santander
68533,2002,1.9357711765042582,0.437267952494154,0.021,Bas-Bas,Páramo,Santander
68547,2002,0.5109300124377852,0.6374837798645571,0.13,Non significatif,Piedecuesta,Santander
68549,2002,0.9378251583868431,0.9247283012833077,0.019,Bas-Bas,Pinchote,Santander
68572,2002,1.71309440183653,0.6073429763077588,0.013,Bas-Bas,Puente Nacional,Santander
68573,2002,3.013743927350203,0.061867494634745585,0.082,Non significatif,Puerto Parra,Santander
68575,2002,3.796217478492864,0.40917961039403056,0.05,Non significatif,Puerto Wilches,Santander
68615,2002,3.6183388434914767,0.23184551014660465,0.125,Non significatif,Rionegro,Santander
68655,2002,3.99535114399545,0.30391490413932726,0.151,Non significatif,Sabana de Torres,Santander
68669,2002,2.835365483120617,-0.00026884007939633435,0.428,Non significatif,San Andrés,Santander
68673,2002,2.955255159014331,-0.060290385938175386,0.013,Atypique,San Benito,Santander
68679,2002,0.33388151517180176,1.203841013262976,0.023,Bas-Bas,San Gil,Santander
68682,2002,3.3514057721065114,-0.009459056586838866,0.459,Non significatif,San Joaquín,Santander
68684,2002,2.3970015044343347,-0.08431958129575061,0.236,Non significatif,San José de Miranda,Santander
68686,2002,3.610288784255752,0.12166020144916843,0.275,Non significatif,San Miguel,Santander
68689,2002,3.5281841451637193,0.15365815535383187,0.201,Non significatif,San Vicente de Chucurí,Santander
68705,2002,3.803105695730868,-0.2908413338168822,0.103,Non significatif,Santa Bárbara,Santander
68720,2002,4.410916592173807,0.07053409901556366,0.435,Non significatif,Santa Helena del Opón,Santander
68745,2002,4.679310019733417,0.6023491411183076,0.103,Non significatif,Simacota,Santander
68755,2002,0.4190237797412608,1.2160659801861042,0.014,Bas-Bas,Socorro,Santander
68770,2002,2.3288615928335514,0.21355772846843918,0.036,Bas-Bas,Suaita,Santander
68773,2002,3.793918858736879,0.12770613871862568,0.303,Non significatif,Sucre,Santander
68780,2002,5.166735378273211,0.43315647380051286,0.24,Non significatif,Suratá,Santander
68820,2002,3.170079759586525,-0.1558807920438697,0.025,Atypique,Tona,Santander
68855,2002,1.5703824849178263,0.8014656528934372,0.003,Bas-Bas,Valle de San José,Santander
68861,2002,1.0584034034081728,0.16368623305159777,0.343,Non significatif,Vélez,Santander
68867,2002,1.5531334782952146,0.1293892678204941,0.333,Non significatif,Vetas,Santander
68872,2002,0.4680954061677301,1.5874928407270292,0.002,Bas-Bas,Villanueva,Santander
68895,2002,3.3321774058651976,-0.25934214450876697,0.012,Atypique,Zapatoca,Santander
70001,2002,2.1109856692539752,-0.10635108803550664,0.29,Non significatif,Sincelejo,Sucre
70110,2002,4.839765241741563,0.8667196075417956,0.045,Haut-Haut,Buenavista,Sucre
70124,2002,4.555476550647479,0.16669568551220534,0.359,Non significatif,Caimito,Sucre
70204,2002,6.452653001866152,2.4229810582806546,0.004,Haut-Haut,Colosó,Sucre
70215,2002,1.7935514147250755,-0.06713395336331185,0.415,Non significatif,Corozal,Sucre
70221,2002,0.7591142585578837,0.552534325808028,0.134,Non significatif,Coveñas,Sucre
70230,2002,6.361989957866599,2.847352364882717,0.001,Haut-Haut,Chalán,Sucre
70233,2002,4.205956374317295,-0.1638019508118738,0.301,Non significatif,El Roble,Sucre
70235,2002,4.1753620721557185,0.41548451478713644,0.112,Non significatif,Galeras,Sucre
70265,2002,4.510340489393385,0.750413692278522,0.04,Haut-Haut,Guaranda,Sucre
70400,2002,1.5919980842449615,0.024823363913587655,0.45,Non significatif,La Unión,Sucre
70418,2002,4.60294216092908,1.0224604859926985,0.014,Haut-Haut,Los Palmitos,Sucre
70429,2002,3.632431243630061,0.5750061843241342,0.003,Haut-Haut,Majagual,Sucre
70473,2002,4.652500106929576,0.7935515784893216,0.045,Haut-Haut,Morroa,Sucre
70508,2002,5.868866658721562,2.561869999782519,0.001,Haut-Haut,Ovejas,Sucre
70523,2002,4.003700784444804,-0.5340907220282319,0.029,Atypique,Palmito,Sucre
70670,2002,1.3133845839562623,0.4931424927677913,0.09,Non significatif,Sampués,Sucre
70678,2002,6.09474316678709,1.1217622445795916,0.095,Non significatif,San Benito Abad,Sucre
70702,2002,2.4823213415388,-0.016437476823150755,0.434,Non significatif,San Juan de Betulia,Sucre
70708,2002,2.6178923401247056,-0.019039929804919656,0.379,Non significatif,San Marcos,Sucre
70713,2002,5.644691953617823,2.075581979847989,0.002,Haut-Haut,San Onofre,Sucre
70717,2002,4.027086888180674,0.5282946108795483,0.045,Haut-Haut,San Pedro,Sucre
70742,2002,2.5746299376538553,-0.05180540539854938,0.232,Non significatif,San Luis de Sincé,Sucre
70771,2002,5.188357738049609,1.3132587897839159,0.017,Haut-Haut,Sucre,Sucre
70820,2002,2.4897259054913814,-0.19601503752819846,0.017,Atypique,Santiago de Tolú,Sucre
70823,2002,5.559881329376688,1.3370134596990675,0.03,Haut-Haut,San José de Toluviejo,Sucre
73001,2002,1.525904514550842,-0.6358218308077801,0.032,Atypique,Ibagué,Tolima
73024,2002,4.241580173139026,0.9057752215881629,0.005,Haut-Haut,Alpujarra,Tolima
73026,2002,3.6325613725800867,0.08272238522837881,0.345,Non significatif,Alvarado,Tolima
73030,2002,3.134172876505905,0.1479449242283319,0.026,Haut-Haut,Ambalema,Tolima
73043,2002,4.656155898806973,0.5248929334616678,0.127,Non significatif,Anzoátegui,Tolima
73055,2002,3.664041493983813,0.15130307895227685,0.248,Non significatif,Armero,Tolima
73067,2002,5.979188033130774,1.3166285958211235,0.055,Non significatif,Ataco,Tolima
73124,2002,3.7075865444681946,0.1771536346724061,0.229,Non significatif,Cajamarca,Tolima
73148,2002,0.0,0.9457472330471219,0.083,Non significatif,Carmen de Apicalá,Tolima
73152,2002,4.099290219830812,0.585017972212591,0.035,Haut-Haut,Casabianca,Tolima
73168,2002,4.398674116630268,1.0323140367002535,0.005,Haut-Haut,Chaparral,Tolima
73200,2002,2.6165375858827624,0.13054335648795806,0.006,Bas-Bas,Coello,Tolima
73217,2002,4.792849135228112,0.9478492979245294,0.03,Haut-Haut,Coyaima,Tolima
73226,2002,6.207954970981937,-0.6320245991039309,0.225,Non significatif,Cunday,Tolima
73236,2002,5.658633800597658,2.1270646979293337,0.002,Haut-Haut,Dolores,Tolima
73268,2002,0.8338832067245576,1.0002759388305067,0.015,Bas-Bas,Espinal,Tolima
73270,2002,4.216326393400424,0.144174045411611,0.345,Non significatif,Falan,Tolima
73275,2002,0.7820753765953306,1.3086287828640983,0.003,Bas-Bas,Flandes,Tolima
73283,2002,3.5869052544940345,0.3131768764088404,0.053,Non significatif,Fresno,Tolima
73319,2002,2.3273813381016497,0.1634479006639894,0.101,Non significatif,Guamo,Tolima
73347,2002,3.8415400354471,0.4832495954565519,0.029,Haut-Haut,Herveo,Tolima
73349,2002,1.8510881276639095,-0.20399075699834363,0.224,Non significatif,Honda,Tolima
73352,2002,4.026837020718019,-0.1681790867493824,0.282,Non significatif,Icononzo,Tolima
73408,2002,3.7699195809124113,0.2919923284260974,0.112,Non significatif,Lérida,Tolima
73411,2002,4.423293103214297,0.6589120960417152,0.054,Non significatif,Líbano,Tolima
73443,2002,2.606589766788335,-0.0769396785540577,0.101,Non significatif,San Sebastián de Mariquita,Tolima
73449,2002,0.5495177134738939,0.889999016164036,0.056,Non significatif,Melgar,Tolima
73461,2002,4.921755778890946,1.0684335489835037,0.024,Haut-Haut,Murillo,Tolima
73483,2002,5.3176660137603236,1.5165503029625185,0.009,Haut-Haut,Natagaima,Tolima
73504,2002,3.7849502774890693,0.4291041366543175,0.04,Haut-Haut,Ortega,Tolima
73520,2002,4.170991583614627,0.3814324032560676,0.132,Non significatif,Palocabildo,Tolima
73547,2002,1.749588735663255,0.23005154652363366,0.193,Non significatif,Piedras,Tolima
73555,2002,4.92840194091965,0.597547953669969,0.132,Non significatif,Planadas,Tolima
73563,2002,6.131856084618491,1.8731176810723065,0.013,Haut-Haut,Prado,Tolima
73585,2002,3.923750707811669,0.2559371901020205,0.191,Non significatif,Purificación,Tolima
73616,2002,4.968723610763751,1.0632178663812573,0.028,Haut-Haut,Rioblanco,Tolima
73622,2002,4.556309248876901,0.9091690464755621,0.019,Haut-Haut,Roncesvalles,Tolima
73624,2002,4.441223363402217,0.3944761257711837,0.181,Non significatif,Rovira,Tolima
73671,2002,2.8111283488105747,-0.013202052452782711,0.042,Atypique,Saldaña,Tolima
73675,2002,5.512114301385965,1.261740309506535,0.033,Haut-Haut,San Antonio,Tolima
73678,2002,4.17815786053198,0.032426798838800466,0.463,Non significatif,San Luis,Tolima
73686,2002,4.95610571481154,1.0197975869561586,0.032,Haut-Haut,Santa Isabel,Tolima
73770,2002,0.5046246655104838,0.59178720586826,0.158,Non significatif,Suárez,Tolima
73854,2002,4.177467482483188,0.113856705418074,0.375,Non significatif,Valle de San Juan,Tolima
73861,2002,3.791402012704974,0.2844352488231176,0.12,Non significatif,Venadillo,Tolima
73870,2002,4.280254466555433,0.6528437260097024,0.039,Haut-Haut,Villahermosa,Tolima
73873,2002,6.120141894589031,0.91836963267465,0.133,Non significatif,Villarrica,Tolima
76001,2002,0.41254282529236486,1.3059573006566108,0.012,Bas-Bas,Cali,Valle del Cauca
76020,2002,0.9892427555439173,0.9816628413403092,0.013,Bas-Bas,Alcalá,Valle del Cauca
76036,2002,2.2513542590986075,-0.014381815586083573,0.461,Non significatif,Andalucía,Valle del Cauca
76041,2002,1.1745598567244022,0.6703162657731448,0.049,Bas-Bas,Ansermanuevo,Valle del Cauca
76054,2002,2.3664841321867165,0.17400838051557635,0.07,Non significatif,Argelia,Valle del Cauca
76100,2002,2.7402153100475037,0.010188001638408401,0.346,Non significatif,Bolívar,Valle del Cauca
76109,2002,3.117051713074902,-0.03832597517761795,0.291,Non significatif,Buenaventura,Valle del Cauca
76111,2002,1.794391477108974,0.2754757511643193,0.145,Non significatif,Guadalajara de Buga,Valle del Cauca
76113,2002,3.873402231124067,-0.16791636538714813,0.264,Non significatif,Bugalagrande,Valle del Cauca
76122,2002,2.963166562112979,-0.0001528667822997782,0.49,Non significatif,Caicedonia,Valle del Cauca
76126,2002,2.935687158227503,-0.014163063628137452,0.28,Non significatif,Calima,Valle del Cauca
76130,2002,0.25660753909422485,1.315832221180755,0.015,Bas-Bas,Candelaria,Valle del Cauca
76147,2002,0.3672678110995116,1.1671078246046769,0.025,Bas-Bas,Cartago,Valle del Cauca
76233,2002,4.627896012600474,-0.5643671495968411,0.1,Non significatif,Dagua,Valle del Cauca
76243,2002,2.405188388250018,0.06059785280141642,0.292,Non significatif,El Águila,Valle del Cauca
76246,2002,2.844220603328037,-0.0003553555034744655,0.347,Non significatif,El Cairo,Valle del Cauca
76248,2002,0.922717205753792,0.5156957333960519,0.142,Non significatif,El Cerrito,Valle del Cauca
76250,2002,2.7535049597308583,0.026769563198464217,0.107,Non significatif,El Dovio,Valle del Cauca
76275,2002,4.2473062932251615,-0.32011705404105517,0.181,Non significatif,Florida,Valle del Cauca
76306,2002,2.827945853912769,0.005030396388558374,0.05,Non significatif,Ginebra,Valle del Cauca
76318,2002,1.4579809209771915,0.484181718147025,0.083,Non significatif,Guacarí,Valle del Cauca
76364,2002,3.171171339648128,-0.1693258526627079,0.014,Atypique,Jamundí,Valle del Cauca
76377,2002,3.4698094556996977,-0.05387224391997305,0.364,Non significatif,La Cumbre,Valle del Cauca
76400,2002,0.7688609991882754,0.6908076948180609,0.092,Non significatif,La Unión,Valle del Cauca
76403,2002,2.9590411881860432,-0.07060554605249658,0.006,Atypique,La Victoria,Valle del Cauca
76497,2002,1.5560874307025416,0.7394951481157818,0.007,Bas-Bas,Obando,Valle del Cauca
76520,2002,1.181169530551798,0.6325640260596852,0.063,Non significatif,Palmira,Valle del Cauca
76563,2002,2.6410867939446043,0.05896164513158787,0.12,Non significatif,Pradera,Valle del Cauca
76606,2002,2.6537917989618007,0.04908219684198382,0.147,Non significatif,Restrepo,Valle del Cauca
76616,2002,2.6386107154337592,0.03050515525791482,0.282,Non significatif,Riofrío,Valle del Cauca
76622,2002,0.8089338373191239,0.4921510357190957,0.165,Non significatif,Roldanillo,Valle del Cauca
76670,2002,2.5181836638100465,0.08615971657917695,0.143,Non significatif,San Pedro,Valle del Cauca
76736,2002,3.3265451349956967,0.025382333133419317,0.426,Non significatif,Sevilla,Valle del Cauca
76823,2002,0.9400467496948834,0.6810350668888702,0.078,Non significatif,Toro,Valle del Cauca
76828,2002,3.2983573017463987,-0.05410492244329628,0.316,Non significatif,Trujillo,Valle del Cauca
76834,2002,2.265094590055283,0.015812115743620587,0.444,Non significatif,Tuluá,Valle del Cauca
76845,2002,2.5778826154437215,0.16762823831878734,0.003,Bas-Bas,Ulloa,Valle del Cauca
76863,2002,2.605924303599205,0.0664828704155055,0.137,Non significatif,Versalles,Valle del Cauca
76869,2002,2.076902008213015,0.2436206930667227,0.103,Non significatif,Vijes,Valle del Cauca
76890,2002,0.9802760413177526,0.3323954574347843,0.241,Non significatif,Yotoco,Valle del Cauca
76892,2002,0.5394184533925529,0.1384565964318429,0.401,Non significatif,Yumbo,Valle del Cauca
76895,2002,1.241455826305275,0.2829372941851361,0.243,Non significatif,Zarzal,Valle del Cauca
81001,2002,4.176160770313043,0.5565930196519978,0.052,Non significatif,Arauca,Arauca
81065,2002,2.841566451434636,0.0003391818295154325,0.073,Non significatif,Arauquita,Arauca
81220,2002,5.7528001273346865,1.0834472091467566,0.072,Non significatif,Cravo Norte,Arauca
81300,2002,2.9479155941102575,0.006536232857617558,0.417,Non significatif,Fortul,Arauca
81591,2002,4.364695251330185,0.563895669926339,0.074,Non significatif,Puerto Rondón,Arauca
81736,2002,3.3423331574367903,0.004809779104736309,0.498,Non significatif,Saravena,Arauca
81794,2002,5.193322154092573,0.3669352051329281,0.276,Non significatif,Tame,Arauca
85001,2002,2.296545868872697,-0.14867406018726692,0.138,Non significatif,Yopal,Casanare
85010,2002,3.506458980458448,0.3771049525041302,0.013,Haut-Haut,Aguazul,Casanare
85015,2002,6.47788734242146,1.4503393645082183,0.061,Non significatif,Chámeza,Casanare
85125,2002,4.334959748857083,0.4730191426984252,0.111,Non significatif,Hato Corozal,Casanare
85136,2002,2.999645458368219,0.018192403049424377,0.333,Non significatif,La Salina,Casanare
85139,2002,2.7807262698723254,-0.005565607764138304,0.372,Non significatif,Maní,Casanare
85162,2002,3.7499015819724413,0.14737917611701803,0.269,Non significatif,Monterrey,Casanare
85225,2002,3.8592862775191503,0.14001866426968312,0.297,Non significatif,Nunchía,Casanare
85230,2002,2.905887071211777,0.004342471904898577,0.405,Non significatif,Orocué,Casanare
85250,2002,3.575447995546752,0.20734697050570527,0.132,Non significatif,Paz de Ariporo,Casanare
85263,2002,4.297045050206677,0.36571795899846443,0.168,Non significatif,Pore,Casanare
85279,2002,6.0184991405544235,1.0025421413709699,0.112,Non significatif,Recetor,Casanare
85300,2002,1.9859544949770194,-0.24654235276222072,0.128,Non significatif,Sabanalarga,Casanare
85315,2002,4.552214643533813,0.14509020017327143,0.378,Non significatif,Sácama,Casanare
85325,2002,3.0401327404875143,0.030515590680254404,0.281,Non significatif,San Luis de Palenque,Casanare
85400,2002,4.084329453958358,0.1660246012410417,0.302,Non significatif,Támara,Casanare
85410,2002,3.8993917759290246,-0.1619231925309596,0.286,Non significatif,Tauramena,Casanare
85430,2002,3.291451840564503,0.09409707442441458,0.211,Non significatif,Trinidad,Casanare
85440,2002,2.23635272975564,0.053474914625564994,0.365,Non significatif,Villanueva,Casanare
86001,2002,3.8947788036334363,0.4319418639091243,0.057,Non significatif,Mocoa,Putumayo
86219,2002,3.0112953559242075,0.03938838159461215,0.19,Non significatif,Colón,Putumayo
86320,2002,5.540141277408921,1.499856329091481,0.015,Haut-Haut,Orito,Putumayo
86568,2002,5.0905305147142,2.0080641000490007,0.001,Haut-Haut,Puerto Asís,Putumayo
86569,2002,6.081022747010299,2.6591303085588973,0.001,Haut-Haut,Puerto Caicedo,Putumayo
86571,2002,5.464475920402962,2.847285930833709,0.001,Haut-Haut,Puerto Guzmán,Putumayo
86573,2002,4.215187794073386,1.3175900195646912,0.001,Haut-Haut,Puerto Leguízamo,Putumayo
86749,2002,3.2990576566083845,0.09756634025386356,0.209,Non significatif,Sibundoy,Putumayo
86755,2002,4.050263116996926,0.3840091161850631,0.111,Non significatif,San Francisco,Putumayo
86757,2002,5.6506997969963875,1.7651282974547502,0.005,Haut-Haut,San Miguel,Putumayo
86760,2002,3.753122596177302,0.1265534260198625,0.29,Non significatif,Santiago,Putumayo
86865,2002,5.960074194205169,1.9444464486878519,0.006,Haut-Haut,Valle del Guamuez,Putumayo
86885,2002,5.322912046054964,1.4147139071227541,0.013,Haut-Haut,Villagarzón,Putumayo
88001,2002,0.28181556643606576,-0.3439017801350126,0.297,Non significatif,San Andrés,"Archipiélago de San Andrés, Providencia y Santa Catalina"
88564,2002,0.0,0.0927424833820611,0.441,Non significatif,Providencia,"Archipiélago de San Andrés, Providencia y Santa Catalina"
91001,2002,0.5246728257935847,0.6627354215524142,0.131,Non significatif,Leticia,Amazonas
91263,2002,1.893273714098566,0.09862058136603374,0.334,Non significatif,El Encanto,Amazonas
91405,2002,1.5680153111766424,0.01374110553523869,0.476,Non significatif,La Chorrera,Amazonas
91407,2002,1.3030527706967259,0.5652599776143441,0.07,Non significatif,La Pedrera,Amazonas
91430,2002,0.0,0.6255583327733193,0.186,Non significatif,La Victoria,Amazonas
91460,2002,0.0,0.6212315448844998,0.187,Non significatif,Mirití - Paraná,Amazonas
91530,2002,3.6350875013264456,0.16578857247913506,0.209,Non significatif,Puerto Alegría,Amazonas
91536,2002,3.9875365377352456,-0.42016918104935014,0.07,Non significatif,Puerto Arica,Amazonas
91540,2002,0.0,0.833874067251048,0.119,Non significatif,Puerto Nariño,Amazonas
91669,2002,3.347619005811311,-0.2140826981387699,0.036,Atypique,Puerto Santander,Amazonas
91798,2002,1.7994468278830387,0.38093310692256094,0.07,Non significatif,Tarapacá,Amazonas
94001,2002,2.093150871655625,0.24321810927103593,0.101,Non significatif,Inírida,Guainía
94343,2002,4.104993923677682,-0.5704065605807866,0.029,Atypique,Barrancominas,Guainía
94883,2002,0.5380020938535254,1.4608200455506801,0.003,Bas-Bas,San Felipe,Guainía
94884,2002,1.9628405441857666,0.4098041846046747,0.025,Bas-Bas,Puerto Colombia,Guainía
94885,2002,0.0,1.7065843163765018,0.005,Bas-Bas,La Guadalupe,Guainía
94886,2002,0.0,0.9775492801975515,0.087,Non significatif,Cacahual,Guainía
94887,2002,0.0,1.0730968944569808,0.062,Non significatif,Pana Pana,Guainía
94888,2002,0.0,1.3159155513873093,0.025,Bas-Bas,Morichal,Guainía
95001,2002,5.2152023283818005,2.0379964489881517,0.001,Haut-Haut,San José del Guaviare,Guaviare
95015,2002,5.391286400100633,1.7190230773950463,0.002,Haut-Haut,Calamar,Guaviare
95025,2002,5.4417726466865535,1.1756167302596554,0.043,Haut-Haut,El Retorno,Guaviare
95200,2002,5.127221758996858,0.8084947818987613,0.089,Non significatif,Miraflores,Guaviare
97001,2002,2.6887469601031815,0.09078391444460707,0.006,Bas-Bas,Mitú,Vaupés
97161,2002,3.810617845422288,-0.006766850408907638,0.477,Non significatif,Carurú,Vaupés
97511,2002,0.8339669415755817,0.6483330860438,0.1,Non significatif,Pacoa,Vaupés
97666,2002,2.5361912093653474,0.22968449483028108,0.001,Bas-Bas,Taraira,Vaupés
97777,2002,0.0,-0.508826916769761,0.245,Non significatif,Papunahua,Vaupés
97889,2002,0.0,1.4464202571489126,0.014,Bas-Bas,Yavaraté,Vaupés
99001,2002,3.4594680885359357,0.010704281987752107,0.479,Non significatif,Puerto Carreño,Vichada
99524,2002,3.7028771208015105,0.28037269277490856,0.101,Non significatif,La Primavera,Vichada
99624,2002,3.6856083249949716,0.12216004043753184,0.283,Non significatif,Santa Rosalía,Vichada
99773,2002,2.9311521021779794,-0.003488840180096111,0.425,Non significatif,Cumaribo,Vichada
05001,2008,1.2222449131099449,1.0428310117492599,0.001,Bas-Bas,Medellín,Antioquia
05002,2008,3.5660378781080095,-0.059087028037292016,0.448,Non significatif,Abejorral,Antioquia
05004,2008,2.970886904920304,0.13255449764647065,0.198,Non significatif,Abriaquí,Antioquia
05021,2008,3.064416486917967,0.12870797211079119,0.245,Non significatif,Alejandría,Antioquia
05030,2008,2.0230507736996306,0.2983636308180005,0.004,Bas-Bas,Amagá,Antioquia
05031,2008,3.0655878335605222,0.2026204497930241,0.146,Non significatif,Amalfi,Antioquia
05034,2008,2.7100186312720655,-0.014470491815444743,0.442,Non significatif,Andes,Antioquia
05036,2008,0.46913972228559586,0.7451220603036315,0.081,Non significatif,Angelópolis,Antioquia
05038,2008,2.952630938823123,-0.1050324807321958,0.231,Non significatif,Angostura,Antioquia
05040,2008,4.357899957888716,0.8072878855247285,0.08,Non significatif,Anorí,Antioquia
05042,2008,2.261836281336815,-0.039890394723809834,0.232,Non significatif,Santa Fé de Antioquia,Antioquia
05044,2008,2.8497376548241586,0.10203508349951591,0.197,Non significatif,Anzá,Antioquia
05045,2008,3.5601892564950033,0.9087506760471551,0.004,Haut-Haut,Apartadó,Antioquia
05051,2008,3.621563613078622,0.5518111842339581,0.061,Non significatif,Arboletes,Antioquia
05055,2008,4.613385995611072,1.5689703010415188,0.006,Haut-Haut,Argelia,Antioquia
05059,2008,2.244175284051881,0.027722590321112458,0.328,Non significatif,Armenia,Antioquia
05079,2008,1.388088866846773,0.1936694482787631,0.261,Non significatif,Barbosa,Antioquia
05086,2008,1.6980640871459318,0.05101680627157429,0.416,Non significatif,Belmira,Antioquia
05088,2008,0.6913156407101938,0.5841921627556472,0.108,Non significatif,Bello,Antioquia
05091,2008,2.1512505895889835,0.08542527559989554,0.136,Non significatif,Betania,Antioquia
05093,2008,4.028909272492024,-0.1398294304039947,0.386,Non significatif,Betulia,Antioquia
05101,2008,2.4592742123441154,-0.0003782926204983245,0.486,Non significatif,Ciudad Bolívar,Antioquia
05107,2008,4.803828254706187,1.0480230771694408,0.069,Non significatif,Briceño,Antioquia
05113,2008,3.0879745651471806,0.12441234827598156,0.266,Non significatif,Buriticá,Antioquia
05120,2008,4.050662133164311,0.9366564887671243,0.026,Haut-Haut,Cáceres,Antioquia
05125,2008,3.9221539585277228,0.319683756937179,0.243,Non significatif,Caicedo,Antioquia
05129,2008,0.8100870124334707,1.0839936161622756,0.008,Bas-Bas,Caldas,Antioquia
05134,2008,3.1102441982890916,0.274029642845231,0.081,Non significatif,Campamento,Antioquia
05138,2008,3.605325950251211,0.4048278454980046,0.124,Non significatif,Cañasgordas,Antioquia
05142,2008,2.388790703208398,-0.01988879728169203,0.115,Non significatif,Caracolí,Antioquia
05145,2008,2.571432607992926,-0.023448328346989285,0.259,Non significatif,Caramanta,Antioquia
05147,2008,3.4685185707952235,0.84596411421309,0.003,Haut-Haut,Carepa,Antioquia
05148,2008,1.9307487137669896,-0.05937817727383537,0.355,Non significatif,El Carmen de Viboral,Antioquia
05150,2008,0.8438626777476207,0.6019418948011032,0.079,Non significatif,Carolina,Antioquia
05154,2008,3.4641087966140387,0.40436425547316557,0.088,Non significatif,Caucasia,Antioquia
05172,2008,4.230751029164963,1.359432187834912,0.003,Haut-Haut,Chigorodó,Antioquia
05190,2008,2.3859228475460483,-0.005556060640075575,0.376,Non significatif,Cisneros,Antioquia
05197,2008,4.143102354569038,0.23457385949213538,0.326,Non significatif,Cocorná,Antioquia
05206,2008,2.5805828758237865,-0.010878991266359153,0.403,Non significatif,Concepción,Antioquia
05209,2008,2.9624990758314595,-0.025386271787229013,0.453,Non significatif,Concordia,Antioquia
05212,2008,0.4133204942790379,0.917750017557113,0.048,Bas-Bas,Copacabana,Antioquia
05234,2008,4.676861457857413,1.4352684603690957,0.017,Haut-Haut,Dabeiba,Antioquia
05237,2008,1.0127133648182558,0.5342306999475772,0.079,Non significatif,Donmatías,Antioquia
05240,2008,2.6511638935716006,-0.023433715565062404,0.349,Non significatif,Ebéjico,Antioquia
05250,2008,3.9552820193835934,0.9848736118717205,0.017,Haut-Haut,El Bagre,Antioquia
05264,2008,1.0208500173948178,0.2711375656949563,0.237,Non significatif,Entrerríos,Antioquia
05266,2008,0.08127336390749962,1.7057742987440678,0.005,Bas-Bas,Envigado,Antioquia
05282,2008,0.9566341484357964,0.7704050310373212,0.034,Bas-Bas,Fredonia,Antioquia
05284,2008,3.6385852766660967,0.8659270490972383,0.005,Haut-Haut,Frontino,Antioquia
05306,2008,2.2997761119916356,-0.029352057696783656,0.251,Non significatif,Giraldo,Antioquia
05308,2008,0.5743381446762451,0.5744486757129912,0.119,Non significatif,Girardota,Antioquia
05310,2008,0.9135467018744629,0.06677769126278332,0.454,Non significatif,Gómez Plata,Antioquia
05313,2008,4.259187033557259,-0.49542085175656153,0.156,Non significatif,Granada,Antioquia
05315,2008,2.0183032259457883,0.05341472608584675,0.331,Non significatif,Guadalupe,Antioquia
05318,2008,0.5710160955101657,1.0881354315295617,0.023,Bas-Bas,Guarne,Antioquia
05321,2008,0.9374018492519182,-0.05579471474651428,0.442,Non significatif,Guatapé,Antioquia
05347,2008,2.3291537629000434,0.05735376322768992,0.038,Bas-Bas,Heliconia,Antioquia
05353,2008,0.8899359035575684,0.6180253340798009,0.067,Non significatif,Hispania,Antioquia
05360,2008,0.5818772080487764,1.5233093133548326,0.002,Bas-Bas,Itagüí,Antioquia
05361,2008,5.127963303908292,2.044583582735287,0.003,Haut-Haut,Ituango,Antioquia
05364,2008,2.4688541328198634,-0.003932397356019161,0.289,Non significatif,Jardín,Antioquia
05368,2008,0.2050437867847386,1.0610393257927728,0.044,Bas-Bas,Jericó,Antioquia
05376,2008,1.1394261410076736,0.22563895638838088,0.271,Non significatif,La Ceja,Antioquia
05380,2008,0.388366431449966,1.7198355924142472,0.001,Bas-Bas,La Estrella,Antioquia
05390,2008,2.0936352447713302,0.1651229814092686,0.045,Bas-Bas,La Pintada,Antioquia
05400,2008,2.3934554924435263,0.002367780703056128,0.449,Non significatif,La Unión,Antioquia
05411,2008,2.6901347413382295,0.0009075128975463766,0.48,Non significatif,Liborina,Antioquia
05425,2008,3.0417030922623014,0.08717033478210817,0.318,Non significatif,Maceo,Antioquia
05440,2008,1.178061713585926,0.6110545932180966,0.042,Bas-Bas,Marinilla,Antioquia
05467,2008,3.930406716594099,-0.4316023960835113,0.133,Non significatif,Montebello,Antioquia
05475,2008,3.4146774892132545,0.6046671445024515,0.018,Haut-Haut,Murindó,Antioquia
05480,2008,4.957477214189881,1.6529736994049635,0.015,Haut-Haut,Mutatá,Antioquia
05483,2008,4.7747832508081665,1.6241742671210686,0.007,Haut-Haut,Nariño,Antioquia
05490,2008,3.7370372909724603,0.7914296456479992,0.019,Haut-Haut,Necoclí,Antioquia
05495,2008,3.774960180283063,0.5870014916871701,0.068,Non significatif,Nechí,Antioquia
05501,2008,3.07792143472258,-0.04002215039275508,0.421,Non significatif,Olaya,Antioquia
05541,2008,1.1053256470030708,0.3970497629236434,0.128,Non significatif,Peñol,Antioquia
05543,2008,3.6783664747586235,0.6716617846487002,0.038,Haut-Haut,Peque,Antioquia
05576,2008,2.2849506894061693,0.08201975469245186,0.036,Bas-Bas,Pueblorrico,Antioquia
05579,2008,3.382663926507332,0.19532837740574766,0.25,Non significatif,Puerto Berrío,Antioquia
05585,2008,3.169357569385089,0.18757976715736785,0.2,Non significatif,Puerto Nare,Antioquia
05591,2008,2.3040565371144646,-0.07024708608653145,0.049,Atypique,Puerto Triunfo,Antioquia
05604,2008,3.22851695502176,0.3407178958189918,0.068,Non significatif,Remedios,Antioquia
05607,2008,1.0991916214279327,0.6656603579255127,0.04,Bas-Bas,Retiro,Antioquia
05615,2008,0.8304744294050435,1.117859607734946,0.007,Bas-Bas,Rionegro,Antioquia
05628,2008,3.7968866412324647,0.3740249732232184,0.183,Non significatif,Sabanalarga,Antioquia
05631,2008,0.43475345293394674,1.688945407607728,0.001,Bas-Bas,Sabaneta,Antioquia
05642,2008,3.1597944090728816,-0.1937027244805036,0.158,Non significatif,Salgar,Antioquia
05647,2008,3.454999995375454,0.3914089118235683,0.102,Non significatif,San Andrés de Cuerquía,Antioquia
05649,2008,3.990147377165884,0.7835467592580196,0.047,Haut-Haut,San Carlos,Antioquia
05652,2008,4.395280130705638,1.1836800343830987,0.022,Haut-Haut,San Francisco,Antioquia
05656,2008,2.244450057737319,-0.0096922482732564,0.426,Non significatif,San Jerónimo,Antioquia
05658,2008,2.098601356415994,-0.07546900065628658,0.237,Non significatif,San José de la Montaña,Antioquia
05659,2008,3.537456666378987,0.520225190060432,0.057,Non significatif,San Juan de Urabá,Antioquia
05660,2008,3.614152884297299,0.8502197678129003,0.005,Haut-Haut,San Luis,Antioquia
05664,2008,3.84365964879427,-0.8657781976363033,0.018,Atypique,San Pedro de los Milagros,Antioquia
05665,2008,4.3704403419944695,1.1678978887956786,0.022,Haut-Haut,San Pedro de Urabá,Antioquia
05667,2008,4.747602233854243,0.42418771585955234,0.278,Non significatif,San Rafael,Antioquia
05670,2008,2.8877893168419893,0.1683998055583441,0.106,Non significatif,San Roque,Antioquia
05674,2008,2.3885799520270283,0.025332323864501228,0.047,Bas-Bas,San Vicente Ferrer,Antioquia
05679,2008,2.0427792166103695,0.029395639215609476,0.406,Non significatif,Santa Bárbara,Antioquia
05686,2008,0.8964781093975263,0.6170793969744008,0.066,Non significatif,Santa Rosa de Osos,Antioquia
05690,2008,3.5049950301720663,0.007920935237666338,0.476,Non significatif,Santo Domingo,Antioquia
05697,2008,1.6451519049611671,-0.026984391438272026,0.446,Non significatif,El Santuario,Antioquia
05736,2008,3.5002567457189437,0.5209147468937633,0.051,Non significatif,Segovia,Antioquia
05756,2008,3.976229526716927,1.191210671823027,0.003,Haut-Haut,Sonsón,Antioquia
05761,2008,2.5268184644512512,0.0064010089430092225,0.403,Non significatif,Sopetrán,Antioquia
05789,2008,2.0726245610442158,0.10996533232604341,0.128,Non significatif,Támesis,Antioquia
05790,2008,5.173208826624593,2.243894737988061,0.003,Haut-Haut,Tarazá,Antioquia
05792,2008,0.440191235352683,1.1017334644615637,0.027,Bas-Bas,Tarso,Antioquia
05809,2008,0.7958285421339923,0.4351005918743242,0.16,Non significatif,Titiribí,Antioquia
05819,2008,3.1504566235255855,0.33725703002327234,0.056,Non significatif,Toledo,Antioquia
05837,2008,4.348032223152298,1.1306488746223773,0.025,Haut-Haut,Turbo,Antioquia
05842,2008,4.163030287367001,0.8478092874074351,0.053,Non significatif,Uramita,Antioquia
05847,2008,5.3277388747772285,1.2728141537878714,0.066,Non significatif,Urrao,Antioquia
05854,2008,4.8045078594259785,1.6353672179913699,0.01,Haut-Haut,Valdivia,Antioquia
05856,2008,1.3953009725711902,0.2851970819773648,0.156,Non significatif,Valparaíso,Antioquia
05858,2008,3.5881353081445884,0.23265810294800815,0.258,Non significatif,Vegachí,Antioquia
05861,2008,1.414619985648482,0.4410590417551204,0.053,Non significatif,Venecia,Antioquia
05873,2008,4.6621611390863995,1.8228997067767923,0.003,Haut-Haut,Vigía del Fuerte,Antioquia
05885,2008,2.2972398129358016,-0.04558783857518263,0.161,Non significatif,Yalí,Antioquia
05887,2008,2.922134954020795,0.21362751926391146,0.069,Non significatif,Yarumal,Antioquia
05890,2008,2.9773973586602587,0.0899032415474071,0.296,Non significatif,Yolombó,Antioquia
05893,2008,4.874913394325228,1.755815091005897,0.007,Haut-Haut,Yondó,Antioquia
05895,2008,4.1812381147333,1.0501123073226664,0.025,Haut-Haut,Zaragoza,Antioquia
08001,2008,0.4564852674714502,1.6309991921747158,0.001,Bas-Bas,Barranquilla,Atlántico
08078,2008,0.7271216334866234,1.3569177862030382,0.002,Bas-Bas,Baranoa,Atlántico
08137,2008,0.0,1.861711064989508,0.003,Bas-Bas,Campo de la Cruz,Atlántico
08141,2008,0.32540728566275434,1.5259502700423335,0.005,Bas-Bas,Candelaria,Atlántico
08296,2008,0.576833260583281,1.5513311324661905,0.001,Bas-Bas,Galapa,Atlántico
08372,2008,0.0,1.7822033340101395,0.004,Bas-Bas,Juan de Acosta,Atlántico
08421,2008,1.3283167604019714,0.5164888615690643,0.044,Bas-Bas,Luruaco,Atlántico
08433,2008,0.6698931126624509,1.4333115226935418,0.002,Bas-Bas,Malambo,Atlántico
08436,2008,0.0,1.985310052005619,0.002,Bas-Bas,Manatí,Atlántico
08520,2008,0.1222517825896245,1.7289822232600616,0.004,Bas-Bas,Palmar de Varela,Atlántico
08549,2008,0.7364346114064845,1.1714901569616651,0.007,Bas-Bas,Piojó,Atlántico
08558,2008,0.8258009478079799,1.3297356719177882,0.001,Bas-Bas,Polonuevo,Atlántico
08560,2008,0.9302795497813108,1.1038651027138269,0.004,Bas-Bas,Ponedera,Atlántico
08573,2008,0.2624902092879648,1.7542357755543994,0.002,Bas-Bas,Puerto Colombia,Atlántico
08606,2008,0.8915947928835084,0.8495468688095485,0.027,Bas-Bas,Repelón,Atlántico
08634,2008,0.65623385803267,1.5113566477581417,0.001,Bas-Bas,Sabanagrande,Atlántico
08638,2008,0.7450844059149853,1.4678778552661773,0.001,Bas-Bas,Sabanalarga,Atlántico
08675,2008,0.0,2.1762815499584645,0.001,Bas-Bas,Santa Lucía,Atlántico
08685,2008,0.376735764840806,1.619878299805358,0.002,Bas-Bas,Santo Tomás,Atlántico
08758,2008,0.2794527666045869,1.2813620539789277,0.02,Bas-Bas,Soledad,Atlántico
08770,2008,0.29782918794263746,1.3120469680344669,0.017,Bas-Bas,Suan,Atlántico
08832,2008,0.7769109712912107,1.4993806771338394,0.001,Bas-Bas,Tubará,Atlántico
08849,2008,0.07222286913537448,1.851831300552881,0.002,Bas-Bas,Usiacurí,Atlántico
11001,2008,0.1905152680479849,0.7353682092591275,0.104,Non significatif,"Bogotá, D.C.","Bogotá, D.C."
13001,2008,0.4852285175712212,0.33971688480164175,0.27,Non significatif,Cartagena de Indias,Bolívar
13006,2008,3.7025022181019422,0.5441738283290339,0.073,Non significatif,Achí,Bolívar
13030,2008,4.044462590381162,0.4901720371000178,0.164,Non significatif,Altos del Rosario,Bolívar
13042,2008,4.634690809999473,0.9725181853801352,0.07,Non significatif,Arenal,Bolívar
13052,2008,1.3392865414913782,0.4156558724175056,0.077,Non significatif,Arjona,Bolívar
13062,2008,0.0,1.5272547464326425,0.017,Bas-Bas,Arroyohondo,Bolívar
13074,2008,4.132341598389409,0.5237305983676471,0.16,Non significatif,Barranco de Loba,Bolívar
13140,2008,2.3924094573593773,0.042569831302982974,0.001,Bas-Bas,Calamar,Bolívar
13160,2008,5.235743924461753,1.851813641861398,0.016,Haut-Haut,Cantagallo,Bolívar
13188,2008,1.7321959657693213,0.011872127860297118,0.489,Non significatif,Cicuco,Bolívar
13212,2008,3.978188184877212,0.5780010936818075,0.112,Non significatif,Córdoba,Bolívar
13222,2008,2.396940596209029,0.0075387257679516255,0.288,Non significatif,Clemencia,Bolívar
13244,2008,3.938746235353033,1.0841339533523362,0.007,Haut-Haut,El Carmen de Bolívar,Bolívar
13248,2008,3.1457454758668284,-0.011115392226895567,0.49,Non significatif,El Guamo,Bolívar
13268,2008,3.3850167148865244,0.42090878964845363,0.07,Non significatif,El Peñón,Bolívar
13300,2008,2.0081503643447998,-0.1077875657953036,0.207,Non significatif,Hatillo de Loba,Bolívar
13430,2008,2.4152774588305888,-0.001142679478379022,0.443,Non significatif,Magangué,Bolívar
13433,2008,1.7854982767755356,0.38675874027113666,0.024,Bas-Bas,Mahates,Bolívar
13440,2008,2.2572149952249143,-0.028605448506724623,0.315,Non significatif,Margarita,Bolívar
13442,2008,3.890206072578708,-0.21324135883119746,0.303,Non significatif,María La Baja,Bolívar
13458,2008,4.177745014688663,0.8880107471546628,0.05,Non significatif,Montecristo,Bolívar
13468,2008,2.470259931597326,-0.004892650506103372,0.257,Non significatif,Mompós,Bolívar
13473,2008,4.4069574647230345,0.7057824188653263,0.121,Non significatif,Morales,Bolívar
13490,2008,2.1230309789483814,-0.24446586339861556,0.003,Atypique,Norosí,Bolívar
13549,2008,3.5480007960010918,0.20569600018295717,0.282,Non significatif,Pinillos,Bolívar
13580,2008,3.5898293662944885,0.6177902327445823,0.045,Haut-Haut,Regidor,Bolívar
13600,2008,3.9040418601351856,0.8125284538439811,0.036,Haut-Haut,Río Viejo,Bolívar
13620,2008,1.446423342291682,0.9023937648176743,0.001,Bas-Bas,San Cristóbal,Bolívar
13647,2008,0.845366119475536,0.827919932081186,0.036,Bas-Bas,San Estanislao,Bolívar
13650,2008,1.967986929179699,0.00022369006851544608,0.492,Non significatif,San Fernando,Bolívar
13654,2008,3.60776148742306,0.5298044164530576,0.07,Non significatif,San Jacinto,Bolívar
13655,2008,3.093709633736914,0.21920391338704162,0.138,Non significatif,San Jacinto del Cauca,Bolívar
13657,2008,2.7994483090599247,0.07869288789338146,0.234,Non significatif,San Juan Nepomuceno,Bolívar
13667,2008,4.009478003600742,0.6576649985495935,0.076,Non significatif,San Martín de Loba,Bolívar
13670,2008,5.51446238382231,2.8189890479350055,0.003,Haut-Haut,San Pablo,Bolívar
13673,2008,2.0027689914220472,0.09435630985321868,0.224,Non significatif,Santa Catalina,Bolívar
13683,2008,4.349225857153597,-0.8803248392301646,0.048,Atypique,Santa Rosa,Bolívar
13688,2008,4.285247028783333,1.573353158524095,0.003,Haut-Haut,Santa Rosa del Sur,Bolívar
13744,2008,5.0260408902343965,1.8816558572458482,0.006,Haut-Haut,Simití,Bolívar
13760,2008,0.7314485500976646,1.0969092146549337,0.013,Bas-Bas,Soplaviento,Bolívar
13780,2008,1.9986743216131864,0.0547242609798422,0.336,Non significatif,Talaigua Nuevo,Bolívar
13810,2008,4.193208476480594,0.9205934264837241,0.05,Non significatif,Tiquisio,Bolívar
13836,2008,0.8959719460840194,0.5266976512056778,0.097,Non significatif,Turbaco,Bolívar
13838,2008,0.37549662017833496,0.22139870255970123,0.353,Non significatif,Turbaná,Bolívar
13873,2008,2.161172679119074,0.06823775564472523,0.191,Non significatif,Villanueva,Bolívar
13894,2008,3.798776226917029,0.7119429313984859,0.05,Non significatif,Zambrano,Bolívar
15001,2008,0.11340237085032609,1.8209546197170965,0.002,Bas-Bas,Tunja,Boyacá
15022,2008,1.5193061827170353,0.32199298231814566,0.095,Non significatif,Almeida,Boyacá
15047,2008,1.78212316492997,0.2398856833216728,0.091,Non significatif,Aquitania,Boyacá
15051,2008,0.0,2.322166214153908,0.001,Bas-Bas,Arcabuco,Boyacá
15087,2008,1.4161265636283764,1.0003740482668944,0.001,Bas-Bas,Belén,Boyacá
15090,2008,0.5810062262516248,0.2050596976688625,0.351,Non significatif,Berbeo,Boyacá
15092,2008,0.0,1.9626039738841927,0.001,Bas-Bas,Betéitiva,Boyacá
15097,2008,1.7684323505108148,0.35429893667945517,0.036,Bas-Bas,Boavita,Boyacá
15104,2008,1.7758794021201558,0.4906344790001327,0.004,Bas-Bas,Boyacá,Boyacá
15106,2008,1.5581024755197834,0.24929508129120317,0.15,Non significatif,Briceño,Boyacá
15109,2008,0.8010284049647122,1.0530958205673147,0.013,Bas-Bas,Buenavista,Boyacá
15114,2008,0.0,2.2568248042758796,0.001,Bas-Bas,Busbanzá,Boyacá
15131,2008,0.0,1.174840611236947,0.045,Bas-Bas,Caldas,Boyacá
15135,2008,2.8554283710558592,-0.05441623875893706,0.32,Non significatif,Campohermoso,Boyacá
15162,2008,0.0,1.871123332337885,0.004,Bas-Bas,Cerinza,Boyacá
15172,2008,1.2112831431322029,0.9488826419524379,0.003,Bas-Bas,Chinavita,Boyacá
15176,2008,0.8002956622987223,1.4463999750984324,0.001,Bas-Bas,Chiquinquirá,Boyacá
15180,2008,0.0,0.9543463518502427,0.074,Non significatif,Chiscas,Boyacá
15183,2008,2.911263118853885,0.12020912748539817,0.203,Non significatif,Chita,Boyacá
15185,2008,1.515174737034557,0.19991180463356192,0.223,Non significatif,Chitaraque,Boyacá
15187,2008,0.0,2.2785310204864344,0.001,Bas-Bas,Chivatá,Boyacá
15189,2008,0.0,1.595052378181422,0.011,Bas-Bas,Ciénega,Boyacá
15204,2008,0.0,2.322166214153908,0.001,Bas-Bas,Cómbita,Boyacá
15212,2008,1.2738648262210268,0.2820966363947086,0.196,Non significatif,Coper,Boyacá
15215,2008,0.0,2.2568248042758796,0.001,Bas-Bas,Corrales,Boyacá
15218,2008,2.4525218586267634,-0.003355239033204834,0.079,Non significatif,Covarachía,Boyacá
15223,2008,2.4777097364784804,-0.0076634334171537515,0.21,Non significatif,Cubará,Boyacá
15224,2008,0.0,2.482982662821323,0.001,Bas-Bas,Cucaita,Boyacá
15226,2008,0.0,2.283150634044124,0.001,Bas-Bas,Cuítiva,Boyacá
15232,2008,1.0420889617400535,1.456129837067405,0.001,Bas-Bas,Chíquiza,Boyacá
15236,2008,2.0645585952505816,0.09419906026628984,0.189,Non significatif,Chivor,Boyacá
15238,2008,0.3672214937397997,1.8540462215935214,0.001,Bas-Bas,Duitama,Boyacá
15244,2008,2.354593007494371,0.025262741409754083,0.148,Non significatif,El Cocuy,Boyacá
15248,2008,0.602475927063478,0.6857412891528587,0.086,Non significatif,El Espino,Boyacá
15272,2008,0.0,2.424152656986748,0.001,Bas-Bas,Firavitoba,Boyacá
15276,2008,1.3565864298833554,1.1226671611175962,0.001,Bas-Bas,Floresta,Boyacá
15293,2008,0.0,2.3595492497341883,0.001,Bas-Bas,Gachantivá,Boyacá
15296,2008,1.5380812591560606,0.8560747091386504,0.001,Bas-Bas,Gámeza,Boyacá
15299,2008,1.5422510909667344,0.677611568044879,0.005,Bas-Bas,Garagoa,Boyacá
15317,2008,0.9300773086240004,0.6058965898689248,0.074,Non significatif,Guacamayas,Boyacá
15322,2008,1.2050008365393217,0.7122597326931447,0.022,Bas-Bas,Guateque,Boyacá
15325,2008,1.9530702807581088,0.2966411200626653,0.02,Bas-Bas,Guayatá,Boyacá
15332,2008,1.943718563704563,0.2591219624128944,0.032,Bas-Bas,Güicán de la Sierra,Boyacá
15362,2008,0.0,2.223425925895681,0.001,Bas-Bas,Iza,Boyacá
15367,2008,0.13299428551163628,1.3990785652109219,0.02,Bas-Bas,Jenesano,Boyacá
15368,2008,1.3300341655209298,0.4686388340579683,0.063,Non significatif,Jericó,Boyacá
15377,2008,3.2741255417654327,-0.07820892986750473,0.364,Non significatif,Labranzagrande,Boyacá
15380,2008,0.0,1.9630753212476817,0.003,Bas-Bas,La Capilla,Boyacá
15401,2008,2.5128646699639767,0.021136770999908103,0.158,Non significatif,La Victoria,Boyacá
15403,2008,2.801643660943142,-0.1353569079613754,0.083,Non significatif,La Uvita,Boyacá
15407,2008,0.0,2.322166214153908,0.001,Bas-Bas,Villa de Leyva,Boyacá
15425,2008,1.7201711997344955,0.2896648375576017,0.072,Non significatif,Macanal,Boyacá
15442,2008,3.0957042780489554,-0.24532874959716477,0.085,Non significatif,Maripí,Boyacá
15455,2008,2.0935595900508535,0.1130810328243056,0.114,Non significatif,Miraflores,Boyacá
15464,2008,0.7691621320587092,1.4733742916102088,0.001,Bas-Bas,Mongua,Boyacá
15466,2008,0.0,2.3240727777398926,0.001,Bas-Bas,Monguí,Boyacá
15469,2008,0.8621591123006912,0.9284481801335527,0.022,Bas-Bas,Moniquirá,Boyacá
15476,2008,0.0,2.2986052270381228,0.001,Bas-Bas,Motavita,Boyacá
15480,2008,2.4983656906207092,0.0016670389057739097,0.476,Non significatif,Muzo,Boyacá
15491,2008,0.0,2.1971000961274365,0.001,Bas-Bas,Nobsa,Boyacá
15494,2008,2.0802293811659305,0.29993597372053193,0.003,Bas-Bas,Nuevo Colón,Boyacá
15500,2008,0.0,2.2785310204864344,0.001,Bas-Bas,Oicatá,Boyacá
15507,2008,3.9405176331036746,0.531114146406359,0.121,Non significatif,Otanche,Boyacá
15511,2008,0.0,1.8876685256688752,0.004,Bas-Bas,Pachavita,Boyacá
15514,2008,2.866135743158198,-0.07735589045844586,0.254,Non significatif,Páez,Boyacá
15516,2008,0.0,2.387469958730782,0.001,Bas-Bas,Paipa,Boyacá
15518,2008,3.5999887803292974,0.08579035530421435,0.423,Non significatif,Pajarito,Boyacá
15522,2008,2.2370891113921276,0.1057097156222679,0.036,Bas-Bas,Panqueba,Boyacá
15531,2008,3.219253816139172,0.07048118124085931,0.398,Non significatif,Pauna,Boyacá
15533,2008,3.653663526893406,-0.03297453325505973,0.45,Non significatif,Paya,Boyacá
15537,2008,0.22977616767703296,1.3323984688358306,0.021,Bas-Bas,Paz de Río,Boyacá
15542,2008,1.3918302022876181,1.006404939402215,0.001,Bas-Bas,Pesca,Boyacá
15550,2008,3.0882838840631033,0.01663990534459389,0.483,Non significatif,Pisba,Boyacá
15572,2008,2.962805149920235,0.13938949478480225,0.192,Non significatif,Puerto Boyacá,Boyacá
15580,2008,2.8739597348262658,0.07600510869803918,0.293,Non significatif,Quípama,Boyacá
15599,2008,0.6348485466864164,1.5791637167860662,0.001,Bas-Bas,Ramiriquí,Boyacá
15600,2008,0.0,2.5065436499371083,0.001,Bas-Bas,Ráquira,Boyacá
15621,2008,2.5218367589860944,-0.06899209916317955,0.001,Atypique,Rondón,Boyacá
15632,2008,0.0,1.859911243428513,0.005,Bas-Bas,Saboyá,Boyacá
15638,2008,0.0,2.5065436499371083,0.001,Bas-Bas,Sáchica,Boyacá
15646,2008,0.15465422709302384,2.3780170159834078,0.001,Bas-Bas,Samacá,Boyacá
15660,2008,2.25767746151469,0.050895463163023826,0.159,Non significatif,San Eduardo,Boyacá
15664,2008,0.8667547259580606,0.4554313897880798,0.143,Non significatif,San José de Pare,Boyacá
15667,2008,2.441928907252951,0.00017614175167841035,0.361,Non significatif,San Luis de Gaceno,Boyacá
15673,2008,2.3167381551836352,0.0721706143462238,0.025,Bas-Bas,San Mateo,Boyacá
15676,2008,0.0,2.3081617219442876,0.001,Bas-Bas,San Miguel de Sema,Boyacá
15681,2008,2.5120008266807554,0.019764738195153952,0.173,Non significatif,San Pablo de Borbur,Boyacá
15686,2008,2.222743985143632,0.07570331334027985,0.105,Non significatif,Santana,Boyacá
15690,2008,1.5408469445581947,0.14536439077177524,0.277,Non significatif,Santa María,Boyacá
15693,2008,0.07308780176123081,2.11531518897429,0.001,Bas-Bas,Santa Rosa de Viterbo,Boyacá
15696,2008,0.0,1.985408300920346,0.003,Bas-Bas,Santa Sofía,Boyacá
15720,2008,1.556857279750279,0.7686015096424827,0.001,Bas-Bas,Sativanorte,Boyacá
15723,2008,0.0,1.7171591029136493,0.01,Bas-Bas,Sativasur,Boyacá
15740,2008,0.0,1.7545828618980601,0.007,Bas-Bas,Siachoque,Boyacá
15753,2008,0.0,1.1402761975900177,0.043,Bas-Bas,Soatá,Boyacá
15755,2008,2.2910286120153573,0.077206008573916,0.035,Bas-Bas,Socotá,Boyacá
15757,2008,1.7011925143308748,0.49420960358750127,0.011,Bas-Bas,Socha,Boyacá
15759,2008,0.26375026887915376,2.2646855919738207,0.001,Bas-Bas,Sogamoso,Boyacá
15761,2008,1.9376106959180217,0.3053209667571128,0.02,Bas-Bas,Somondoco,Boyacá
15762,2008,0.0,2.2986052270381228,0.001,Bas-Bas,Sora,Boyacá
15763,2008,0.0,1.8979560573798555,0.004,Bas-Bas,Sotaquirá,Boyacá
15764,2008,1.2521113343209325,1.046543533179229,0.001,Bas-Bas,Soracá,Boyacá
15774,2008,0.0,1.4899822009121322,0.018,Bas-Bas,Susacón,Boyacá
15776,2008,0.0,2.5386753084255336,0.001,Bas-Bas,Sutamarchán,Boyacá
15778,2008,0.44687160715102914,1.2829880166807937,0.015,Bas-Bas,Sutatenza,Boyacá
15790,2008,0.3322078915808551,1.5708022673563815,0.005,Bas-Bas,Tasco,Boyacá
15798,2008,0.0,1.9630753212476817,0.003,Bas-Bas,Tenza,Boyacá
15804,2008,0.6065222657743431,1.2152026417615187,0.012,Bas-Bas,Tibaná,Boyacá
15806,2008,0.28746348652937614,1.9779564073229765,0.001,Bas-Bas,Tibasosa,Boyacá
15808,2008,0.0,2.372402278621549,0.001,Bas-Bas,Tinjacá,Boyacá
15810,2008,0.0,0.7698483562390671,0.119,Non significatif,Tipacoque,Boyacá
15814,2008,0.0,2.24950239945046,0.001,Bas-Bas,Toca,Boyacá
15816,2008,1.868376417956722,0.29224224660741577,0.034,Bas-Bas,Togüí,Boyacá
15820,2008,0.0,2.2191166214397398,0.001,Bas-Bas,Tópaga,Boyacá
15822,2008,0.9661262105403297,1.1363061608807843,0.005,Bas-Bas,Tota,Boyacá
15832,2008,2.4220435519591166,0.002357893243822893,0.342,Non significatif,Tununguá,Boyacá
15835,2008,0.0,1.851853374835287,0.005,Bas-Bas,Turmequé,Boyacá
15837,2008,0.0,2.5386753084255336,0.001,Bas-Bas,Tuta,Boyacá
15839,2008,0.4662479885049829,1.5158607154992583,0.005,Bas-Bas,Tutazá,Boyacá
15842,2008,0.3798536940659195,1.9956814017395645,0.001,Bas-Bas,Úmbita,Boyacá
15861,2008,0.0,1.6777496370541665,0.011,Bas-Bas,Ventaquemada,Boyacá
15879,2008,0.0,1.3856181621408985,0.025,Bas-Bas,Viracachá,Boyacá
15897,2008,1.1849733705262078,0.4420076053281708,0.101,Non significatif,Zetaquira,Boyacá
17001,2008,0.3767808655151275,0.5823036283612658,0.149,Non significatif,Manizales,Caldas
17013,2008,3.0623145244192456,0.012139819976348148,0.485,Non significatif,Aguadas,Caldas
17042,2008,2.369210745829773,-0.011396666566907828,0.324,Non significatif,Anserma,Caldas
17050,2008,2.0566191980434407,0.05628655438224559,0.291,Non significatif,Aranzazu,Caldas
17088,2008,1.5955283685086428,0.17210989854395223,0.223,Non significatif,Belalcázar,Caldas
17174,2008,1.695656479387087,0.24882759364079016,0.112,Non significatif,Chinchiná,Caldas
17272,2008,2.6529390417403405,0.0005771688100047268,0.5,Non significatif,Filadelfia,Caldas
17380,2008,2.506575281226664,0.01624792149014301,0.197,Non significatif,La Dorada,Caldas
17388,2008,2.7657813064475265,-0.016412996730858238,0.433,Non significatif,La Merced,Caldas
17433,2008,3.07585309433007,0.360549529317867,0.029,Haut-Haut,Manzanares,Caldas
17442,2008,2.0768486026340307,-0.013886674736018307,0.454,Non significatif,Marmato,Caldas
17444,2008,3.42964269493664,0.37884924223142025,0.105,Non significatif,Marquetalia,Caldas
17446,2008,3.7766067966745145,0.42778459311730643,0.151,Non significatif,Marulanda,Caldas
17486,2008,2.33718651391533,0.026363999856908252,0.177,Non significatif,Neira,Caldas
17495,2008,3.0066545478458,0.2803502962604124,0.055,Non significatif,Norcasia,Caldas
17513,2008,2.8402486856981906,0.021359921275246496,0.442,Non significatif,Pácora,Caldas
17524,2008,1.8476605596575852,0.20495008843657864,0.103,Non significatif,Palestina,Caldas
17541,2008,4.190616704744518,1.1004629333024285,0.016,Haut-Haut,Pensilvania,Caldas
17614,2008,2.813650362933737,0.021344542803198873,0.437,Non significatif,Riosucio,Caldas
17616,2008,2.337905775987646,0.01731854547738476,0.267,Non significatif,Risaralda,Caldas
17653,2008,2.3763625753181534,-0.010739742585733606,0.316,Non significatif,Salamina,Caldas
17662,2008,4.572195740022566,1.2260670908926352,0.027,Haut-Haut,Samaná,Caldas
17665,2008,2.081039139112098,0.03953066468084823,0.348,Non significatif,San José,Caldas
17777,2008,1.673017407335239,-0.09354814843927609,0.359,Non significatif,Supía,Caldas
17867,2008,2.409299723780312,-0.010762627453130457,0.158,Non significatif,Victoria,Caldas
17873,2008,0.9682874493975505,-0.05360373388757448,0.458,Non significatif,Villamaría,Caldas
17877,2008,2.4018968867134496,0.00045682207712527016,0.483,Non significatif,Viterbo,Caldas
18001,2008,3.6251028676883315,0.7203543251921865,0.021,Haut-Haut,Florencia,Caquetá
18029,2008,5.015967794134896,2.9381617071000514,0.001,Haut-Haut,Albania,Caquetá
18094,2008,4.849914066515182,1.8584260663897485,0.003,Haut-Haut,Belén de los Andaquíes,Caquetá
18150,2008,4.88078327410463,2.8311754262419426,0.001,Haut-Haut,Cartagena del Chairá,Caquetá
18205,2008,5.714238919358999,3.9791639511023114,0.001,Haut-Haut,Curillo,Caquetá
18247,2008,4.683937143011908,1.8114033317547238,0.003,Haut-Haut,El Doncello,Caquetá
18256,2008,4.39819309764856,2.0433493090736343,0.001,Haut-Haut,El Paujíl,Caquetá
18410,2008,5.3176163200915685,3.0133500916629394,0.001,Haut-Haut,La Montañita,Caquetá
18460,2008,5.641592310078586,3.5353519356293845,0.001,Haut-Haut,Milán,Caquetá
18479,2008,4.455756754469028,2.101621338991047,0.001,Haut-Haut,Morelia,Caquetá
18592,2008,5.2484963699394225,2.024438180145656,0.005,Haut-Haut,Puerto Rico,Caquetá
18610,2008,5.262133775875232,2.671870762905508,0.002,Haut-Haut,San José del Fragua,Caquetá
18753,2008,5.067923126989363,2.5044282599626824,0.002,Haut-Haut,San Vicente del Caguán,Caquetá
18756,2008,5.236948139641357,1.2966900206714114,0.071,Non significatif,Solano,Caquetá
18785,2008,5.678446655405913,4.049809123248736,0.001,Haut-Haut,Solita,Caquetá
18860,2008,5.37299160715393,3.5579037272729095,0.001,Haut-Haut,Valparaíso,Caquetá
19001,2008,0.8364805075798408,-0.29770730720594274,0.286,Non significatif,Popayán,Cauca
19022,2008,3.865108266279028,0.9474579567113318,0.013,Haut-Haut,Almaguer,Cauca
19050,2008,5.558747163012791,3.383393428222955,0.001,Haut-Haut,Argelia,Cauca
19075,2008,5.036446310286145,2.6992455937260704,0.001,Haut-Haut,Balboa,Cauca
19100,2008,4.354450911950624,1.1750163069338302,0.018,Haut-Haut,Bolívar,Cauca
19110,2008,3.0537926675455083,-0.10267491072206725,0.264,Non significatif,Buenos Aires,Cauca
19130,2008,3.543301282798309,-0.007153930280980116,0.496,Non significatif,Cajibío,Cauca
19137,2008,2.975221057355274,0.04027874161643655,0.411,Non significatif,Caldono,Cauca
19142,2008,2.6636487047627524,-0.0808976951580848,0.092,Non significatif,Caloto,Cauca
19212,2008,3.2801292944875393,0.11089427176058797,0.343,Non significatif,Corinto,Cauca
19256,2008,4.439414176454968,1.2277359974541096,0.019,Haut-Haut,El Tambo,Cauca
19290,2008,3.860385177363656,0.445871538993052,0.155,Non significatif,Florencia,Cauca
19300,2008,0.1445081246726712,0.5083339719095383,0.198,Non significatif,Guachené,Cauca
19318,2008,3.4575352970409843,1.0618600066347745,0.001,Haut-Haut,Guapi,Cauca
19355,2008,3.0145672221334117,0.06651520736468607,0.357,Non significatif,Inzá,Cauca
19364,2008,4.117605583971766,0.24572660790194942,0.326,Non significatif,Jambaló,Cauca
19392,2008,3.7068648979372427,0.780888149345577,0.019,Haut-Haut,La Sierra,Cauca
19397,2008,4.390620421505638,1.283215156762141,0.014,Haut-Haut,La Vega,Cauca
19418,2008,5.341376506014104,1.534262831724964,0.044,Haut-Haut,López de Micay,Cauca
19450,2008,4.248453882545439,1.0746031683169883,0.023,Haut-Haut,Mercaderes,Cauca
19455,2008,3.081614136525663,-0.12360236854605497,0.234,Non significatif,Miranda,Cauca
19473,2008,3.144256400865083,0.12089617579846865,0.294,Non significatif,Morales,Cauca
19513,2008,1.0548475761175145,0.3652153917226202,0.163,Non significatif,Padilla,Cauca
19517,2008,3.230676369835104,0.3727681382095706,0.066,Non significatif,Páez,Cauca
19532,2008,4.689747046244571,2.070567202384076,0.003,Haut-Haut,Patía,Cauca
19533,2008,5.1166585255072645,2.4955378287465924,0.003,Haut-Haut,Piamonte,Cauca
19548,2008,2.1349024616503924,-0.013008287160090478,0.45,Non significatif,Piendamó - Tunía,Cauca
19573,2008,2.0203389846573527,0.24022664271200164,0.026,Bas-Bas,Puerto Tejada,Cauca
19585,2008,2.959641957967426,0.022899845345753785,0.447,Non significatif,Puracé,Cauca
19622,2008,4.157495757173151,0.9938364278963877,0.023,Haut-Haut,Rosas,Cauca
19693,2008,3.8361392760531707,0.9578477478421014,0.01,Haut-Haut,San Sebastián,Cauca
19698,2008,1.9792899727438753,0.1098746216546555,0.186,Non significatif,Santander de Quilichao,Cauca
19701,2008,4.648061492827199,0.583944852684119,0.196,Non significatif,Santa Rosa,Cauca
19743,2008,2.215079822542671,-0.042898467294422045,0.279,Non significatif,Silvia,Cauca
19760,2008,3.484975800150333,0.34734887832201394,0.139,Non significatif,Sotará - Paispamba,Cauca
19780,2008,2.5419287057965434,0.013652878570563746,0.333,Non significatif,Suárez,Cauca
19785,2008,4.406368208747873,1.4662555188546915,0.005,Haut-Haut,Sucre,Cauca
19807,2008,3.0516115783075293,0.18138240486968457,0.164,Non significatif,Timbío,Cauca
19809,2008,5.267767512945206,2.5468459587175407,0.003,Haut-Haut,Timbiquí,Cauca
19821,2008,4.112563801502835,0.15159169915081366,0.392,Non significatif,Toribío,Cauca
19824,2008,2.182833171061502,0.02348087159075213,0.381,Non significatif,Totoró,Cauca
19845,2008,0.5995846224582662,0.6838502004342246,0.089,Non significatif,Villa Rica,Cauca
20001,2008,2.5625799191208833,0.05638366816405827,0.066,Non significatif,Valledupar,Cesar
20011,2008,2.97299336078633,0.06391448501322874,0.354,Non significatif,Aguachica,Cesar
20013,2008,3.3185693328810473,0.20066574401426698,0.229,Non significatif,Agustín Codazzi,Cesar
20032,2008,3.015836213147157,-0.030191913907312698,0.439,Non significatif,Astrea,Cesar
20045,2008,2.919947491812275,0.10779623311300623,0.236,Non significatif,Becerril,Cesar
20060,2008,2.7230526377481636,0.1008640475994306,0.125,Non significatif,Bosconia,Cesar
20175,2008,3.0632428127518403,0.21280930497101616,0.136,Non significatif,Chimichagua,Cesar
20178,2008,3.1977243549235475,0.13002611257724533,0.294,Non significatif,Chiriguaná,Cesar
20228,2008,3.7095635064478327,0.4735812936134621,0.122,Non significatif,Curumaní,Cesar
20238,2008,3.5109200778074863,0.4648492122554553,0.078,Non significatif,El Copey,Cesar
20250,2008,2.2252935082761587,-0.037610954292198545,0.293,Non significatif,El Paso,Cesar
20295,2008,2.812980870295812,0.1588583226605313,0.083,Non significatif,Gamarra,Cesar
20310,2008,2.879558927474394,0.2125751156190293,0.058,Non significatif,González,Cesar
20383,2008,3.680405291060215,0.5544555398544085,0.074,Non significatif,La Gloria,Cesar
20400,2008,2.2336742486131134,-0.0563100217733435,0.197,Non significatif,La Jagua de Ibirico,Cesar
20443,2008,3.0565158698693358,0.2878300638684578,0.07,Non significatif,Manaure Balcón del Cesar,Cesar
20517,2008,3.6052296512457516,0.7085461908083129,0.019,Haut-Haut,Pailitas,Cesar
20550,2008,4.464612482090139,0.8696182807624777,0.083,Non significatif,Pelaya,Cesar
20570,2008,3.492802085961547,0.4682585054144319,0.076,Non significatif,Pueblo Bello,Cesar
20614,2008,2.315954324851319,-0.022582400809457975,0.291,Non significatif,Río de Oro,Cesar
20621,2008,3.906657634751292,0.4021099179951931,0.191,Non significatif,La Paz,Cesar
20710,2008,3.3941253312383757,0.33806980944688464,0.129,Non significatif,San Alberto,Cesar
20750,2008,3.294347452020605,0.27807485287858313,0.143,Non significatif,San Diego,Cesar
20770,2008,2.9880949403158947,0.13027576606655047,0.221,Non significatif,San Martín,Cesar
20787,2008,3.0202333642091554,0.334967634749297,0.024,Haut-Haut,Tamalameque,Cesar
23001,2008,1.8218397166374327,0.06992008397534438,0.351,Non significatif,Montería,Córdoba
23068,2008,2.7150077926773952,0.04937018008773871,0.283,Non significatif,Ayapel,Córdoba
23079,2008,2.7502886873993173,0.054174373947202994,0.289,Non significatif,Buenavista,Córdoba
23090,2008,3.5397928710989133,0.22857513260646875,0.255,Non significatif,Canalete,Córdoba
23162,2008,0.638247349588622,1.020027558417929,0.028,Bas-Bas,Cereté,Córdoba
23168,2008,1.398866102412045,0.6583423387593623,0.019,Bas-Bas,Chimá,Córdoba
23182,2008,1.5927470230007854,0.18837649466337691,0.196,Non significatif,Chinú,Córdoba
23189,2008,0.9569274323520408,0.9307448923612499,0.02,Bas-Bas,Ciénaga de Oro,Córdoba
23300,2008,0.522461175460583,1.0745581749647144,0.029,Bas-Bas,Cotorra,Córdoba
23350,2008,2.384702018021665,-0.017865278696730658,0.164,Non significatif,La Apartada,Córdoba
23417,2008,1.7463859487874591,0.26808679541182534,0.081,Non significatif,Lorica,Córdoba
23419,2008,2.545235319675448,0.04018994828625636,0.101,Non significatif,Los Córdobas,Córdoba
23464,2008,1.5400523103366206,0.4556094581040571,0.037,Bas-Bas,Momil,Córdoba
23466,2008,4.159968140262212,1.1351639248713925,0.013,Haut-Haut,Montelíbano,Córdoba
23500,2008,3.0346104030751797,-0.17175741299942945,0.142,Non significatif,Moñitos,Córdoba
23555,2008,2.794640213886348,0.01690239745586958,0.45,Non significatif,Planeta Rica,Córdoba
23570,2008,2.243784538370722,0.03764103777397289,0.247,Non significatif,Pueblo Nuevo,Córdoba
23574,2008,3.146013246450673,-0.015026594200726065,0.475,Non significatif,Puerto Escondido,Córdoba
23580,2008,5.749105466407215,3.0762822035540456,0.003,Haut-Haut,Puerto Libertador,Córdoba
23586,2008,0.7558275110153094,0.6913695341239924,0.07,Non significatif,Purísima de la Concepción,Córdoba
23660,2008,1.0495554808063787,0.6720019969132082,0.041,Bas-Bas,Sahagún,Córdoba
23670,2008,1.6271840424153357,0.4454340888498637,0.029,Bas-Bas,San Andrés de Sotavento,Córdoba
23672,2008,1.7267421425634126,0.2358049796740038,0.112,Non significatif,San Antero,Córdoba
23675,2008,2.28336754189366,0.05077149065335436,0.125,Non significatif,San Bernardo del Viento,Córdoba
23678,2008,1.2469362262019057,0.6767803287269922,0.027,Bas-Bas,San Carlos,Córdoba
23682,2008,3.872150571329451,1.1291708321621048,0.003,Haut-Haut,San José de Uré,Córdoba
23686,2008,1.1012776742630783,0.5440956286598605,0.075,Non significatif,San Pelayo,Córdoba
23807,2008,4.833066713210182,1.9565470630062267,0.003,Haut-Haut,Tierralta,Córdoba
23815,2008,0.36281573769659486,0.6878951287822352,0.109,Non significatif,Tuchín,Córdoba
23855,2008,4.913307015680629,1.2572000181563603,0.042,Haut-Haut,Valencia,Córdoba
25001,2008,0.7227560022740714,1.2507732400718221,0.007,Bas-Bas,Agua de Dios,Cundinamarca
25019,2008,1.9302665932356644,0.1478448609844196,0.148,Non significatif,Albán,Cundinamarca
25035,2008,0.6680872017467042,-0.07795586512934562,0.458,Non significatif,Anapoima,Cundinamarca
25040,2008,1.3973364051560746,0.4921361900040218,0.045,Bas-Bas,Anolaima,Cundinamarca
25053,2008,2.5068912532454557,0.005424167851602341,0.403,Non significatif,Arbeláez,Cundinamarca
25086,2008,3.210458784501014,0.22810471560371642,0.169,Non significatif,Beltrán,Cundinamarca
25095,2008,1.4868962031937922,0.09197115055496567,0.368,Non significatif,Bituima,Cundinamarca
25099,2008,0.0,1.9098839441291402,0.004,Bas-Bas,Bojacá,Cundinamarca
25120,2008,4.170331866220682,1.181917240526191,0.007,Haut-Haut,Cabrera,Cundinamarca
25123,2008,0.08320951024997583,0.9301009861084271,0.072,Non significatif,Cachipay,Cundinamarca
25126,2008,0.0664713611690245,2.319324859326384,0.001,Bas-Bas,Cajicá,Cundinamarca
25148,2008,3.2802812157139556,-0.029783246858025324,0.457,Non significatif,Caparrapí,Cundinamarca
25151,2008,0.2929255621770759,1.0201079929807972,0.047,Bas-Bas,Cáqueza,Cundinamarca
25154,2008,0.6322474100599833,1.5954935278818547,0.002,Bas-Bas,Carmen de Carupa,Cundinamarca
25168,2008,2.610946358819125,-0.02849414741934412,0.274,Non significatif,Chaguaní,Cundinamarca
25175,2008,0.047089634016663884,2.388712339028999,0.001,Bas-Bas,Chía,Cundinamarca
25178,2008,1.4212892462190174,0.6086257911896893,0.02,Bas-Bas,Chipaque,Cundinamarca
25181,2008,1.5145917262110138,0.5117224947138453,0.027,Bas-Bas,Choachí,Cundinamarca
25183,2008,0.2748562124968072,1.932388903762934,0.002,Bas-Bas,Chocontá,Cundinamarca
25200,2008,0.5223658732689382,1.8450244737953219,0.001,Bas-Bas,Cogua,Cundinamarca
25214,2008,0.0716370060016488,2.4107464403477272,0.001,Bas-Bas,Cota,Cundinamarca
25224,2008,0.0,2.4815699442892063,0.001,Bas-Bas,Cucunubá,Cundinamarca
25245,2008,2.5492496973961263,-0.05175406196128487,0.044,Atypique,El Colegio,Cundinamarca
25258,2008,3.530388857320343,0.17242768651708285,0.303,Non significatif,El Peñón,Cundinamarca
25260,2008,0.0,2.3900491303498566,0.001,Bas-Bas,El Rosal,Cundinamarca
25269,2008,0.40589217532900246,1.5142796392414126,0.007,Bas-Bas,Facatativá,Cundinamarca
25279,2008,1.1314504761224133,0.3879306698232625,0.129,Non significatif,Fómeque,Cundinamarca
25281,2008,0.8006837011520438,0.8725364923051114,0.029,Bas-Bas,Fosca,Cundinamarca
25286,2008,0.06693037575872107,2.402939407896816,0.001,Bas-Bas,Funza,Cundinamarca
25288,2008,0.0,2.474434751748272,0.001,Bas-Bas,Fúquene,Cundinamarca
25290,2008,1.1381494659311298,-0.25466502198330904,0.268,Non significatif,Fusagasugá,Cundinamarca
25293,2008,2.1576115209689153,0.04041199373459588,0.306,Non significatif,Gachalá,Cundinamarca
25295,2008,0.0,2.4020495638812847,0.001,Bas-Bas,Gachancipá,Cundinamarca
25297,2008,0.4059464344811286,1.4265645603439223,0.01,Bas-Bas,Gachetá,Cundinamarca
25299,2008,0.5315593889540116,0.6157374081098846,0.109,Non significatif,Gama,Cundinamarca
25307,2008,0.6053710233078975,1.0963262808967937,0.019,Bas-Bas,Girardot,Cundinamarca
25312,2008,1.6383118883306766,0.297949245022797,0.087,Non significatif,Granada,Cundinamarca
25317,2008,0.0,2.5386753084255336,0.001,Bas-Bas,Guachetá,Cundinamarca
25320,2008,1.772931670822455,0.23682530083982065,0.096,Non significatif,Guaduas,Cundinamarca
25322,2008,0.15669785337347739,1.8279071222244938,0.004,Bas-Bas,Guasca,Cundinamarca
25324,2008,0.0,1.4603223270422476,0.019,Bas-Bas,Guataquí,Cundinamarca
25326,2008,0.0,2.393681139129833,0.001,Bas-Bas,Guatavita,Cundinamarca
25328,2008,3.1869741531619433,-0.2933589362722878,0.075,Non significatif,Guayabal de Síquima,Cundinamarca
25335,2008,1.7462263095822672,0.31344468853633994,0.051,Non significatif,Guayabetal,Cundinamarca
25339,2008,3.0953455000863803,-0.3095626333944737,0.048,Atypique,Gutiérrez,Cundinamarca
25368,2008,1.5754616308842022,0.19312653143785471,0.203,Non significatif,Jerusalén,Cundinamarca
25372,2008,1.3354776945615867,0.738332301368429,0.012,Bas-Bas,Junín,Cundinamarca
25377,2008,0.9897433678481082,1.0182365793634969,0.01,Bas-Bas,La Calera,Cundinamarca
25386,2008,1.369204672036928,0.37461749900640706,0.097,Non significatif,La Mesa,Cundinamarca
25394,2008,2.6934696742218334,0.04087007974029943,0.298,Non significatif,La Palma,Cundinamarca
25398,2008,2.050999008625251,0.02888828424820956,0.403,Non significatif,La Peña,Cundinamarca
25402,2008,0.41750266796043983,1.2460592185254344,0.016,Bas-Bas,La Vega,Cundinamarca
25407,2008,0.0,2.488985106622501,0.001,Bas-Bas,Lenguazaque,Cundinamarca
25426,2008,1.5003388463500416,0.6150125896235805,0.012,Bas-Bas,Machetá,Cundinamarca
25430,2008,0.15131263582717333,2.268931342319984,0.001,Bas-Bas,Madrid,Cundinamarca
25436,2008,0.0,1.25408229155644,0.036,Bas-Bas,Manta,Cundinamarca
25438,2008,3.3430258781027598,-0.11405067613856401,0.335,Non significatif,Medina,Cundinamarca
25473,2008,0.10468788720489942,1.9578482611636283,0.003,Bas-Bas,Mosquera,Cundinamarca
25483,2008,0.0,1.406373262158547,0.023,Bas-Bas,Nariño,Cundinamarca
25486,2008,0.0,2.280372363058944,0.001,Bas-Bas,Nemocón,Cundinamarca
25488,2008,0.8535040782810861,0.7679531427773584,0.046,Bas-Bas,Nilo,Cundinamarca
25489,2008,1.0082235175872674,0.5606163382358966,0.078,Non significatif,Nimaima,Cundinamarca
25491,2008,0.6362769532356468,0.9987438017732428,0.026,Bas-Bas,Nocaima,Cundinamarca
25506,2008,3.915625343739432,0.6007285833813145,0.091,Non significatif,Venecia,Cundinamarca
25513,2008,1.6896318469414213,-0.019471643680515523,0.476,Non significatif,Pacho,Cundinamarca
25518,2008,2.8219684439920614,0.06357124882885931,0.292,Non significatif,Paime,Cundinamarca
25524,2008,3.5449826450448265,0.3355926576862035,0.159,Non significatif,Pandi,Cundinamarca
25530,2008,1.6837085763645905,-0.03312343699997094,0.455,Non significatif,Paratebueno,Cundinamarca
25535,2008,3.2221347520771224,-0.33554684472136936,0.061,Non significatif,Pasca,Cundinamarca
25572,2008,1.9950261829607738,-0.11201516314635002,0.21,Non significatif,Puerto Salgar,Cundinamarca
25580,2008,3.1775349383813114,0.19266216924015353,0.197,Non significatif,Pulí,Cundinamarca
25592,2008,0.8164658733467631,0.8227886503193126,0.038,Bas-Bas,Quebradanegra,Cundinamarca
25594,2008,0.48481547468794867,0.9972374159254803,0.037,Bas-Bas,Quetame,Cundinamarca
25596,2008,3.472391395920811,-0.41142560172112475,0.078,Non significatif,Quipile,Cundinamarca
25599,2008,1.7360078741704668,0.14073151052305127,0.237,Non significatif,Apulo,Cundinamarca
25612,2008,0.73286051752018,1.2901544932066151,0.007,Bas-Bas,Ricaurte,Cundinamarca
25645,2008,1.4248991091435976,0.5158599378394155,0.039,Bas-Bas,San Antonio del Tequendama,Cundinamarca
25649,2008,2.7414862027195848,0.053369628450424235,0.287,Non significatif,San Bernardo,Cundinamarca
25653,2008,2.3555013774486038,0.028137156419601687,0.114,Non significatif,San Cayetano,Cundinamarca
25658,2008,0.0,1.916435450156046,0.004,Bas-Bas,San Francisco,Cundinamarca
25662,2008,3.263560810333911,0.010620300646574281,0.492,Non significatif,San Juan de Rioseco,Cundinamarca
25718,2008,1.4511033393864077,0.4288966983773665,0.064,Non significatif,Sasaima,Cundinamarca
25736,2008,0.0,2.4815699442892063,0.001,Bas-Bas,Sesquilé,Cundinamarca
25740,2008,0.57110150191198,0.8983339750424222,0.048,Bas-Bas,Sibaté,Cundinamarca
25743,2008,2.5921602862338964,-0.03422758200922491,0.201,Non significatif,Silvania,Cundinamarca
25745,2008,0.30919890563776437,2.0721040104384447,0.001,Bas-Bas,Simijaca,Cundinamarca
25754,2008,0.7307128948868543,0.8575144559870282,0.041,Bas-Bas,Soacha,Cundinamarca
25758,2008,0.35779200382519366,2.0950804805540497,0.001,Bas-Bas,Sopó,Cundinamarca
25769,2008,0.15815405226396298,2.1862480328653042,0.001,Bas-Bas,Subachoque,Cundinamarca
25772,2008,0.0,2.4815699442892063,0.001,Bas-Bas,Suesca,Cundinamarca
25777,2008,0.96816858317326,0.9336529647952652,0.014,Bas-Bas,Supatá,Cundinamarca
25779,2008,0.0,2.3080094840291263,0.001,Bas-Bas,Susa,Cundinamarca
25781,2008,0.0,2.285639539253043,0.001,Bas-Bas,Sutatausa,Cundinamarca
25785,2008,0.0,2.4399383310722254,0.001,Bas-Bas,Tabio,Cundinamarca
25793,2008,0.5856496157769294,1.715739070609745,0.001,Bas-Bas,Tausa,Cundinamarca
25797,2008,1.3455623378174948,0.6342026952426995,0.022,Bas-Bas,Tena,Cundinamarca
25799,2008,0.0,2.5001023709827077,0.001,Bas-Bas,Tenjo,Cundinamarca
25805,2008,2.583514035799324,-0.006734169224184035,0.446,Non significatif,Tibacuy,Cundinamarca
25807,2008,1.1185718881455757,1.0215276907273003,0.006,Bas-Bas,Tibirita,Cundinamarca
25815,2008,1.4789467734188662,0.6013767706834997,0.015,Bas-Bas,Tocaima,Cundinamarca
25817,2008,0.13523320245606232,2.274978608703472,0.001,Bas-Bas,Tocancipá,Cundinamarca
25823,2008,3.672438334885929,0.2608047338875875,0.248,Non significatif,Topaipí,Cundinamarca
25839,2008,2.5794450045281816,-0.04579791163725425,0.106,Non significatif,Ubalá,Cundinamarca
25841,2008,1.90597477343916,0.32272523948013726,0.019,Bas-Bas,Ubaque,Cundinamarca
25843,2008,0.0,2.4073167400753825,0.001,Bas-Bas,Villa de San Diego de Ubaté,Cundinamarca
25845,2008,2.0276388409217208,0.22708279292924374,0.028,Bas-Bas,Une,Cundinamarca
25851,2008,1.6103615195113594,0.35524381368862085,0.07,Non significatif,Útica,Cundinamarca
25862,2008,2.5115075500140733,-0.023168479563468295,0.102,Non significatif,Vergara,Cundinamarca
25867,2008,1.310348307275554,-0.025019605599234048,0.476,Non significatif,Vianí,Cundinamarca
25871,2008,3.157126302263695,0.11224888476128081,0.304,Non significatif,Villagómez,Cundinamarca
25873,2008,0.23916598505840106,1.9578557189709342,0.002,Bas-Bas,Villapinzón,Cundinamarca
25875,2008,0.9660354809171827,0.5274057832202546,0.095,Non significatif,Villeta,Cundinamarca
25878,2008,3.6085315753727842,-0.2069542061620118,0.266,Non significatif,Viotá,Cundinamarca
25885,2008,3.9521048970680654,0.3559450808146205,0.22,Non significatif,Yacopí,Cundinamarca
25898,2008,0.0,1.8671803486257665,0.007,Bas-Bas,Zipacón,Cundinamarca
25899,2008,0.20352002090444712,2.189346334541947,0.001,Bas-Bas,Zipaquirá,Cundinamarca
27001,2008,3.521009099283816,0.5776464564244999,0.036,Haut-Haut,Quibdó,Chocó
27006,2008,3.493620103097312,0.6454348627327221,0.014,Haut-Haut,Acandí,Chocó
27025,2008,4.920465625458613,0.8514303406997271,0.135,Non significatif,Alto Baudó,Chocó
27050,2008,3.925147786977884,0.0682198968490457,0.449,Non significatif,Atrato,Chocó
27073,2008,4.3786480983058516,0.9303667634531393,0.05,Non significatif,Bagadó,Chocó
27075,2008,4.3847264660673915,1.6442779954327071,0.003,Haut-Haut,Bahía Solano,Chocó
27077,2008,4.242137625781725,1.4155317197009891,0.003,Haut-Haut,Bajo Baudó,Chocó
27099,2008,4.711316051224802,1.3283327258843702,0.018,Haut-Haut,Bojayá,Chocó
27135,2008,2.9701958625681772,0.10252022980845112,0.266,Non significatif,El Cantón del San Pablo,Chocó
27150,2008,1.855740372313147,-0.4839823623633842,0.003,Atypique,Carmen del Darién,Chocó
27160,2008,1.2934391109694285,-0.45642604788760166,0.099,Non significatif,Cértegui,Chocó
27205,2008,3.810808861297845,0.8857922206319252,0.011,Haut-Haut,Condoto,Chocó
27245,2008,3.4455069294829985,0.004772567193909992,0.493,Non significatif,El Carmen de Atrato,Chocó
27250,2008,3.8669150633998965,0.975804451763303,0.008,Haut-Haut,El Litoral del San Juan,Chocó
27361,2008,5.445154032820813,2.3884939601550137,0.003,Haut-Haut,Istmina,Chocó
27372,2008,2.1873462695961305,-0.13738982767682817,0.032,Atypique,Juradó,Chocó
27413,2008,3.6147900526472956,0.42973864404667783,0.123,Non significatif,Lloró,Chocó
27425,2008,4.792204736786103,1.5904253833002908,0.011,Haut-Haut,Medio Atrato,Chocó
27430,2008,4.408977479917919,1.1160263526269765,0.022,Haut-Haut,Medio Baudó,Chocó
27450,2008,4.107958680512806,1.452509773079245,0.003,Haut-Haut,Medio San Juan,Chocó
27491,2008,4.545269293141786,1.632920402291772,0.003,Haut-Haut,Nóvita,Chocó
27495,2008,3.097478078348906,0.40092000703712555,0.015,Haut-Haut,Nuquí,Chocó
27580,2008,3.719666647216825,0.48389346109007686,0.109,Non significatif,Río Iró,Chocó
27600,2008,2.748849296023093,0.0784165183927033,0.205,Non significatif,Río Quito,Chocó
27615,2008,4.153966548155947,0.5422917849619691,0.151,Non significatif,Riosucio,Chocó
27660,2008,5.949507145133525,1.5811549438919825,0.064,Non significatif,San José del Palmar,Chocó
27745,2008,4.2752138961427795,1.3069977756466706,0.006,Haut-Haut,Sipí,Chocó
27787,2008,3.4929035748781874,0.46879898008264637,0.068,Non significatif,Tadó,Chocó
27800,2008,4.206480029674355,0.9573493968204645,0.028,Haut-Haut,Unguía,Chocó
27810,2008,2.1334171959290535,-0.09236425376042992,0.171,Non significatif,Unión Panamericana,Chocó
41001,2008,2.139601252527758,-0.1181579508397752,0.105,Non significatif,Neiva,Huila
41006,2008,3.8967975013754246,0.46172290059889876,0.15,Non significatif,Acevedo,Huila
41013,2008,1.6039851268546885,-0.008162611007977882,0.493,Non significatif,Agrado,Huila
41016,2008,3.7175527637683987,0.5142140847904182,0.09,Non significatif,Aipe,Huila
41020,2008,4.861087369220615,0.5278075292991422,0.235,Non significatif,Algeciras,Huila
41026,2008,1.9184708739090044,0.06273837231699143,0.348,Non significatif,Altamira,Huila
41078,2008,4.5152382760362055,0.7785827244310173,0.11,Non significatif,Baraya,Huila
41132,2008,3.2302623802638166,0.2153257544134115,0.18,Non significatif,Campoalegre,Huila
41206,2008,5.732669492681393,2.7329628731669313,0.003,Haut-Haut,Colombia,Huila
41244,2008,0.0,-0.3794556762844342,0.302,Non significatif,Elías,Huila
41298,2008,3.1407924219359207,0.020843192676090284,0.464,Non significatif,Garzón,Huila
41306,2008,3.849478096041646,0.07132959996856837,0.441,Non significatif,Gigante,Huila
41319,2008,2.8856299511001047,0.05348383051730401,0.34,Non significatif,Guadalupe,Huila
41349,2008,3.250679774532174,0.26958648577681565,0.132,Non significatif,Hobo,Huila
41357,2008,4.126168395703951,0.359391519609805,0.239,Non significatif,Íquira,Huila
41359,2008,3.291581759521901,0.256782040471418,0.161,Non significatif,Isnos,Huila
41378,2008,2.991172418601521,0.03869917529913731,0.411,Non significatif,La Argentina,Huila
41396,2008,2.9699884237618104,0.11185939959589772,0.241,Non significatif,La Plata,Huila
41483,2008,3.557485642129095,0.2782404970021199,0.205,Non significatif,Nátaga,Huila
41503,2008,3.543321684665707,-0.034275803073764564,0.458,Non significatif,Oporapa,Huila
41518,2008,2.1036256121810717,-0.052691189659484716,0.304,Non significatif,Paicol,Huila
41524,2008,2.87079899461039,0.05784437088918341,0.326,Non significatif,Palermo,Huila
41530,2008,2.6733222175378524,0.10312102858306417,0.067,Non significatif,Palestina,Huila
41548,2008,2.3131876932054958,0.008502386039937183,0.416,Non significatif,Pital,Huila
41551,2008,2.7071930497044536,0.008977119729755699,0.46,Non significatif,Pitalito,Huila
41615,2008,2.965550135574887,0.22575956163996896,0.077,Non significatif,Rivera,Huila
41660,2008,3.2457111743735103,0.2632266472014218,0.137,Non significatif,Saladoblanco,Huila
41668,2008,3.294274675073101,0.2762952664084199,0.142,Non significatif,San Agustín,Huila
41676,2008,3.985696734306235,0.5999888028003094,0.098,Non significatif,Santa María,Huila
41770,2008,2.968137735212883,-0.03387491301644171,0.416,Non significatif,Suaza,Huila
41791,2008,2.8572520940627433,-0.05925747987501106,0.314,Non significatif,Tarqui,Huila
41797,2008,2.716789644496235,0.06751554359467637,0.209,Non significatif,Tesalia,Huila
41799,2008,4.206796440794099,0.6214225548028878,0.123,Non significatif,Tello,Huila
41801,2008,2.980425484126038,0.17393263595516548,0.145,Non significatif,Teruel,Huila
41807,2008,2.758195698036461,-0.024906564853037428,0.401,Non significatif,Timaná,Huila
41872,2008,3.0270706889788164,0.40461110145914486,0.007,Haut-Haut,Villavieja,Huila
41885,2008,1.4913109994459155,-0.330820284660346,0.129,Non significatif,Yaguará,Huila
44001,2008,3.469586071696239,-0.23937283574401386,0.208,Non significatif,Riohacha,La Guajira
44035,2008,1.7690078119318824,0.19475341547902875,0.145,Non significatif,Albania,La Guajira
44078,2008,1.9520942442972002,0.051306222765966705,0.371,Non significatif,Barrancas,La Guajira
44090,2008,4.530121665672266,0.5704478065266367,0.181,Non significatif,Dibulla,La Guajira
44098,2008,1.868044525925602,-0.035637941132272276,0.423,Non significatif,Distracción,La Guajira
44110,2008,4.332219333685891,0.4433161425975613,0.215,Non significatif,El Molino,La Guajira
44279,2008,2.6969376625002703,-0.0021699789975833383,0.49,Non significatif,Fonseca,La Guajira
44378,2008,1.1881061618608424,0.04946335627314244,0.449,Non significatif,Hatonuevo,La Guajira
44420,2008,3.2202277111205855,0.35392908911133814,0.064,Non significatif,La Jagua del Pilar,La Guajira
44430,2008,1.878676054169823,0.1683708670894024,0.142,Non significatif,Maicao,La Guajira
44560,2008,0.33578246421118924,0.35154078801993394,0.294,Non significatif,Manaure,La Guajira
44650,2008,2.7777087293720686,0.08413026754763298,0.196,Non significatif,San Juan del Cesar,La Guajira
44847,2008,0.2066639564161154,0.9691054633520518,0.07,Non significatif,Uribia,La Guajira
44855,2008,3.3204522710536923,0.3080052076586175,0.119,Non significatif,Urumita,La Guajira
44874,2008,2.9649533633985947,0.19885423168602906,0.102,Non significatif,Villanueva,La Guajira
47001,2008,3.1065497204356975,0.39853072848945253,0.017,Haut-Haut,Santa Marta,Magdalena
47030,2008,3.544599650089803,0.5742027390233488,0.032,Haut-Haut,Algarrobo,Magdalena
47053,2008,4.213213107984616,1.0088659503984823,0.021,Haut-Haut,Aracataca,Magdalena
47058,2008,3.073333433001012,0.11434148922090835,0.261,Non significatif,Ariguaní,Magdalena
47161,2008,2.63508839238081,-0.08390456911342342,0.066,Non significatif,Cerro de San Antonio,Magdalena
47170,2008,2.8575910301119096,0.07374264727844093,0.266,Non significatif,Chivolo,Magdalena
47189,2008,3.601693322265473,0.5308833515685162,0.063,Non significatif,Ciénaga,Magdalena
47205,2008,1.784820613595215,0.08908538025491491,0.332,Non significatif,Concordia,Magdalena
47245,2008,2.7272121493121784,0.020731884771813522,0.405,Non significatif,El Banco,Magdalena
47258,2008,1.917111851345182,0.13475032548669244,0.185,Non significatif,El Piñón,Magdalena
47268,2008,3.3451433415211578,0.3875278325286081,0.077,Non significatif,El Retén,Magdalena
47288,2008,3.888485415849824,0.6270233960944048,0.074,Non significatif,Fundación,Magdalena
47318,2008,2.3658102355495916,0.008563760963165173,0.368,Non significatif,Guamal,Magdalena
47460,2008,2.5643222788966535,0.022086831701395217,0.258,Non significatif,Nueva Granada,Magdalena
47541,2008,3.05991222996813,-0.08572355204646236,0.325,Non significatif,Pedraza,Magdalena
47545,2008,1.9388308100911917,0.004832770646398212,0.489,Non significatif,Pijiño del Carmen,Magdalena
47551,2008,4.118721538026304,0.08264445890786729,0.432,Non significatif,Pivijay,Magdalena
47555,2008,3.0936138421664205,0.16617777673940348,0.19,Non significatif,Plato,Magdalena
47570,2008,2.349609062292465,-0.03867697392184705,0.082,Non significatif,Puebloviejo,Magdalena
47605,2008,2.6087239730165983,-0.11304906325070052,0.012,Atypique,Remolino,Magdalena
47660,2008,4.113349911201538,0.6935416686821553,0.082,Non significatif,Sabanas de San Ángel,Magdalena
47675,2008,2.0708159469033878,0.2829789114685055,0.009,Bas-Bas,Salamina,Magdalena
47692,2008,2.0050117514549823,0.058636973495568546,0.335,Non significatif,San Sebastián de Buenavista,Magdalena
47703,2008,1.9298483079823925,0.054814197312094616,0.372,Non significatif,San Zenón,Magdalena
47707,2008,2.155453028679296,0.03813575486157622,0.336,Non significatif,Santa Ana,Magdalena
47720,2008,2.2253471522424144,-0.01372715572975888,0.412,Non significatif,Santa Bárbara de Pinto,Magdalena
47745,2008,2.895872061723922,-0.37588959210428935,0.003,Atypique,Sitionuevo,Magdalena
47798,2008,3.780975509277389,0.40902869539888587,0.153,Non significatif,Tenerife,Magdalena
47960,2008,2.718947502491842,0.04443063372699865,0.282,Non significatif,Zapayán,Magdalena
47980,2008,4.597425634577965,0.7139552620792519,0.128,Non significatif,Zona Bananera,Magdalena
50001,2008,1.0357563905974874,0.2393774615725808,0.283,Non significatif,Villavicencio,Meta
50006,2008,1.9077918712544044,0.11233180633943715,0.232,Non significatif,Acacías,Meta
50110,2008,2.9265084740628846,-0.016977186013665928,0.456,Non significatif,Barranca de Upía,Meta
50124,2008,2.344779874575527,-0.003936553042540912,0.44,Non significatif,Cabuyaro,Meta
50150,2008,2.0846191949433432,0.04672179488041245,0.341,Non significatif,Castilla la Nueva,Meta
50223,2008,4.02181825098947,0.5655252038318868,0.116,Non significatif,Cubarral,Meta
50226,2008,2.1847139113686285,0.04139217876551855,0.3,Non significatif,Cumaral,Meta
50245,2008,2.259993218389177,0.09055740594411457,0.046,Bas-Bas,El Calvario,Meta
50251,2008,4.382051750090691,1.0378161384576188,0.025,Haut-Haut,El Castillo,Meta
50270,2008,3.021961007342194,0.232677508801138,0.088,Non significatif,El Dorado,Meta
50287,2008,2.9692047296045714,0.32425667041433176,0.015,Haut-Haut,Fuente de Oro,Meta
50313,2008,2.6138281634706266,0.10138364694172998,0.016,Haut-Haut,Granada,Meta
50318,2008,1.8653944892516203,-0.07740724474504408,0.313,Non significatif,Guamal,Meta
50325,2008,6.642813818029919,3.2589193325309442,0.003,Haut-Haut,Mapiripán,Meta
50330,2008,5.168528963379005,1.9654907304358504,0.008,Haut-Haut,Mesetas,Meta
50350,2008,4.233437734283791,2.1791382575538956,0.001,Haut-Haut,La Macarena,Meta
50370,2008,4.848508416557388,2.2392990092964835,0.003,Haut-Haut,Uribe,Meta
50400,2008,4.0696109886153735,0.509491029211407,0.143,Non significatif,Lejanías,Meta
50450,2008,5.08125028858201,2.9049161321442996,0.001,Haut-Haut,Puerto Concordia,Meta
50568,2008,3.024059186947854,0.17044104322471434,0.161,Non significatif,Puerto Gaitán,Meta
50573,2008,3.4879839931814236,0.04634447554880235,0.437,Non significatif,Puerto López,Meta
50577,2008,4.670567325781716,1.958403200401945,0.003,Haut-Haut,Puerto Lleras,Meta
50590,2008,5.640443767045235,2.6270130342271902,0.004,Haut-Haut,Puerto Rico,Meta
50606,2008,1.9325582231238057,0.027249874920153454,0.432,Non significatif,Restrepo,Meta
50680,2008,2.1096369959612304,0.05752720778344266,0.27,Non significatif,San Carlos de Guaroa,Meta
50683,2008,4.789817958049034,1.184056288088974,0.035,Haut-Haut,San Juan de Arama,Meta
50686,2008,2.768566129413938,-0.1339016957308637,0.073,Non significatif,San Juanito,Meta
50689,2008,2.9564343286969637,0.13523697185123812,0.186,Non significatif,San Martín,Meta
50711,2008,6.207898387235404,3.526392191961687,0.003,Haut-Haut,Vistahermosa,Meta
52001,2008,0.9076811875083887,0.5003963787329623,0.119,Non significatif,Pasto,Nariño
52019,2008,2.9380244029633262,-0.0059580120437132044,0.486,Non significatif,Albán,Nariño
52022,2008,0.9410446777010809,0.768465320901384,0.037,Bas-Bas,Aldana,Nariño
52036,2008,2.6544318555542996,-0.05790068266341298,0.154,Non significatif,Ancuya,Nariño
52051,2008,1.2795217100133482,0.10262490163660547,0.388,Non significatif,Arboleda,Nariño
52079,2008,5.189795133840445,2.632434158918034,0.002,Haut-Haut,Barbacoas,Nariño
52083,2008,3.153893750032244,0.024356386666253005,0.451,Non significatif,Belén,Nariño
52110,2008,3.206926195309536,0.0037714546855796343,0.483,Non significatif,Buesaco,Nariño
52203,2008,3.4175867468336976,0.2002505285079701,0.243,Non significatif,Colón,Nariño
52207,2008,1.6614132648230433,0.2292252698254528,0.141,Non significatif,Consacá,Nariño
52210,2008,1.0426261883128116,1.2070006833348617,0.003,Bas-Bas,Contadero,Nariño
52215,2008,4.48306735945109,-0.22026420326345406,0.362,Non significatif,Córdoba,Nariño
52224,2008,2.856349062644296,-0.27814165114315687,0.011,Atypique,Cuaspud Carlosama,Nariño
52227,2008,2.437464251975154,-0.0003722085106922938,0.423,Non significatif,Cumbal,Nariño
52233,2008,6.322736177975086,4.4577115021016755,0.001,Haut-Haut,Cumbitara,Nariño
52240,2008,0.864930778206166,-0.01502913953604241,0.478,Non significatif,Chachagüí,Nariño
52250,2008,5.450737943954032,2.2559568080747945,0.002,Haut-Haut,El Charco,Nariño
52254,2008,4.113875033679225,0.1502436175798815,0.388,Non significatif,El Peñol,Nariño
52256,2008,4.948999516518203,2.8379095678914097,0.001,Haut-Haut,El Rosario,Nariño
52258,2008,4.328257721774887,-0.23695168944772468,0.34,Non significatif,El Tablón de Gómez,Nariño
52260,2008,3.1969393640363015,0.08985978253708511,0.344,Non significatif,El Tambo,Nariño
52287,2008,2.679895812261294,-0.04698823414944848,0.24,Non significatif,Funes,Nariño
52317,2008,0.9028527113791605,0.7829921658010222,0.04,Bas-Bas,Guachucal,Nariño
52320,2008,1.89606816313497,0.20028602605660886,0.106,Non significatif,Guaitarilla,Nariño
52323,2008,0.0,1.748137787471693,0.01,Bas-Bas,Gualmatán,Nariño
52352,2008,0.5017601873977663,1.5836133661368228,0.003,Bas-Bas,Iles,Nariño
52354,2008,0.265366924907262,1.5923302700506674,0.01,Bas-Bas,Imués,Nariño
52356,2008,2.496208415171538,0.003191895366397268,0.425,Non significatif,Ipiales,Nariño
52378,2008,2.9706742248344242,0.033162276309954615,0.421,Non significatif,La Cruz,Nariño
52381,2008,3.004712012315648,-0.11703354398164814,0.232,Non significatif,La Florida,Nariño
52385,2008,4.9065147260557,2.7321980493234364,0.001,Haut-Haut,La Llanada,Nariño
52390,2008,4.232481726659219,1.517825963281364,0.002,Haut-Haut,La Tola,Nariño
52399,2008,2.0289522419884904,-0.06721721629861077,0.295,Non significatif,La Unión,Nariño
52405,2008,5.561672871324465,3.603255869042149,0.001,Haut-Haut,Leiva,Nariño
52411,2008,3.688808463350854,0.30085686039485976,0.221,Non significatif,Linares,Nariño
52418,2008,4.8781801452182805,3.4181275318408932,0.001,Haut-Haut,Los Andes,Nariño
52427,2008,4.374676670069846,2.2210911385477727,0.001,Haut-Haut,Magüí,Nariño
52435,2008,4.249081344024568,-0.05979445524823175,0.454,Non significatif,Mallama,Nariño
52473,2008,3.4570965306579646,0.980003665994229,0.001,Haut-Haut,Mosquera,Nariño
52480,2008,1.950089082232076,0.05874584473671291,0.346,Non significatif,Nariño,Nariño
52490,2008,5.320287582733107,2.326335555442413,0.002,Haut-Haut,Olaya Herrera,Nariño
52506,2008,0.0,1.7687371571666068,0.009,Bas-Bas,Ospina,Nariño
52520,2008,3.9420705767348476,1.4509902057101591,0.001,Haut-Haut,Francisco Pizarro,Nariño
52540,2008,6.8888568231629685,3.993160344093134,0.001,Haut-Haut,Policarpa,Nariño
52560,2008,2.2641566268059172,-0.01448534912517514,0.395,Non significatif,Potosí,Nariño
52565,2008,2.207338929100327,-0.00529819385245016,0.465,Non significatif,Providencia,Nariño
52573,2008,2.4656471555701116,-0.0006766734339831826,0.454,Non significatif,Puerres,Nariño
52585,2008,1.3195380967239754,0.618997665898871,0.028,Bas-Bas,Pupiales,Nariño
52612,2008,3.960593989513421,0.6797676014672073,0.071,Non significatif,Ricaurte,Nariño
52621,2008,6.0700391834753935,3.4337874780797555,0.001,Haut-Haut,Roberto Payán,Nariño
52678,2008,5.667501296313119,2.239989509700821,0.008,Haut-Haut,Samaniego,Nariño
52683,2008,2.0914273286787686,-0.022182211276334497,0.419,Non significatif,Sandoná,Nariño
52685,2008,2.522265365573898,0.007033987681531463,0.383,Non significatif,San Bernardo,Nariño
52687,2008,2.8997069337745156,-0.1833549601319103,0.083,Non significatif,San Lorenzo,Nariño
52693,2008,3.0723336524162117,0.19802299091420236,0.151,Non significatif,San Pablo,Nariño
52694,2008,0.7932668377793751,0.041584362031446165,0.46,Non significatif,San Pedro de Cartago,Nariño
52696,2008,4.0300300912454405,1.4317317689367082,0.001,Haut-Haut,Santa Bárbara,Nariño
52699,2008,4.7112420784057525,0.7110805312337095,0.154,Non significatif,Santacruz,Nariño
52720,2008,1.1253392093997148,0.8884586919133092,0.01,Bas-Bas,Sapuyes,Nariño
52786,2008,2.521781748986336,0.0058699383962653885,0.407,Non significatif,Taminango,Nariño
52788,2008,1.3849280074160846,0.5872878776990252,0.03,Bas-Bas,Tangua,Nariño
52835,2008,4.530284726414704,2.007690879444787,0.001,Haut-Haut,San Andrés de Tumaco,Nariño
52838,2008,1.1293835572375142,0.7514914423963863,0.029,Bas-Bas,Túquerres,Nariño
52885,2008,0.18083104406935122,1.3488957018088865,0.021,Bas-Bas,Yacuanquer,Nariño
54001,2008,1.2044701062904486,0.2980504379714929,0.198,Non significatif,San José de Cúcuta,Norte de Santander
54003,2008,3.5796484624931004,0.42235635948358125,0.109,Non significatif,Ábrego,Norte de Santander
54051,2008,2.804129966791221,-0.013906640178682962,0.437,Non significatif,Arboledas,Norte de Santander
54099,2008,0.951561878541639,0.7358169715115612,0.048,Bas-Bas,Bochalema,Norte de Santander
54109,2008,3.711883983912889,0.37499713972964277,0.166,Non significatif,Bucarasica,Norte de Santander
54125,2008,1.2837956627431926,0.9941676441934323,0.003,Bas-Bas,Cácota,Norte de Santander
54128,2008,2.8288339800409057,0.1003149420837558,0.197,Non significatif,Cáchira,Norte de Santander
54172,2008,1.3531633508605851,0.7904478451447231,0.01,Bas-Bas,Chinácota,Norte de Santander
54174,2008,1.4623055875717004,0.3355630276128365,0.116,Non significatif,Chitagá,Norte de Santander
54206,2008,3.897110568359003,1.2097578787507133,0.002,Haut-Haut,Convención,Norte de Santander
54223,2008,2.752259736156336,-0.18963930186932454,0.017,Atypique,Cucutilla,Norte de Santander
54239,2008,2.3232867836459183,0.078415546203245,0.013,Bas-Bas,Durania,Norte de Santander
54245,2008,4.519984536706458,1.4029180647730322,0.009,Haut-Haut,El Carmen,Norte de Santander
54250,2008,3.9748719838546296,1.2996293189901582,0.002,Haut-Haut,El Tarra,Norte de Santander
54261,2008,1.8627193352477265,0.18519445061307457,0.128,Non significatif,El Zulia,Norte de Santander
54313,2008,2.395320168660053,0.007534798156346665,0.301,Non significatif,Gramalote,Norte de Santander
54344,2008,4.653792802240647,1.3440233521689018,0.014,Haut-Haut,Hacarí,Norte de Santander
54347,2008,0.0,1.5487616633019026,0.015,Bas-Bas,Herrán,Norte de Santander
54377,2008,0.9063629065647962,0.8947489022185044,0.026,Bas-Bas,Labateca,Norte de Santander
54385,2008,3.7081876627332067,0.3573019690544879,0.179,Non significatif,La Esperanza,Norte de Santander
54398,2008,4.3401714618582785,1.1643399085682504,0.014,Haut-Haut,La Playa,Norte de Santander
54405,2008,0.816267960455312,0.64312836681466,0.089,Non significatif,Los Patios,Norte de Santander
54418,2008,3.4259428370856617,-0.0493777367274004,0.423,Non significatif,Lourdes,Norte de Santander
54480,2008,0.2135654309375284,1.552722591712673,0.01,Bas-Bas,Mutiscua,Norte de Santander
54498,2008,2.6430419965362737,0.0655419781978278,0.137,Non significatif,Ocaña,Norte de Santander
54518,2008,0.5335553367560939,1.0683341538526077,0.03,Bas-Bas,Pamplona,Norte de Santander
54520,2008,0.4847398658315156,1.1039931553478446,0.03,Bas-Bas,Pamplonita,Norte de Santander
54553,2008,2.258243007849017,0.061249225550161955,0.122,Non significatif,Puerto Santander,Norte de Santander
54599,2008,1.4415742661202156,0.689277775827417,0.011,Bas-Bas,Ragonvalia,Norte de Santander
54660,2008,3.048732344609423,-0.06533206474459825,0.358,Non significatif,Salazar,Norte de Santander
54670,2008,5.684854462060596,1.7283344749522451,0.024,Haut-Haut,San Calixto,Norte de Santander
54673,2008,1.4445304393722207,0.48217353900556936,0.049,Bas-Bas,San Cayetano,Norte de Santander
54680,2008,0.0,-0.08701352841501028,0.458,Non significatif,Santiago,Norte de Santander
54720,2008,3.8247454357847617,0.30992287831244597,0.232,Non significatif,Sardinata,Norte de Santander
54743,2008,0.0,0.9256184093985848,0.101,Non significatif,Silos,Norte de Santander
54800,2008,4.225236707898017,1.4539642090429477,0.002,Haut-Haut,Teorama,Norte de Santander
54810,2008,3.742331711872047,1.127912393719728,0.002,Haut-Haut,Tibú,Norte de Santander
54820,2008,2.0939599100624564,0.18109647890171485,0.039,Bas-Bas,Toledo,Norte de Santander
54871,2008,2.4717084389220925,0.009354111688434624,0.13,Non significatif,Villa Caro,Norte de Santander
54874,2008,1.0084895400993437,0.5906269663250271,0.085,Non significatif,Villa del Rosario,Norte de Santander
63001,2008,0.7640849080562381,0.29648377924073466,0.273,Non significatif,Armenia,Quindio
63111,2008,2.003985011590246,-0.06425667375571036,0.314,Non significatif,Buenavista,Quindio
63130,2008,2.113634356509088,0.07411549359581407,0.221,Non significatif,Calarcá,Quindio
63190,2008,1.3160687772399433,0.39154466597798526,0.12,Non significatif,Circasia,Quindio
63212,2008,3.8633432079866448,0.13454700224300284,0.378,Non significatif,Córdoba,Quindio
63272,2008,1.414107020367111,0.45425244547512494,0.071,Non significatif,Filandia,Quindio
63302,2008,4.140747680591913,0.6173864928865388,0.111,Non significatif,Génova,Quindio
63401,2008,1.63111750447152,0.2431076852154098,0.141,Non significatif,La Tebaida,Quindio
63470,2008,1.2186863024174504,0.3232956447259203,0.172,Non significatif,Montenegro,Quindio
63548,2008,4.314269368791069,0.3049739610393175,0.295,Non significatif,Pijao,Quindio
63594,2008,1.7546098840502657,0.34624824177952646,0.045,Bas-Bas,Quimbaya,Quindio
63690,2008,2.0887173273605155,0.06411738267881471,0.267,Non significatif,Salento,Quindio
66001,2008,0.9485493595087713,0.6697141121810991,0.07,Non significatif,Pereira,Risaralda
66045,2008,2.7234459397048103,0.04641525335252298,0.294,Non significatif,Apía,Risaralda
66075,2008,2.9826438574422625,0.07847972745269223,0.321,Non significatif,Balboa,Risaralda
66088,2008,2.918131288522511,0.02229402405039715,0.441,Non significatif,Belén de Umbría,Risaralda
66170,2008,0.8420500807450966,0.7303845205912283,0.066,Non significatif,Dosquebradas,Risaralda
66318,2008,3.260245643594453,0.21417027640474393,0.196,Non significatif,Guática,Risaralda
66383,2008,3.417387308198444,0.2213279063008861,0.229,Non significatif,La Celia,Risaralda
66400,2008,1.3278625928612566,0.1398547365428165,0.339,Non significatif,La Virginia,Risaralda
66440,2008,1.6837804786649118,0.317273656652567,0.08,Non significatif,Marsella,Risaralda
66456,2008,3.784659893150335,0.3769041231506173,0.178,Non significatif,Mistrató,Risaralda
66572,2008,4.272535033123826,0.7678422705907383,0.081,Non significatif,Pueblo Rico,Risaralda
66594,2008,3.418860851767329,0.045598045426183335,0.443,Non significatif,Quinchía,Risaralda
66682,2008,1.1133762026823064,0.7182799306301307,0.035,Bas-Bas,Santa Rosa de Cabal,Risaralda
66687,2008,3.35285577233043,0.21164511220751395,0.221,Non significatif,Santuario,Risaralda
68001,2008,0.865575319237539,0.5203845880244193,0.13,Non significatif,Bucaramanga,Santander
68013,2008,1.856259302592566,0.02971667906374772,0.425,Non significatif,Aguada,Santander
68020,2008,2.4666919999922925,-0.006553224714927429,0.154,Non significatif,Albania,Santander
68051,2008,0.0,1.6419935412929034,0.013,Bas-Bas,Aratoca,Santander
68077,2008,0.7783922015519563,0.8751363586473493,0.036,Bas-Bas,Barbosa,Santander
68079,2008,0.0,1.6743587343138493,0.012,Bas-Bas,Barichara,Santander
68081,2008,2.8073667716307567,0.217516172514485,0.015,Haut-Haut,Barrancabermeja,Santander
68092,2008,2.1352975502758347,0.06991699457390126,0.223,Non significatif,Betulia,Santander
68101,2008,3.9690745800616964,0.9673235111186925,0.013,Haut-Haut,Bolívar,Santander
68121,2008,0.0,1.8802323780521113,0.005,Bas-Bas,Cabrera,Santander
68132,2008,0.0,0.24555191520225725,0.368,Non significatif,California,Santander
68147,2008,1.9759224946892888,0.2522423898100698,0.035,Bas-Bas,Capitanejo,Santander
68152,2008,2.524327724303223,-0.05146730978123859,0.016,Atypique,Carcasí,Santander
68160,2008,1.409122195902213,0.5659280174036999,0.034,Bas-Bas,Cepitá,Santander
68162,2008,1.3583793653112546,0.23655352593388848,0.233,Non significatif,Cerrito,Santander
68167,2008,1.5674974429629895,0.45903687438387686,0.037,Bas-Bas,Charalá,Santander
68169,2008,2.185952721977483,0.07753600198497505,0.152,Non significatif,Charta,Santander
68176,2008,3.601409858169991,-0.6084194156370978,0.037,Atypique,Chima,Santander
68179,2008,1.2122123185210352,0.4605432178184034,0.113,Non significatif,Chipatá,Santander
68190,2008,3.7690457091213565,0.8831088271500819,0.01,Haut-Haut,Cimitarra,Santander
68207,2008,2.555077637750337,-0.01752912048296004,0.31,Non significatif,Concepción,Santander
68209,2008,0.0,2.200130574540347,0.001,Bas-Bas,Confines,Santander
68211,2008,2.4043038317141745,-0.0031149596078670475,0.403,Non significatif,Contratación,Santander
68217,2008,2.639676181754229,-0.08867670490126268,0.071,Non significatif,Coromoro,Santander
68229,2008,0.35824001204209266,1.4329287663604813,0.01,Bas-Bas,Curití,Santander
68235,2008,3.1238549161209948,0.14993808810096332,0.233,Non significatif,El Carmen de Chucuri,Santander
68245,2008,2.426026023684773,0.0017600224242819375,0.37,Non significatif,El Guacamayo,Santander
68250,2008,4.441031254657687,0.565255136782229,0.181,Non significatif,El Peñón,Santander
68255,2008,3.033266920817269,0.202548201408788,0.127,Non significatif,El Playón,Santander
68264,2008,1.935728640113165,0.2690377392336696,0.037,Bas-Bas,Encino,Santander
68266,2008,1.762622891390123,0.15140234715144962,0.229,Non significatif,Enciso,Santander
68271,2008,3.7002378029353937,-0.14757920105044722,0.351,Non significatif,Florián,Santander
68276,2008,0.6595504756667651,0.7683985694852736,0.079,Non significatif,Floridablanca,Santander
68296,2008,1.9275591500273794,0.46457704827487006,0.001,Bas-Bas,Galán,Santander
68298,2008,3.0838725797420605,-0.39127755664258285,0.018,Atypique,Gámbita,Santander
68307,2008,1.1975386187768473,0.4397826781882774,0.12,Non significatif,Girón,Santander
68318,2008,2.1229267443628936,0.11984429479523888,0.111,Non significatif,Guaca,Santander
68320,2008,1.206580086356474,0.5285907284709248,0.08,Non significatif,Guadalupe,Santander
68322,2008,0.0,1.390523549973823,0.03,Bas-Bas,Guapotá,Santander
68324,2008,1.8253335777806055,0.31467175436467004,0.046,Bas-Bas,Guavatá,Santander
68327,2008,1.2716776850224814,0.44423233718828753,0.107,Non significatif,Güepsa,Santander
68344,2008,1.6338021683265562,0.6490972954949701,0.004,Bas-Bas,Hato,Santander
68368,2008,1.1713231613019426,0.26244425761148,0.248,Non significatif,Jesús María,Santander
68370,2008,1.8229645136857875,0.5877356216361065,0.001,Bas-Bas,Jordán,Santander
68377,2008,3.8355911295633223,0.6798545548134477,0.046,Haut-Haut,La Belleza,Santander
68385,2008,4.336358241677886,0.5785705388510877,0.161,Non significatif,Landázuri,Santander
68397,2008,2.9061875262346275,-0.09178925482300604,0.254,Non significatif,La Paz,Santander
68406,2008,2.429555082186322,0.004390541058712877,0.148,Non significatif,Lebrija,Santander
68418,2008,0.7255297317260021,1.1410822868710127,0.01,Bas-Bas,Los Santos,Santander
68425,2008,0.0,1.2487032977617125,0.043,Bas-Bas,Macaravita,Santander
68432,2008,1.6792239698663565,0.08160919247496018,0.357,Non significatif,Málaga,Santander
68444,2008,3.735880377790256,-0.4685865880978402,0.121,Non significatif,Matanza,Santander
68464,2008,1.9049064532298472,0.26391886151902183,0.052,Non significatif,Mogotes,Santander
68468,2008,1.7682406165778848,0.08311054264146209,0.344,Non significatif,Molagavita,Santander
68498,2008,0.7638565802038233,1.1648755522387928,0.007,Bas-Bas,Ocamonte,Santander
68500,2008,0.7182272239029457,1.144259323362313,0.01,Bas-Bas,Oiba,Santander
68502,2008,2.160617137539441,0.1964067636792279,0.007,Bas-Bas,Onzaga,Santander
68522,2008,0.0,1.8802323780521113,0.004,Bas-Bas,Palmar,Santander
68524,2008,0.0,2.3588328565961905,0.001,Bas-Bas,Palmas del Socorro,Santander
68533,2008,0.0,1.7223483702241515,0.005,Bas-Bas,Páramo,Santander
68547,2008,0.6064955632750212,0.6602875595693221,0.123,Non significatif,Piedecuesta,Santander
68549,2008,0.6697697783953813,1.404759559661428,0.004,Bas-Bas,Pinchote,Santander
68572,2008,1.8007934225835063,0.4144704879128811,0.013,Bas-Bas,Puente Nacional,Santander
68573,2008,3.9280076918042885,1.0091473966730813,0.01,Haut-Haut,Puerto Parra,Santander
68575,2008,3.5953714985843472,0.7915201957117997,0.009,Haut-Haut,Puerto Wilches,Santander
68615,2008,3.298597906127156,0.20721425880180058,0.216,Non significatif,Rionegro,Santander
68655,2008,3.0705140014399697,0.20491833401146314,0.141,Non significatif,Sabana de Torres,Santander
68669,2008,1.8360164648984387,0.11357146569241636,0.267,Non significatif,San Andrés,Santander
68673,2008,2.6809899465042726,-0.09657782850036085,0.089,Non significatif,San Benito,Santander
68679,2008,0.4095545277404488,1.653553789092932,0.004,Bas-Bas,San Gil,Santander
68682,2008,2.2925912165469153,0.05055658642931885,0.133,Non significatif,San Joaquín,Santander
68684,2008,3.041559016905572,-0.2120594647131452,0.124,Non significatif,San José de Miranda,Santander
68686,2008,0.38360426034120104,0.5230689698940425,0.2,Non significatif,San Miguel,Santander
68689,2008,3.082288885942331,0.10520792984291098,0.297,Non significatif,San Vicente de Chucurí,Santander
68705,2008,2.6158288645036127,-0.07496903718814855,0.078,Non significatif,Santa Bárbara,Santander
68720,2008,4.056376058668734,0.15137584473163038,0.393,Non significatif,Santa Helena del Opón,Santander
68745,2008,4.112338836560598,0.5114299259684673,0.158,Non significatif,Simacota,Santander
68755,2008,0.8656072140254044,1.5495978858149553,0.001,Bas-Bas,Socorro,Santander
68770,2008,1.6450913169650725,0.26314698294058453,0.134,Non significatif,Suaita,Santander
68773,2008,3.932747448252523,0.6200489176040214,0.081,Non significatif,Sucre,Santander
68780,2008,2.6892036939279067,-0.014900816975484617,0.411,Non significatif,Suratá,Santander
68820,2008,1.8680319703232597,0.30816054322793623,0.038,Bas-Bas,Tona,Santander
68855,2008,1.6298636984741803,0.6580922574974173,0.004,Bas-Bas,Valle de San José,Santander
68861,2008,1.985234455710526,-0.020196236042326027,0.451,Non significatif,Vélez,Santander
68867,2008,2.212525726158145,0.15634390937322706,0.009,Bas-Bas,Vetas,Santander
68872,2008,0.0,1.924097777907326,0.004,Bas-Bas,Villanueva,Santander
68895,2008,1.9783084076767277,0.3311763911985458,0.005,Bas-Bas,Zapatoca,Santander
70001,2008,1.2260735314734543,0.05519804919220954,0.427,Non significatif,Sincelejo,Sucre
70110,2008,2.913206805684887,0.10185818592783498,0.239,Non significatif,Buenavista,Sucre
70124,2008,1.315312842180127,-0.0025907734303535455,0.497,Non significatif,Caimito,Sucre
70204,2008,4.4222255696934925,0.9195304275578455,0.055,Non significatif,Colosó,Sucre
70215,2008,1.6280055878956345,-0.1844967913416594,0.232,Non significatif,Corozal,Sucre
70221,2008,1.2330650112169381,0.49077770883532074,0.089,Non significatif,Coveñas,Sucre
70230,2008,4.247658561858923,1.339515178695809,0.005,Haut-Haut,Chalán,Sucre
70233,2008,4.013854177521921,0.12462010480175761,0.4,Non significatif,El Roble,Sucre
70235,2008,3.5758810154384726,0.18530734004277732,0.302,Non significatif,Galeras,Sucre
70265,2008,3.1337026712610503,0.22700428507583315,0.134,Non significatif,Guaranda,Sucre
70400,2008,1.437827842737195,0.19451747580120526,0.256,Non significatif,La Unión,Sucre
70418,2008,3.9828857002009714,1.061220949390982,0.01,Haut-Haut,Los Palmitos,Sucre
70429,2008,2.38484550956667,-0.02520874304532119,0.075,Non significatif,Majagual,Sucre
70473,2008,3.6006960506758494,0.6177853245400838,0.026,Haut-Haut,Morroa,Sucre
70508,2008,4.672641997241018,1.5108374985464992,0.011,Haut-Haut,Ovejas,Sucre
70523,2008,2.538635931837901,-0.057253835768811046,0.02,Atypique,Palmito,Sucre
70670,2008,0.9085930754919258,0.7546823042226614,0.055,Non significatif,Sampués,Sucre
70678,2008,3.7716355381218407,0.18861417155448107,0.337,Non significatif,San Benito Abad,Sucre
70702,2008,4.593862411803632,-0.061545941155369384,0.455,Non significatif,San Juan de Betulia,Sucre
70708,2008,1.9731350162833587,0.09607050444225744,0.253,Non significatif,San Marcos,Sucre
70713,2008,3.376854117286987,0.43676476128625663,0.055,Non significatif,San Onofre,Sucre
70717,2008,3.0398927574012005,0.2539603766348325,0.074,Non significatif,San Pedro,Sucre
70742,2008,1.7621238205451635,-0.204684875312126,0.162,Non significatif,San Luis de Sincé,Sucre
70771,2008,3.546929385373876,0.3379301612371396,0.153,Non significatif,Sucre,Sucre
70820,2008,0.8898159183273541,-0.594210125230186,0.094,Non significatif,Santiago de Tolú,Sucre
70823,2008,4.2750903309878145,0.3374541252474836,0.281,Non significatif,San José de Toluviejo,Sucre
73001,2008,2.2106775535312497,-0.21463959379822395,0.001,Atypique,Ibagué,Tolima
73024,2008,3.549053058385351,0.9243289764339797,0.002,Haut-Haut,Alpujarra,Tolima
73026,2008,3.762160779610496,0.10765000554284809,0.398,Non significatif,Alvarado,Tolima
73030,2008,3.7856641386533973,0.6005801083435602,0.066,Non significatif,Ambalema,Tolima
73043,2008,5.151302418158829,1.8784539654431085,0.01,Haut-Haut,Anzoátegui,Tolima
73055,2008,3.2530654782296016,0.36224936812975395,0.067,Non significatif,Armero,Tolima
73067,2008,4.723205342460044,1.790228991930333,0.002,Haut-Haut,Ataco,Tolima
73124,2008,4.137889938094027,0.7444907789530265,0.072,Non significatif,Cajamarca,Tolima
73148,2008,1.3512325255756257,0.18927871331679214,0.29,Non significatif,Carmen de Apicalá,Tolima
73152,2008,4.467274341953394,1.848696252951467,0.001,Haut-Haut,Casabianca,Tolima
73168,2008,4.817879635300636,2.536125927404765,0.001,Haut-Haut,Chaparral,Tolima
73200,2008,2.581212383559041,-0.08870594256838596,0.01,Atypique,Coello,Tolima
73217,2008,4.290653091834413,1.0645091329128495,0.017,Haut-Haut,Coyaima,Tolima
73226,2008,4.588546778093648,0.22982037432049182,0.373,Non significatif,Cunday,Tolima
73236,2008,4.391108714661863,1.610122252991739,0.002,Haut-Haut,Dolores,Tolima
73268,2008,1.3221345713744026,0.22404291210903735,0.26,Non significatif,Espinal,Tolima
73270,2008,3.8576097209443185,0.3088705097073075,0.244,Non significatif,Falan,Tolima
73275,2008,1.1678284422800427,0.6103254067875662,0.057,Non significatif,Flandes,Tolima
73283,2008,3.237025845290021,0.29536092917902773,0.098,Non significatif,Fresno,Tolima
73319,2008,2.6874356191437423,-0.02858286497359395,0.354,Non significatif,Guamo,Tolima
73347,2008,4.294862993396162,1.1605552173025124,0.016,Haut-Haut,Herveo,Tolima
73349,2008,2.0629330448622194,-0.0939113539467974,0.222,Non significatif,Honda,Tolima
73352,2008,4.056146529095249,-0.05169286475932168,0.46,Non significatif,Icononzo,Tolima
73408,2008,3.9154970770015463,0.9007774715185302,0.016,Haut-Haut,Lérida,Tolima
73411,2008,4.605570702530408,1.8898308360284026,0.001,Haut-Haut,Líbano,Tolima
73443,2008,2.373207008808228,-0.025391070877959523,0.11,Non significatif,San Sebastián de Mariquita,Tolima
73449,2008,1.020891807595049,0.20326554540957384,0.321,Non significatif,Melgar,Tolima
73461,2008,5.165640827504423,2.861697988109397,0.001,Haut-Haut,Murillo,Tolima
73483,2008,4.3898479826861365,1.2586270813989349,0.014,Haut-Haut,Natagaima,Tolima
73504,2008,4.24472624025903,1.0730663728446863,0.017,Haut-Haut,Ortega,Tolima
73520,2008,3.8624595544176996,0.8144760460478965,0.018,Haut-Haut,Palocabildo,Tolima
73547,2008,1.530486332538538,0.4092210125979365,0.071,Non significatif,Piedras,Tolima
73555,2008,5.327317499950177,1.568445122739561,0.023,Haut-Haut,Planadas,Tolima
73563,2008,4.568552194053934,1.3055957819086619,0.016,Haut-Haut,Prado,Tolima
73585,2008,3.1251187893044348,0.2535822551052267,0.099,Non significatif,Purificación,Tolima
73616,2008,5.504731401463842,2.11033805422843,0.009,Haut-Haut,Rioblanco,Tolima
73622,2008,5.068583939613088,2.3097263063968363,0.001,Haut-Haut,Roncesvalles,Tolima
73624,2008,5.008170779317028,1.3563898197018016,0.028,Haut-Haut,Rovira,Tolima
73671,2008,2.6704779312467943,0.11658248379550482,0.031,Haut-Haut,Saldaña,Tolima
73675,2008,5.242978503374788,2.6322945716908395,0.001,Haut-Haut,San Antonio,Tolima
73678,2008,3.596753111503798,0.28385363404074154,0.215,Non significatif,San Luis,Tolima
73686,2008,5.324751521010203,2.817310218013646,0.001,Haut-Haut,Santa Isabel,Tolima
73770,2008,2.081867836210642,0.033903676947112944,0.376,Non significatif,Suárez,Tolima
73854,2008,3.4266453677553037,0.38772926896982035,0.083,Non significatif,Valle de San Juan,Tolima
73861,2008,3.9164524451196128,0.883957994383064,0.018,Haut-Haut,Venadillo,Tolima
73870,2008,5.036857531464389,2.243514999489801,0.002,Haut-Haut,Villahermosa,Tolima
73873,2008,4.9692617592038815,1.2157754622426207,0.049,Haut-Haut,Villarrica,Tolima
76001,2008,0.5975162126227622,0.9900940709944751,0.038,Bas-Bas,Cali,Valle del Cauca
76020,2008,2.066424638555916,0.18740916288221157,0.054,Non significatif,Alcalá,Valle del Cauca
76036,2008,1.6786596350532736,-0.24533407295815965,0.132,Non significatif,Andalucía,Valle del Cauca
76041,2008,2.6415136733751376,0.02523442983623842,0.338,Non significatif,Ansermanuevo,Valle del Cauca
76054,2008,3.0350869903321676,0.13127496812756617,0.234,Non significatif,Argelia,Valle del Cauca
76100,2008,3.7511202373508357,0.7444246848584509,0.021,Haut-Haut,Bolívar,Valle del Cauca
76109,2008,4.623625642204457,-0.6292291483154415,0.178,Non significatif,Buenaventura,Valle del Cauca
76111,2008,1.8420719564468702,0.10061453074629925,0.303,Non significatif,Guadalajara de Buga,Valle del Cauca
76113,2008,3.2300207410850414,-0.023496346655014835,0.463,Non significatif,Bugalagrande,Valle del Cauca
76122,2008,2.0151093119601677,-0.10815643014550784,0.203,Non significatif,Caicedonia,Valle del Cauca
76126,2008,2.4335447756679307,0.0007953101429371493,0.395,Non significatif,Calima,Valle del Cauca
76130,2008,0.6657534955818416,0.8091233332942859,0.067,Non significatif,Candelaria,Valle del Cauca
76147,2008,1.2422638971408189,0.26001580884049474,0.254,Non significatif,Cartago,Valle del Cauca
76233,2008,3.1607879878013834,-0.34439345612906197,0.057,Non significatif,Dagua,Valle del Cauca
76243,2008,3.4321290183517665,0.12631082149125675,0.341,Non significatif,El Águila,Valle del Cauca
76246,2008,3.828689306300503,0.6794633649924636,0.046,Haut-Haut,El Cairo,Valle del Cauca
76248,2008,1.330785019955235,0.27513880376152855,0.221,Non significatif,El Cerrito,Valle del Cauca
76250,2008,4.873232743812705,0.4367302117416528,0.275,Non significatif,El Dovio,Valle del Cauca
76275,2008,2.8659782650723558,-0.055365796505547536,0.327,Non significatif,Florida,Valle del Cauca
76306,2008,1.7370080505778869,0.1858952316333036,0.204,Non significatif,Ginebra,Valle del Cauca
76318,2008,1.9771900931779847,0.171508837333305,0.114,Non significatif,Guacarí,Valle del Cauca
76364,2008,1.9740831253247357,0.2317473397431256,0.055,Non significatif,Jamundí,Valle del Cauca
76377,2008,1.9803015310659648,0.10376788970484915,0.245,Non significatif,La Cumbre,Valle del Cauca
76400,2008,1.9964078659499251,-0.05040580093744151,0.357,Non significatif,La Unión,Valle del Cauca
76403,2008,2.698523176216484,-0.06975262067490769,0.196,Non significatif,La Victoria,Valle del Cauca
76497,2008,2.2666978650330805,0.03428107273428272,0.268,Non significatif,Obando,Valle del Cauca
76520,2008,1.1609615386364118,0.4268908172079806,0.138,Non significatif,Palmira,Valle del Cauca
76563,2008,2.5941034442571427,-0.03979040665266442,0.203,Non significatif,Pradera,Valle del Cauca
76606,2008,2.3184776294025347,0.04440730281118571,0.125,Non significatif,Restrepo,Valle del Cauca
76616,2008,4.022376373898855,0.20404193105738594,0.337,Non significatif,Riofrío,Valle del Cauca
76622,2008,2.2151716002084814,-0.049953420434257816,0.234,Non significatif,Roldanillo,Valle del Cauca
76670,2008,2.8143495786398174,-0.010036402971570303,0.464,Non significatif,San Pedro,Valle del Cauca
76736,2008,3.0964610243939745,0.08676844938641134,0.335,Non significatif,Sevilla,Valle del Cauca
76823,2008,3.0281305135683656,0.05247960086034526,0.387,Non significatif,Toro,Valle del Cauca
76828,2008,3.5308301826297885,0.24752168016604856,0.221,Non significatif,Trujillo,Valle del Cauca
76834,2008,2.392898021668154,-0.0019152180821789182,0.46,Non significatif,Tuluá,Valle del Cauca
76845,2008,0.9443519086132631,0.611011119283731,0.083,Non significatif,Ulloa,Valle del Cauca
76863,2008,3.3356944192653906,0.3444432355150495,0.085,Non significatif,Versalles,Valle del Cauca
76869,2008,1.021319160599628,0.40236269428144855,0.182,Non significatif,Vijes,Valle del Cauca
76890,2008,1.964411768114459,0.0026610247381001033,0.49,Non significatif,Yotoco,Valle del Cauca
76892,2008,0.6515258959112787,0.4785452596516497,0.198,Non significatif,Yumbo,Valle del Cauca
76895,2008,1.8851152838931147,0.0030289990438020307,0.489,Non significatif,Zarzal,Valle del Cauca
81001,2008,3.232592623525809,0.4101776482947062,0.029,Haut-Haut,Arauca,Arauca
81065,2008,4.903806445026953,1.8713799633183272,0.003,Haut-Haut,Arauquita,Arauca
81220,2008,4.3924012417964295,0.6592910072028587,0.112,Non significatif,Cravo Norte,Arauca
81300,2008,4.618618745817679,1.2493785134450415,0.02,Haut-Haut,Fortul,Arauca
81591,2008,3.898854506404398,0.8223960140148407,0.022,Haut-Haut,Puerto Rondón,Arauca
81736,2008,4.060719989966123,0.6193144064390709,0.087,Non significatif,Saravena,Arauca
81794,2008,5.590230970296609,1.9327060429658944,0.018,Haut-Haut,Tame,Arauca
85001,2008,1.187424396169213,-0.31093240459711674,0.199,Non significatif,Yopal,Casanare
85010,2008,2.370080460903364,-0.005284398747505076,0.405,Non significatif,Aguazul,Casanare
85015,2008,2.276910058308474,-0.023772414500878535,0.328,Non significatif,Chámeza,Casanare
85125,2008,2.9984637145162485,0.30301132435087186,0.025,Haut-Haut,Hato Corozal,Casanare
85136,2008,4.021987264885255,0.26533453954998243,0.285,Non significatif,La Salina,Casanare
85139,2008,2.225516715422003,0.02629932682114996,0.341,Non significatif,Maní,Casanare
85162,2008,2.609282173625582,0.009219526223015058,0.428,Non significatif,Monterrey,Casanare
85225,2008,2.232135491912656,-0.0036905788089440163,0.479,Non significatif,Nunchía,Casanare
85230,2008,1.0863185940226683,0.25560555134275276,0.271,Non significatif,Orocué,Casanare
85250,2008,2.1419934872490742,-0.05669388058400172,0.262,Non significatif,Paz de Ariporo,Casanare
85263,2008,1.9600031964775413,-0.16817753851918285,0.106,Non significatif,Pore,Casanare
85279,2008,3.3885442972295423,0.005443698812089291,0.489,Non significatif,Recetor,Casanare
85300,2008,2.9311970181044678,0.003920680896419954,0.487,Non significatif,Sabanalarga,Casanare
85315,2008,4.7990314053525625,0.3793612377627121,0.294,Non significatif,Sácama,Casanare
85325,2008,2.2492731401822517,0.06025258705092063,0.155,Non significatif,San Luis de Palenque,Casanare
85400,2008,2.5347166311313987,0.0483490420462913,0.028,Haut-Haut,Támara,Casanare
85410,2008,2.2313645158585684,-0.015842818966435537,0.4,Non significatif,Tauramena,Casanare
85430,2008,2.109874410077207,0.01620700177672307,0.436,Non significatif,Trinidad,Casanare
85440,2008,2.4036988327397824,-0.002809739942318246,0.407,Non significatif,Villanueva,Casanare
86001,2008,2.5606360217449016,0.043132598380032194,0.091,Non significatif,Mocoa,Putumayo
86219,2008,2.8664004691749887,0.08521083801395438,0.246,Non significatif,Colón,Putumayo
86320,2008,4.627287322096877,1.2226973425650896,0.025,Haut-Haut,Orito,Putumayo
86568,2008,4.768592264628787,2.383811943846882,0.001,Haut-Haut,Puerto Asís,Putumayo
86569,2008,4.9308222548724805,2.4377247002865396,0.001,Haut-Haut,Puerto Caicedo,Putumayo
86571,2008,5.200806295565659,3.35912935790932,0.001,Haut-Haut,Puerto Guzmán,Putumayo
86573,2008,4.619899129543781,2.6928653682257866,0.001,Haut-Haut,Puerto Leguízamo,Putumayo
86749,2008,1.7985193719234664,-0.18869507429131863,0.152,Non significatif,Sibundoy,Putumayo
86755,2008,3.065373029353802,0.07298822733044301,0.356,Non significatif,San Francisco,Putumayo
86757,2008,4.912674493410678,2.026876107407634,0.002,Haut-Haut,San Miguel,Putumayo
86760,2008,2.1916300785919076,0.008020333910223958,0.455,Non significatif,Santiago,Putumayo
86865,2008,5.052661694435795,1.9808734484724542,0.004,Haut-Haut,Valle del Guamuez,Putumayo
86885,2008,4.183015389238911,0.7624903026017746,0.059,Non significatif,Villagarzón,Putumayo
88001,2008,0.0,-0.5725137767406301,0.212,Non significatif,San Andrés,"Archipiélago de San Andrés, Providencia y Santa Catalina"
88564,2008,0.0,0.3103978916388739,0.33,Non significatif,Providencia,"Archipiélago de San Andrés, Providencia y Santa Catalina"
91001,2008,0.8731055193154491,0.9908483419214481,0.018,Bas-Bas,Leticia,Amazonas
91263,2008,2.6376089913198024,-0.05815399187986553,0.163,Non significatif,El Encanto,Amazonas
91405,2008,0.0,-0.4372263396011995,0.276,Non significatif,La Chorrera,Amazonas
91407,2008,0.6774419806143148,0.9016442343517637,0.046,Bas-Bas,La Pedrera,Amazonas
91430,2008,2.442280122586168,-0.0001912543106092217,0.347,Non significatif,La Victoria,Amazonas
91460,2008,0.0,0.3018501500205897,0.333,Non significatif,Mirití - Paraná,Amazonas
91530,2008,2.7224283472535262,0.12214123014529656,0.058,Non significatif,Puerto Alegría,Amazonas
91536,2008,2.240716345426404,0.06294413533028259,0.154,Non significatif,Puerto Arica,Amazonas
91540,2008,0.34887804606903433,0.7584133948690793,0.114,Non significatif,Puerto Nariño,Amazonas
91669,2008,3.726450999433127,-0.5341557319538001,0.079,Non significatif,Puerto Santander,Amazonas
91798,2008,1.531868737815884,0.6263516704091888,0.008,Bas-Bas,Tarapacá,Amazonas
94001,2008,3.047809887232219,-0.07545824505008131,0.33,Non significatif,Inírida,Guainía
94343,2008,3.8980472711886436,0.17260997174819828,0.36,Non significatif,Barrancominas,Guainía
94883,2008,2.5253589335307276,-0.04714279024146891,0.025,Atypique,San Felipe,Guainía
94884,2008,1.1922719530167076,0.1668186869027056,0.318,Non significatif,Puerto Colombia,Guainía
94885,2008,0.0,0.8879029669861158,0.113,Non significatif,La Guadalupe,Guainía
94886,2008,0.0,0.32318102419732714,0.319,Non significatif,Cacahual,Guainía
94887,2008,1.1799605090026062,-0.3022223565897486,0.204,Non significatif,Pana Pana,Guainía
94888,2008,3.7158158253116427,0.26478206360830336,0.238,Non significatif,Morichal,Guainía
95001,2008,5.263938601179457,3.727083327113818,0.001,Haut-Haut,San José del Guaviare,Guaviare
95015,2008,4.6990336417523615,2.527302912312035,0.001,Haut-Haut,Calamar,Guaviare
95025,2008,5.022272211301466,2.7179907115877437,0.001,Haut-Haut,El Retorno,Guaviare
95200,2008,5.377313873180456,2.518921076775701,0.002,Haut-Haut,Miraflores,Guaviare
97001,2008,3.3465300026556215,0.23726655842550534,0.182,Non significatif,Mitú,Vaupés
97161,2008,4.268631424094795,1.078069325010051,0.023,Haut-Haut,Carurú,Vaupés
97511,2008,2.3567090986700596,0.016004800097033704,0.279,Non significatif,Pacoa,Vaupés
97666,2008,0.0,0.7406344455738856,0.154,Non significatif,Taraira,Vaupés
97777,2008,3.065119455323015,0.5024254522661289,0.002,Haut-Haut,Papunahua,Vaupés
97889,2008,3.177794350357549,-0.14169504774628894,0.269,Non significatif,Yavaraté,Vaupés
99001,2008,2.7897930101695056,0.10669651145254877,0.132,Non significatif,Puerto Carreño,Vichada
99524,2008,3.926785916215678,0.599696866355142,0.075,Non significatif,La Primavera,Vichada
99624,2008,3.1720731719544495,-0.043635477333805316,0.416,Non significatif,Santa Rosalía,Vichada
99773,2008,4.479264606423694,0.9589554838857366,0.05,Non significatif,Cumaribo,Vichada
05001,2013,2.236694134595147,-0.1762990841630646,0.056,Non significatif,Medellín,Antioquia
05002,2013,0.9631968881792962,0.22057314343543732,0.21,Non significatif,Abejorral,Antioquia
05004,2013,0.9110328493147845,-0.318962878452862,0.14,Non significatif,Abriaquí,Antioquia
05021,2013,0.5730739873031149,0.22693022684613318,0.292,Non significatif,Alejandría,Antioquia
05030,2013,2.3612099406063427,0.017509239690640468,0.444,Non significatif,Amagá,Antioquia
05031,2013,3.3756047643672606,0.981875278213202,0.021,Haut-Haut,Amalfi,Antioquia
05034,2013,2.183430870651266,0.04235517801673656,0.316,Non significatif,Andes,Antioquia
05036,2013,3.3526587995234736,0.19660767828191544,0.315,Non significatif,Angelópolis,Antioquia
05038,2013,3.0109244423613726,0.38502661937583604,0.136,Non significatif,Angostura,Antioquia
05040,2013,3.8273281463456437,1.5397868664676562,0.014,Haut-Haut,Anorí,Antioquia
05042,2013,1.514935767764044,-0.0493313349951193,0.306,Non significatif,Santa Fé de Antioquia,Antioquia
05044,2013,1.791240073216141,-0.0268881130964039,0.127,Non significatif,Anzá,Antioquia
05045,2013,3.1907872069346044,1.2172223158054738,0.006,Haut-Haut,Apartadó,Antioquia
05051,2013,2.5154127221608946,0.3011348527434239,0.071,Non significatif,Arboletes,Antioquia
05055,2013,2.8685600223619994,0.2518930106822133,0.204,Non significatif,Argelia,Antioquia
05059,2013,3.1429949893392353,0.2058101762996739,0.283,Non significatif,Armenia,Antioquia
05079,2013,1.6295948319826212,0.06626978895672843,0.187,Non significatif,Barbosa,Antioquia
05086,2013,2.365982628285112,0.06026948518881167,0.325,Non significatif,Belmira,Antioquia
05088,2013,1.146989749314063,0.1360252058077983,0.276,Non significatif,Bello,Antioquia
05091,2013,2.085732142307893,-0.016116372910473138,0.397,Non significatif,Betania,Antioquia
05093,2013,1.9035314541316464,0.004782451985898204,0.316,Non significatif,Betulia,Antioquia
05101,2013,2.1811922473959386,0.09534434165664227,0.164,Non significatif,Ciudad Bolívar,Antioquia
05107,2013,4.686302007135588,2.399497848341598,0.008,Haut-Haut,Briceño,Antioquia
05113,2013,3.253056086851529,0.5194725429069106,0.116,Non significatif,Buriticá,Antioquia
05120,2013,4.170556799891718,2.257359617369551,0.003,Haut-Haut,Cáceres,Antioquia
05125,2013,2.9304812516223353,-0.029953513214003476,0.469,Non significatif,Caicedo,Antioquia
05129,2013,1.5518240037410762,0.04112715771255569,0.334,Non significatif,Caldas,Antioquia
05134,2013,3.4930050347491606,1.1080587929610166,0.017,Haut-Haut,Campamento,Antioquia
05138,2013,3.0322848831885683,0.42262052710915493,0.125,Non significatif,Cañasgordas,Antioquia
05142,2013,2.0823378768283978,0.06375362805997145,0.167,Non significatif,Caracolí,Antioquia
05145,2013,1.15114263416923,0.18819604428023612,0.197,Non significatif,Caramanta,Antioquia
05147,2013,3.33642859105178,1.314352149775151,0.008,Haut-Haut,Carepa,Antioquia
05148,2013,1.0665804748193806,0.2070715785729926,0.196,Non significatif,El Carmen de Viboral,Antioquia
05150,2013,1.5974903317009905,-0.043897808637584745,0.288,Non significatif,Carolina,Antioquia
05154,2013,3.2561682704841646,1.3496519972951768,0.003,Haut-Haut,Caucasia,Antioquia
05172,2013,3.0723641446481267,1.1087166309172607,0.005,Haut-Haut,Chigorodó,Antioquia
05190,2013,2.040292241563254,0.007955817474838568,0.432,Non significatif,Cisneros,Antioquia
05197,2013,2.6898666702872345,-0.2185131255794086,0.189,Non significatif,Cocorná,Antioquia
05206,2013,0.0,0.48084011508957947,0.192,Non significatif,Concepción,Antioquia
05209,2013,1.9143709976205585,0.007989523792328283,0.284,Non significatif,Concordia,Antioquia
05212,2013,0.8648638581724093,0.1823646232597139,0.287,Non significatif,Copacabana,Antioquia
05234,2013,3.2622997403202616,0.8778046680525364,0.024,Haut-Haut,Dabeiba,Antioquia
05237,2013,1.5290986458753708,0.11603175096889269,0.118,Non significatif,Donmatías,Antioquia
05240,2013,2.9199597346663806,0.05470342956966871,0.424,Non significatif,Ebéjico,Antioquia
05250,2013,5.598518643338936,3.94130071212598,0.002,Haut-Haut,El Bagre,Antioquia
05264,2013,1.1196240585468233,-0.08722840662333789,0.34,Non significatif,Entrerríos,Antioquia
05266,2013,0.18110618914860577,0.5478974271821159,0.132,Non significatif,Envigado,Antioquia
05282,2013,1.7377440272980391,0.03086596280551667,0.204,Non significatif,Fredonia,Antioquia
05284,2013,2.7471258776477687,0.38696557014155647,0.084,Non significatif,Frontino,Antioquia
05306,2013,2.082186765988902,0.024749412015580504,0.341,Non significatif,Giraldo,Antioquia
05308,2013,1.056841049080107,0.2185019086919513,0.188,Non significatif,Girardota,Antioquia
05310,2013,1.9707762385374548,0.025987169590031677,0.204,Non significatif,Gómez Plata,Antioquia
05313,2013,1.3678409809453222,0.14496496084657381,0.162,Non significatif,Granada,Antioquia
05315,2013,2.4870007082480585,0.236033563345682,0.108,Non significatif,Guadalupe,Antioquia
05318,2013,0.35102374910485246,0.7358878039596295,0.052,Non significatif,Guarne,Antioquia
05321,2013,0.6099732907860547,0.6203156643992118,0.051,Non significatif,Guatapé,Antioquia
05347,2013,2.144205813947483,0.07704793167347046,0.185,Non significatif,Heliconia,Antioquia
05353,2013,1.5945957893307698,0.05210390141766012,0.271,Non significatif,Hispania,Antioquia
05360,2013,1.4499721875354292,0.07905426570452088,0.273,Non significatif,Itagüí,Antioquia
05361,2013,4.287535909214029,2.4245713340592925,0.003,Haut-Haut,Ituango,Antioquia
05364,2013,2.0668943721059185,-0.037439428976957935,0.276,Non significatif,Jardín,Antioquia
05368,2013,0.46486981478740147,0.2498223688313999,0.286,Non significatif,Jericó,Antioquia
05376,2013,0.33731346470347456,0.46133937557134125,0.151,Non significatif,La Ceja,Antioquia
05380,2013,1.3645560701321724,0.12413654758664565,0.2,Non significatif,La Estrella,Antioquia
05390,2013,1.0977240708818012,0.2016275740296949,0.191,Non significatif,La Pintada,Antioquia
05400,2013,1.3952837921108747,0.171988263699052,0.104,Non significatif,La Unión,Antioquia
05411,2013,1.8210890280346193,-0.01775345666820364,0.108,Non significatif,Liborina,Antioquia
05425,2013,2.6281335268840658,0.2175756426682453,0.179,Non significatif,Maceo,Antioquia
05440,2013,0.757562487212334,0.5470070919175054,0.052,Non significatif,Marinilla,Antioquia
05467,2013,2.4927667534292053,-0.24958926044730387,0.082,Non significatif,Montebello,Antioquia
05475,2013,2.8777690703361514,0.7466970672683606,0.014,Haut-Haut,Murindó,Antioquia
05480,2013,3.8910970027389244,1.2734627859957701,0.025,Haut-Haut,Mutatá,Antioquia
05483,2013,3.6895038689889055,0.32923771108103184,0.276,Non significatif,Nariño,Antioquia
05490,2013,2.903390734972996,0.6030002697730015,0.036,Haut-Haut,Necoclí,Antioquia
05495,2013,3.712918266099892,1.7890491850630466,0.003,Haut-Haut,Nechí,Antioquia
05501,2013,2.8965298692689907,0.04200327915057246,0.439,Non significatif,Olaya,Antioquia
05541,2013,1.4019024591546925,0.2715720715189382,0.023,Bas-Bas,Peñol,Antioquia
05543,2013,2.8184659881109697,0.8518773424341549,0.007,Haut-Haut,Peque,Antioquia
05576,2013,1.7918762606459335,0.015767874483268392,0.233,Non significatif,Pueblorrico,Antioquia
05579,2013,3.399746194591288,0.3676744503800752,0.217,Non significatif,Puerto Berrío,Antioquia
05585,2013,2.270276654664312,0.04013933708488677,0.365,Non significatif,Puerto Nare,Antioquia
05591,2013,2.120143475299812,0.0159337206377126,0.406,Non significatif,Puerto Triunfo,Antioquia
05604,2013,3.8857402221720365,1.4636551189889686,0.015,Haut-Haut,Remedios,Antioquia
05607,2013,0.672487643546435,0.5211761276868914,0.064,Non significatif,Retiro,Antioquia
05615,2013,0.5629498590407533,0.8799242393958955,0.01,Bas-Bas,Rionegro,Antioquia
05628,2013,3.524743892810409,1.132120101415348,0.016,Haut-Haut,Sabanalarga,Antioquia
05631,2013,0.22245031126621317,0.22623128166011838,0.317,Non significatif,Sabaneta,Antioquia
05642,2013,2.6060417483680487,-0.07350649266472534,0.361,Non significatif,Salgar,Antioquia
05647,2013,3.681053676921614,1.5326560012575292,0.006,Haut-Haut,San Andrés de Cuerquía,Antioquia
05649,2013,1.8338171670302956,-0.00025499225738539484,0.481,Non significatif,San Carlos,Antioquia
05652,2013,1.5507782884733972,-0.06527089318756035,0.254,Non significatif,San Francisco,Antioquia
05656,2013,0.5606256665905214,-0.28193373616955314,0.245,Non significatif,San Jerónimo,Antioquia
05658,2013,2.7804494739832397,0.5239417414,0.039,Haut-Haut,San José de la Montaña,Antioquia
05659,2013,3.1356647589505995,0.5136319048617817,0.104,Non significatif,San Juan de Urabá,Antioquia
05660,2013,1.8902072577230935,0.00042521529360017016,0.469,Non significatif,San Luis,Antioquia
05664,2013,2.6454551982032526,-0.3424797444809851,0.061,Non significatif,San Pedro de los Milagros,Antioquia
05665,2013,2.648359032044025,0.47948955051199876,0.03,Haut-Haut,San Pedro de Urabá,Antioquia
05667,2013,1.8040658825327165,0.007382110245040362,0.332,Non significatif,San Rafael,Antioquia
05670,2013,2.286473478543953,0.002628002370298519,0.482,Non significatif,San Roque,Antioquia
05674,2013,1.031339218903065,0.41631384670394755,0.048,Bas-Bas,San Vicente Ferrer,Antioquia
05679,2013,1.4666965487627772,0.05723493110609281,0.31,Non significatif,Santa Bárbara,Antioquia
05686,2013,2.035317365346672,0.004668013994499068,0.457,Non significatif,Santa Rosa de Osos,Antioquia
05690,2013,2.805307758047708,-0.2525048536933643,0.182,Non significatif,Santo Domingo,Antioquia
05697,2013,0.8466415223821097,0.20067946073713797,0.255,Non significatif,El Santuario,Antioquia
05736,2013,4.299982898501355,2.7876782540247746,0.001,Haut-Haut,Segovia,Antioquia
05756,2013,2.0817678027323216,0.07026407236106441,0.15,Non significatif,Sonsón,Antioquia
05761,2013,1.975312345555555,0.006755133713761052,0.406,Non significatif,Sopetrán,Antioquia
05789,2013,1.5369003409787785,0.09996783235717047,0.147,Non significatif,Támesis,Antioquia
05790,2013,5.254687056712127,3.597255282749219,0.002,Haut-Haut,Tarazá,Antioquia
05792,2013,0.8156089004401478,0.20284286335630328,0.258,Non significatif,Tarso,Antioquia
05809,2013,1.70069700210125,-0.05053868113398372,0.169,Non significatif,Titiribí,Antioquia
05819,2013,3.9197196922910518,1.6063021574900005,0.012,Haut-Haut,Toledo,Antioquia
05837,2013,3.9298263874744075,1.3916538831275647,0.019,Haut-Haut,Turbo,Antioquia
05842,2013,3.3434439433099374,0.5584988692428658,0.117,Non significatif,Uramita,Antioquia
05847,2013,3.367740092257311,0.13665623821213377,0.379,Non significatif,Urrao,Antioquia
05854,2013,3.8824987367926598,2.1572526184408747,0.001,Haut-Haut,Valdivia,Antioquia
05856,2013,1.3953009725711902,0.14513999539549835,0.142,Non significatif,Valparaíso,Antioquia
05858,2013,4.134170751690537,1.109307790456339,0.073,Non significatif,Vegachí,Antioquia
05861,2013,1.733745341084129,0.010274350555399952,0.389,Non significatif,Venecia,Antioquia
05873,2013,3.4956580454342085,1.2893468872175207,0.01,Haut-Haut,Vigía del Fuerte,Antioquia
05885,2013,2.3682102331791395,0.2544719546012458,0.069,Non significatif,Yalí,Antioquia
05887,2013,3.2296855897935575,1.236326716876912,0.006,Haut-Haut,Yarumal,Antioquia
05890,2013,2.176813878890492,0.122594324714783,0.112,Non significatif,Yolombó,Antioquia
05893,2013,2.7137826700135084,0.46513881191775386,0.053,Non significatif,Yondó,Antioquia
05895,2013,4.283629765210427,2.7399369820179356,0.001,Haut-Haut,Zaragoza,Antioquia
08001,2013,0.3455948910144252,1.110993304126876,0.003,Bas-Bas,Barranquilla,Atlántico
08078,2013,0.4259355571023135,1.1314878142848876,0.001,Bas-Bas,Baranoa,Atlántico
08137,2013,0.0,1.6042212138532388,0.001,Bas-Bas,Campo de la Cruz,Atlántico
08141,2013,0.0,1.5747808060086095,0.001,Bas-Bas,Candelaria,Atlántico
08296,2013,0.34725692990477564,1.1100217782030661,0.003,Bas-Bas,Galapa,Atlántico
08372,2013,0.0,1.3718479131175094,0.003,Bas-Bas,Juan de Acosta,Atlántico
08421,2013,1.248026280894304,0.4132225140873433,0.009,Bas-Bas,Luruaco,Atlántico
08433,2013,0.6081178317885823,0.9224475343820486,0.003,Bas-Bas,Malambo,Atlántico
08436,2013,0.0,1.377403898024631,0.003,Bas-Bas,Manatí,Atlántico
08520,2013,0.06123997901464356,1.3080662955253206,0.003,Bas-Bas,Palmar de Varela,Atlántico
08549,2013,0.0,1.205654491247768,0.012,Bas-Bas,Piojó,Atlántico
08558,2013,0.1930951833070981,1.1889464747400393,0.004,Bas-Bas,Polonuevo,Atlántico
08560,2013,0.14710844423616765,1.459959707453301,0.001,Bas-Bas,Ponedera,Atlántico
08573,2013,0.4453569462666918,1.051739705996564,0.003,Bas-Bas,Puerto Colombia,Atlántico
08606,2013,0.10127752062695576,0.876903229792828,0.045,Bas-Bas,Repelón,Atlántico
08634,2013,0.8043960294140577,0.8277634194081154,0.001,Bas-Bas,Sabanagrande,Atlántico
08638,2013,0.14184292980098823,1.4497935005877434,0.001,Bas-Bas,Sabanalarga,Atlántico
08675,2013,0.0,1.2690730379384147,0.006,Bas-Bas,Santa Lucía,Atlántico
08685,2013,0.029665717400311823,1.2762351145569573,0.004,Bas-Bas,Santo Tomás,Atlántico
08758,2013,0.3204844196308433,0.9026149187473297,0.021,Bas-Bas,Soledad,Atlántico
08770,2013,0.0,1.4265470147515438,0.001,Bas-Bas,Suan,Atlántico
08832,2013,0.0,1.453405564226015,0.001,Bas-Bas,Tubará,Atlántico
08849,2013,0.0,1.5353685494623512,0.001,Bas-Bas,Usiacurí,Atlántico
11001,2013,0.07597253237817327,1.0072459212470721,0.025,Bas-Bas,"Bogotá, D.C.","Bogotá, D.C."
13001,2013,0.3911267914401592,0.26292812580208597,0.279,Non significatif,Cartagena de Indias,Bolívar
13006,2013,4.065832878828074,1.5432126443304244,0.015,Haut-Haut,Achí,Bolívar
13030,2013,2.8233391200852833,0.4543356336062603,0.08,Non significatif,Altos del Rosario,Bolívar
13042,2013,3.7093135595282094,1.1260145947900808,0.035,Haut-Haut,Arenal,Bolívar
13052,2013,0.8620725812084908,0.5411215009083565,0.029,Bas-Bas,Arjona,Bolívar
13062,2013,0.7061897125183155,0.8358026967572456,0.003,Bas-Bas,Arroyohondo,Bolívar
13074,2013,3.2740495828518537,0.18984635264851193,0.334,Non significatif,Barranco de Loba,Bolívar
13140,2013,0.2859309919200231,1.0746992947367993,0.007,Bas-Bas,Calamar,Bolívar
13160,2013,3.426145228539449,0.8398773332984502,0.06,Non significatif,Cantagallo,Bolívar
13188,2013,1.4149586344236942,0.12139213705392043,0.183,Non significatif,Cicuco,Bolívar
13212,2013,1.099633464126845,0.163492875451675,0.237,Non significatif,Córdoba,Bolívar
13222,2013,0.918149315551629,0.12600473962123554,0.325,Non significatif,Clemencia,Bolívar
13244,2013,1.9910756278075719,0.00628913698787957,0.432,Non significatif,El Carmen de Bolívar,Bolívar
13248,2013,1.2468160055481978,0.3621979199860791,0.023,Bas-Bas,El Guamo,Bolívar
13268,2013,1.5934626166143475,-0.07769592159409602,0.182,Non significatif,El Peñón,Bolívar
13300,2013,1.3287071216740163,-0.03160119674376257,0.423,Non significatif,Hatillo de Loba,Bolívar
13430,2013,1.3474026845806042,0.11898227828478272,0.221,Non significatif,Magangué,Bolívar
13433,2013,0.22595910474631245,1.1309048009736575,0.006,Bas-Bas,Mahates,Bolívar
13440,2013,1.4329790349197513,0.0013054608583932537,0.497,Non significatif,Margarita,Bolívar
13442,2013,1.7383493578460107,0.04560247345456584,0.111,Non significatif,María La Baja,Bolívar
13458,2013,5.31729985690812,3.2062849801790967,0.006,Haut-Haut,Montecristo,Bolívar
13468,2013,1.2952552438181415,0.22525530275956937,0.088,Non significatif,Mompós,Bolívar
13473,2013,2.934972313853913,0.45299083522662725,0.098,Non significatif,Morales,Bolívar
13490,2013,4.527540273864382,2.0347564737551713,0.013,Haut-Haut,Norosí,Bolívar
13549,2013,2.9356958559910384,0.0016804051943504685,0.499,Non significatif,Pinillos,Bolívar
13580,2013,2.263477603098504,0.014753670693026855,0.457,Non significatif,Regidor,Bolívar
13600,2013,3.172022086655378,0.7914042736190423,0.037,Haut-Haut,Río Viejo,Bolívar
13620,2013,1.5416600736259363,0.2599359156252487,0.001,Bas-Bas,San Cristóbal,Bolívar
13647,2013,0.295586867984358,0.9418716263977814,0.02,Bas-Bas,San Estanislao,Bolívar
13650,2013,0.49158182799512257,0.20789311363369734,0.308,Non significatif,San Fernando,Bolívar
13654,2013,1.8567673280165287,0.001912915934678041,0.275,Non significatif,San Jacinto,Bolívar
13655,2013,2.203751466777788,0.2902558279809813,0.006,Haut-Haut,San Jacinto del Cauca,Bolívar
13657,2013,0.927854939340994,0.358547068968388,0.093,Non significatif,San Juan Nepomuceno,Bolívar
13667,2013,2.219911626845456,0.06600182731541536,0.274,Non significatif,San Martín de Loba,Bolívar
13670,2013,3.81166094011414,1.2202628486196834,0.028,Haut-Haut,San Pablo,Bolívar
13673,2013,1.212105448589192,0.1909337035500336,0.157,Non significatif,Santa Catalina,Bolívar
13683,2013,4.026918498080027,-1.3027072289582846,0.02,Atypique,Santa Rosa,Bolívar
13688,2013,3.7742513200259453,2.0775021282662816,0.001,Haut-Haut,Santa Rosa del Sur,Bolívar
13744,2013,3.3912024539790204,0.7892119244377445,0.062,Non significatif,Simití,Bolívar
13760,2013,0.0,1.1649317579917022,0.018,Bas-Bas,Soplaviento,Bolívar
13780,2013,1.20645901530115,0.21221118294562774,0.131,Non significatif,Talaigua Nuevo,Bolívar
13810,2013,4.666653763537662,2.407508576547567,0.006,Haut-Haut,Tiquisio,Bolívar
13836,2013,0.37104593041975753,0.3529567252761591,0.21,Non significatif,Turbaco,Bolívar
13838,2013,1.08930867669895,0.1450573941475825,0.275,Non significatif,Turbaná,Bolívar
13873,2013,1.0715477624308394,0.2762784469639622,0.118,Non significatif,Villanueva,Bolívar
13894,2013,1.4531213702256047,0.06842115655516998,0.297,Non significatif,Zambrano,Bolívar
15001,2013,0.027055172588599203,1.0782500756786688,0.021,Bas-Bas,Tunja,Boyacá
15022,2013,0.0,0.9901613116434148,0.033,Bas-Bas,Almeida,Boyacá
15047,2013,1.126760829095412,0.22824357792775554,0.143,Non significatif,Aquitania,Boyacá
15051,2013,0.0,1.5366036595785888,0.001,Bas-Bas,Arcabuco,Boyacá
15087,2013,0.12892502722661067,1.5127827717271773,0.001,Bas-Bas,Belén,Boyacá
15090,2013,0.0,1.3796231276744084,0.002,Bas-Bas,Berbeo,Boyacá
15092,2013,0.0,1.601917203341693,0.001,Bas-Bas,Betéitiva,Boyacá
15097,2013,0.0,1.6163040166742766,0.001,Bas-Bas,Boavita,Boyacá
15104,2013,1.8370255530961819,0.02266027625985093,0.003,Bas-Bas,Boyacá,Boyacá
15106,2013,0.8146925862213916,0.3143280289199994,0.154,Non significatif,Briceño,Boyacá
15109,2013,0.0,0.8467077133676985,0.051,Non significatif,Buenavista,Boyacá
15114,2013,0.0,1.6716298121972446,0.001,Bas-Bas,Busbanzá,Boyacá
15131,2013,0.8403456855898302,0.5701250594461478,0.027,Bas-Bas,Caldas,Boyacá
15135,2013,1.7822220140445986,0.06217097454687055,0.004,Bas-Bas,Campohermoso,Boyacá
15162,2013,0.2603454631185694,1.4103772685851108,0.001,Bas-Bas,Cerinza,Boyacá
15172,2013,0.0,1.469951649319165,0.002,Bas-Bas,Chinavita,Boyacá
15176,2013,0.08372304710487052,1.2505148831033048,0.006,Bas-Bas,Chiquinquirá,Boyacá
15180,2013,0.0,1.038420965554228,0.026,Bas-Bas,Chiscas,Boyacá
15183,2013,2.0034906561496206,-0.0011828119074945606,0.48,Non significatif,Chita,Boyacá
15185,2013,0.7580595737009143,0.8011419915728636,0.005,Bas-Bas,Chitaraque,Boyacá
15187,2013,0.0,1.5388327205364953,0.001,Bas-Bas,Chivatá,Boyacá
15189,2013,0.0,1.6150565076827954,0.001,Bas-Bas,Ciénega,Boyacá
15204,2013,0.0,1.5366036595785888,0.001,Bas-Bas,Cómbita,Boyacá
15212,2013,0.7510859890528411,0.5007305057657292,0.059,Non significatif,Coper,Boyacá
15215,2013,0.0,1.6716298121972446,0.001,Bas-Bas,Corrales,Boyacá
15218,2013,1.6555634736511178,0.15885087901451225,0.004,Bas-Bas,Covarachía,Boyacá
15223,2013,1.8193956646429634,0.005016083872566383,0.351,Non significatif,Cubará,Boyacá
15224,2013,1.0719251956724256,0.5976889232154933,0.004,Bas-Bas,Cucaita,Boyacá
15226,2013,0.0,1.317394396384086,0.006,Bas-Bas,Cuítiva,Boyacá
15232,2013,0.7539768989021538,0.8820634590065868,0.002,Bas-Bas,Chíquiza,Boyacá
15236,2013,2.157108036942534,-0.18426298033353458,0.017,Atypique,Chivor,Boyacá
15238,2013,0.05362154659604111,1.5783308116176635,0.001,Bas-Bas,Duitama,Boyacá
15244,2013,0.23507683250932884,1.4127767348602684,0.001,Bas-Bas,El Cocuy,Boyacá
15248,2013,0.0,1.574205219867991,0.001,Bas-Bas,El Espino,Boyacá
15272,2013,0.0,1.317394396384086,0.007,Bas-Bas,Firavitoba,Boyacá
15276,2013,0.0,1.6716298121972446,0.001,Bas-Bas,Floresta,Boyacá
15293,2013,0.0,1.6266473453671055,0.001,Bas-Bas,Gachantivá,Boyacá
15296,2013,0.0,1.3466740418930756,0.006,Bas-Bas,Gámeza,Boyacá
15299,2013,0.21087197479310302,1.3703403137480714,0.001,Bas-Bas,Garagoa,Boyacá
15317,2013,0.0,1.574205219867991,0.001,Bas-Bas,Guacamayas,Boyacá
15322,2013,0.3501060721669122,0.9555753632276104,0.019,Bas-Bas,Guateque,Boyacá
15325,2013,1.3144877118645812,0.45837064175648445,0.001,Bas-Bas,Guayatá,Boyacá
15332,2013,0.8179081675135417,0.9155988879457448,0.001,Bas-Bas,Güicán de la Sierra,Boyacá
15362,2013,1.801072292422679,0.05778563057034851,0.001,Bas-Bas,Iza,Boyacá
15367,2013,0.0,1.267899811068547,0.009,Bas-Bas,Jenesano,Boyacá
15368,2013,0.48334520872636727,0.6923782095052062,0.043,Bas-Bas,Jericó,Boyacá
15377,2013,3.355587900150272,-0.0479227394379427,0.453,Non significatif,Labranzagrande,Boyacá
15380,2013,0.3534737109761777,1.0391179094873122,0.008,Bas-Bas,La Capilla,Boyacá
15401,2013,0.0,0.05912661990395344,0.453,Non significatif,La Victoria,Boyacá
15403,2013,0.0,1.4876452151569552,0.003,Bas-Bas,La Uvita,Boyacá
15407,2013,0.0,1.3541296926851218,0.006,Bas-Bas,Villa de Leyva,Boyacá
15425,2013,0.0,1.1878026281918974,0.016,Bas-Bas,Macanal,Boyacá
15442,2013,2.277545859100232,-0.1664095698054243,0.078,Non significatif,Maripí,Boyacá
15455,2013,0.21431501329850894,0.939259056727468,0.026,Bas-Bas,Miraflores,Boyacá
15464,2013,0.9225507428322728,0.7647527022263932,0.002,Bas-Bas,Mongua,Boyacá
15466,2013,0.0,1.4747246607549132,0.003,Bas-Bas,Monguí,Boyacá
15469,2013,0.25117905078242814,1.2266774548582426,0.004,Bas-Bas,Moniquirá,Boyacá
15476,2013,0.0,1.531758476830428,0.001,Bas-Bas,Motavita,Boyacá
15480,2013,1.7491109746116393,0.04223294157083041,0.103,Non significatif,Muzo,Boyacá
15491,2013,0.0,1.6716298121972446,0.001,Bas-Bas,Nobsa,Boyacá
15494,2013,0.0,1.267899811068547,0.009,Bas-Bas,Nuevo Colón,Boyacá
15500,2013,0.0,1.6150565076827954,0.001,Bas-Bas,Oicatá,Boyacá
15507,2013,3.3431205220159406,0.30310734783167653,0.246,Non significatif,Otanche,Boyacá
15511,2013,0.0,1.354604551733664,0.006,Bas-Bas,Pachavita,Boyacá
15514,2013,0.0,0.590519068456803,0.13,Non significatif,Páez,Boyacá
15516,2013,0.0,1.6620269833242802,0.001,Bas-Bas,Paipa,Boyacá
15518,2013,2.792075694313632,0.11651921603309326,0.353,Non significatif,Pajarito,Boyacá
15522,2013,0.0,1.574205219867991,0.001,Bas-Bas,Panqueba,Boyacá
15531,2013,1.7698397222542115,0.0026113278958300916,0.458,Non significatif,Pauna,Boyacá
15533,2013,2.4177732326646972,0.2170240333458397,0.112,Non significatif,Paya,Boyacá
15537,2013,0.0,1.1168284024200594,0.023,Bas-Bas,Paz de Río,Boyacá
15542,2013,1.3918302022876181,0.3238810371178853,0.008,Bas-Bas,Pesca,Boyacá
15550,2013,2.8663044977386614,0.26403472940092043,0.201,Non significatif,Pisba,Boyacá
15572,2013,2.444955566324717,0.08456384543366113,0.322,Non significatif,Puerto Boyacá,Boyacá
15580,2013,2.566526292189155,-0.21790556636920025,0.138,Non significatif,Quípama,Boyacá
15599,2013,0.0,1.5968840187517135,0.001,Bas-Bas,Ramiriquí,Boyacá
15600,2013,0.0,1.4084907841225616,0.005,Bas-Bas,Ráquira,Boyacá
15621,2013,0.0,1.5978806085643342,0.001,Bas-Bas,Rondón,Boyacá
15632,2013,0.0,1.4148117775934521,0.004,Bas-Bas,Saboyá,Boyacá
15638,2013,1.0189222829837288,0.6354300139051285,0.005,Bas-Bas,Sáchica,Boyacá
15646,2013,0.4504282429710778,0.9842081690183329,0.006,Bas-Bas,Samacá,Boyacá
15660,2013,1.0044199903443727,0.46927845089036063,0.034,Bas-Bas,San Eduardo,Boyacá
15664,2013,0.0,1.3221869250752696,0.006,Bas-Bas,San José de Pare,Boyacá
15667,2013,1.2512485255205474,0.2208803625841286,0.106,Non significatif,San Luis de Gaceno,Boyacá
15673,2013,0.3089354982624209,1.3950008345824039,0.001,Bas-Bas,San Mateo,Boyacá
15676,2013,0.0,1.464030275913311,0.003,Bas-Bas,San Miguel de Sema,Boyacá
15681,2013,1.9247460044608757,0.013172356493641482,0.227,Non significatif,San Pablo de Borbur,Boyacá
15686,2013,0.0,1.0908927196685916,0.027,Bas-Bas,Santana,Boyacá
15690,2013,0.5314239245253009,0.5219671204944546,0.085,Non significatif,Santa María,Boyacá
15693,2013,0.0,1.6154029471133453,0.001,Bas-Bas,Santa Rosa de Viterbo,Boyacá
15696,2013,0.0,1.4397904659105512,0.003,Bas-Bas,Santa Sofía,Boyacá
15720,2013,2.1138831746349176,-0.2097428581100219,0.001,Atypique,Sativanorte,Boyacá
15723,2013,0.0,1.1399169750646756,0.019,Bas-Bas,Sativasur,Boyacá
15740,2013,0.0,1.5388327205364953,0.001,Bas-Bas,Siachoque,Boyacá
15753,2013,0.0,1.4909415470731453,0.003,Bas-Bas,Soatá,Boyacá
15755,2013,1.9370891119276359,-0.03436380269796657,0.048,Atypique,Socotá,Boyacá
15757,2013,0.8551653265092222,0.6313306024972943,0.018,Bas-Bas,Socha,Boyacá
15759,2013,0.17695429810329802,1.2212080351081471,0.005,Bas-Bas,Sogamoso,Boyacá
15761,2013,0.3336782428039458,1.0238953977131668,0.012,Bas-Bas,Somondoco,Boyacá
15762,2013,0.0,1.1573185023876629,0.018,Bas-Bas,Sora,Boyacá
15763,2013,0.0,1.3660200959542916,0.005,Bas-Bas,Sotaquirá,Boyacá
15764,2013,0.31590150405098816,1.1114231757755488,0.005,Bas-Bas,Soracá,Boyacá
15774,2013,0.0,1.0258162142043503,0.032,Bas-Bas,Susacón,Boyacá
15776,2013,0.0,1.4891558453037776,0.003,Bas-Bas,Sutamarchán,Boyacá
15778,2013,0.0,1.3590812260302796,0.005,Bas-Bas,Sutatenza,Boyacá
15790,2013,0.8919802885469471,0.7929533602290199,0.002,Bas-Bas,Tasco,Boyacá
15798,2013,0.7079921288134398,0.8351094517373169,0.005,Bas-Bas,Tenza,Boyacá
15804,2013,0.4173754524962733,1.228668040653505,0.001,Bas-Bas,Tibaná,Boyacá
15806,2013,0.0,1.3490843037234403,0.005,Bas-Bas,Tibasosa,Boyacá
15808,2013,0.0,1.4741622812402877,0.003,Bas-Bas,Tinjacá,Boyacá
15810,2013,0.0,1.0517141823124903,0.032,Bas-Bas,Tipacoque,Boyacá
15814,2013,0.425628469304432,1.0980831400664355,0.003,Bas-Bas,Toca,Boyacá
15816,2013,0.0,1.4234986230509326,0.003,Bas-Bas,Togüí,Boyacá
15820,2013,0.0,1.6716298121972446,0.001,Bas-Bas,Tópaga,Boyacá
15822,2013,0.0,0.8218179747132204,0.065,Non significatif,Tota,Boyacá
15832,2013,2.1757932520188996,-0.07996342036104094,0.185,Non significatif,Tununguá,Boyacá
15835,2013,0.0,1.4648846089975864,0.003,Bas-Bas,Turmequé,Boyacá
15837,2013,0.0,1.5954060250509445,0.001,Bas-Bas,Tuta,Boyacá
15839,2013,0.0,1.2699759113948694,0.008,Bas-Bas,Tutazá,Boyacá
15842,2013,0.49790978651016865,1.0931517684236458,0.004,Bas-Bas,Úmbita,Boyacá
15861,2013,0.0,1.261980543332862,0.009,Bas-Bas,Ventaquemada,Boyacá
15879,2013,0.0,1.2860722999996288,0.007,Bas-Bas,Viracachá,Boyacá
15897,2013,0.41181056242257613,1.132771887255852,0.004,Bas-Bas,Zetaquira,Boyacá
17001,2013,0.4067744033180679,0.6115827828676235,0.075,Non significatif,Manizales,Caldas
17013,2013,0.9160938058772593,0.2832391852021639,0.151,Non significatif,Aguadas,Caldas
17042,2013,1.8364366595694301,-0.0009035957413747138,0.474,Non significatif,Anserma,Caldas
17050,2013,0.6036349836541794,0.557943632468365,0.065,Non significatif,Aranzazu,Caldas
17088,2013,2.0726008947745203,-0.0445155385594879,0.228,Non significatif,Belalcázar,Caldas
17174,2013,1.2978746431483426,0.0674705447695795,0.348,Non significatif,Chinchiná,Caldas
17272,2013,0.41356884846189945,0.44628849816587196,0.144,Non significatif,Filadelfia,Caldas
17380,2013,1.2900394461873035,0.04586274920206853,0.385,Non significatif,La Dorada,Caldas
17388,2013,1.3570675590608383,0.18458708798248571,0.105,Non significatif,La Merced,Caldas
17433,2013,1.0128950007431536,-0.15389090543746015,0.279,Non significatif,Manzanares,Caldas
17442,2013,1.8750914777779693,-0.0023654442906843078,0.159,Non significatif,Marmato,Caldas
17444,2013,1.8221134483667627,-0.0034518401405272113,0.407,Non significatif,Marquetalia,Caldas
17446,2013,2.512216714788463,-0.07597029483950539,0.347,Non significatif,Marulanda,Caldas
17486,2013,1.0673876737792962,0.3481856848228488,0.071,Non significatif,Neira,Caldas
17495,2013,1.956545849874199,0.012536093319306775,0.335,Non significatif,Norcasia,Caldas
17513,2013,0.8440256661401883,0.250172314649491,0.201,Non significatif,Pácora,Caldas
17524,2013,1.885047755074748,-0.005304576963385473,0.155,Non significatif,Palestina,Caldas
17541,2013,2.673845298242747,0.18420544809854364,0.226,Non significatif,Pensilvania,Caldas
17614,2013,2.0469074097144393,-0.0040501096085150835,0.468,Non significatif,Riosucio,Caldas
17616,2013,2.05732843273107,-0.029573019462789323,0.306,Non significatif,Risaralda,Caldas
17653,2013,1.4851840146393798,0.1319447865124749,0.115,Non significatif,Salamina,Caldas
17662,2013,2.6770281126702513,0.2897411902928608,0.134,Non significatif,Samaná,Caldas
17665,2013,1.005172529175169,0.03260522311642943,0.445,Non significatif,San José,Caldas
17777,2013,0.941859603683334,0.06574808652395306,0.399,Non significatif,Supía,Caldas
17867,2013,1.8738653274585613,7.215669645435406e-05,0.497,Non significatif,Victoria,Caldas
17873,2013,0.11386507915788872,0.20958513772643395,0.348,Non significatif,Villamaría,Caldas
17877,2013,0.9165261331478998,-0.07232895648681115,0.408,Non significatif,Viterbo,Caldas
18001,2013,2.8927372067209043,0.884298266687874,0.006,Haut-Haut,Florencia,Caquetá
18029,2013,4.5308932331205085,3.3955799065469847,0.001,Haut-Haut,Albania,Caquetá
18094,2013,4.029798264866421,2.194687796586719,0.003,Haut-Haut,Belén de los Andaquíes,Caquetá
18150,2013,4.7822591577962354,4.1582723773030965,0.001,Haut-Haut,Cartagena del Chairá,Caquetá
18205,2013,4.980373995601339,4.1331413997085535,0.001,Haut-Haut,Curillo,Caquetá
18247,2013,4.124038480101811,2.1888396590697905,0.003,Haut-Haut,El Doncello,Caquetá
18256,2013,4.079075977747323,2.715455807472411,0.001,Haut-Haut,El Paujíl,Caquetá
18410,2013,4.974869954345262,3.8912430715652144,0.001,Haut-Haut,La Montañita,Caquetá
18460,2013,5.398568386751362,4.569969686845427,0.001,Haut-Haut,Milán,Caquetá
18479,2013,4.176080938653285,2.686080120304954,0.001,Haut-Haut,Morelia,Caquetá
18592,2013,4.739762431186357,2.3958993292225963,0.006,Haut-Haut,Puerto Rico,Caquetá
18610,2013,4.827059894444709,3.254751024388743,0.001,Haut-Haut,San José del Fragua,Caquetá
18753,2013,4.664341670242319,3.160996493409973,0.001,Haut-Haut,San Vicente del Caguán,Caquetá
18756,2013,4.860832086327769,2.3598984595937087,0.009,Haut-Haut,Solano,Caquetá
18785,2013,4.985334538505462,4.309210691451426,0.001,Haut-Haut,Solita,Caquetá
18860,2013,4.607854515119883,3.8749614342219187,0.001,Haut-Haut,Valparaíso,Caquetá
19001,2013,0.9890909102617422,-0.36983037145308384,0.102,Non significatif,Popayán,Cauca
19022,2013,4.141944190916394,2.323398503189096,0.002,Haut-Haut,Almaguer,Cauca
19050,2013,5.017975748861563,4.065540368071825,0.001,Haut-Haut,Argelia,Cauca
19075,2013,4.2094436575934,2.7143232019037398,0.001,Haut-Haut,Balboa,Cauca
19100,2013,4.430840078793388,2.3989396015413416,0.006,Haut-Haut,Bolívar,Cauca
19110,2013,4.340864551845476,1.47228820488076,0.038,Haut-Haut,Buenos Aires,Cauca
19130,2013,3.3434769242793227,0.45315355980343586,0.168,Non significatif,Cajibío,Cauca
19137,2013,2.857833075029774,0.49815518427543626,0.066,Non significatif,Caldono,Cauca
19142,2013,3.5785370281068203,0.13860402908816158,0.397,Non significatif,Caloto,Cauca
19212,2013,3.8121932054201837,1.1593343690698807,0.037,Haut-Haut,Corinto,Cauca
19256,2013,4.270795415074656,2.124033259737044,0.006,Haut-Haut,El Tambo,Cauca
19290,2013,4.029675893772214,1.6904646433851922,0.01,Haut-Haut,Florencia,Cauca
19300,2013,1.5393466469751684,-0.09255591216874086,0.183,Non significatif,Guachené,Cauca
19318,2013,5.548612062612439,5.14317154549578,0.001,Haut-Haut,Guapi,Cauca
19355,2013,3.1634775438641936,0.5432662680398459,0.103,Non significatif,Inzá,Cauca
19364,2013,4.041841769982903,1.1445480703767241,0.056,Non significatif,Jambaló,Cauca
19392,2013,3.9682964997243872,1.7242584743946252,0.006,Haut-Haut,La Sierra,Cauca
19397,2013,4.299030805335794,2.3520673845920177,0.004,Haut-Haut,La Vega,Cauca
19418,2013,5.663548370519207,5.300721493123962,0.001,Haut-Haut,López de Micay,Cauca
19450,2013,3.5353831373374836,1.8368990548412243,0.001,Haut-Haut,Mercaderes,Cauca
19455,2013,4.410993337865848,0.7818232291242648,0.165,Non significatif,Miranda,Cauca
19473,2013,3.7307587665499504,1.689424175521212,0.006,Haut-Haut,Morales,Cauca
19513,2013,1.5818566469418036,-0.10213896290180118,0.137,Non significatif,Padilla,Cauca
19517,2013,2.67831460225389,0.566548601101324,0.017,Haut-Haut,Páez,Cauca
19532,2013,3.6936514640822935,2.136585919182045,0.001,Haut-Haut,Patía,Cauca
19533,2013,4.503062227158238,3.1013035721657123,0.001,Haut-Haut,Piamonte,Cauca
19548,2013,2.03870908594837,0.06772001494601823,0.113,Non significatif,Piendamó - Tunía,Cauca
19573,2013,2.113191572185004,0.022292201647182923,0.386,Non significatif,Puerto Tejada,Cauca
19585,2013,2.246076171995244,0.14948003521184947,0.113,Non significatif,Puracé,Cauca
19622,2013,3.535689700522696,1.43855542358034,0.006,Haut-Haut,Rosas,Cauca
19693,2013,3.8695074874296815,2.0477146577162593,0.002,Haut-Haut,San Sebastián,Cauca
19698,2013,2.3945528760526575,0.2114370443073739,0.109,Non significatif,Santander de Quilichao,Cauca
19701,2013,4.8245920415530845,1.7302936370584217,0.035,Haut-Haut,Santa Rosa,Cauca
19743,2013,2.5208572365464303,0.3111043836914939,0.079,Non significatif,Silvia,Cauca
19760,2013,3.236052517713238,0.8373035673004745,0.035,Haut-Haut,Sotará - Paispamba,Cauca
19780,2013,6.201936544814486,2.7089505128114038,0.03,Haut-Haut,Suárez,Cauca
19785,2013,3.8998604824887573,2.184172397430199,0.001,Haut-Haut,Sucre,Cauca
19807,2013,2.91696293325666,0.5780565528723457,0.049,Haut-Haut,Timbío,Cauca
19809,2013,5.343822746617529,5.1948787944768,0.001,Haut-Haut,Timbiquí,Cauca
19821,2013,3.4681303357355353,1.236342339771909,0.009,Haut-Haut,Toribío,Cauca
19824,2013,2.1912032888395814,0.050528218953818906,0.31,Non significatif,Totoró,Cauca
19845,2013,1.1944985290777728,-0.0964090875022814,0.333,Non significatif,Villa Rica,Cauca
20001,2013,1.031164565374959,-0.1275266087103757,0.312,Non significatif,Valledupar,Cesar
20011,2013,1.942475168927989,-0.013413775259400147,0.273,Non significatif,Aguachica,Cesar
20013,2013,2.0626888518056803,-0.0036400057727528357,0.475,Non significatif,Agustín Codazzi,Cesar
20032,2013,2.3553002669727188,-0.07371624015223216,0.313,Non significatif,Astrea,Cesar
20045,2013,1.648167647951522,-0.008937498019148038,0.444,Non significatif,Becerril,Cesar
20060,2013,0.9111739105458447,-0.03242052931651585,0.455,Non significatif,Bosconia,Cesar
20175,2013,2.4525762386880747,0.0540861094315178,0.379,Non significatif,Chimichagua,Cesar
20178,2013,1.802948771792213,-0.0026202908979328604,0.44,Non significatif,Chiriguaná,Cesar
20228,2013,1.9414868743810212,0.009667626129760376,0.345,Non significatif,Curumaní,Cesar
20238,2013,1.908516479292308,-0.001198245802340426,0.458,Non significatif,El Copey,Cesar
20250,2013,1.9054688550588874,-0.003621837274612808,0.372,Non significatif,El Paso,Cesar
20295,2013,0.40391414541602627,-0.23413199270301296,0.303,Non significatif,Gamarra,Cesar
20310,2013,1.909962143422522,0.014417996393376873,0.143,Non significatif,González,Cesar
20383,2013,1.4377873891560569,0.0075299931657920776,0.478,Non significatif,La Gloria,Cesar
20400,2013,1.1068670619301382,-0.001931482217521976,0.5,Non significatif,La Jagua de Ibirico,Cesar
20443,2013,0.9702748034809149,-0.269954879664782,0.165,Non significatif,Manaure Balcón del Cesar,Cesar
20517,2013,2.0130572882525843,0.02559622520488162,0.287,Non significatif,Pailitas,Cesar
20550,2013,1.855964736664642,-0.0006146417489570669,0.422,Non significatif,Pelaya,Cesar
20570,2013,1.2460861346464307,-0.05059538812660479,0.391,Non significatif,Pueblo Bello,Cesar
20614,2013,1.5153517813768582,0.047947187813765016,0.331,Non significatif,Río de Oro,Cesar
20621,2013,2.88232949397724,-0.07041870883083062,0.402,Non significatif,La Paz,Cesar
20710,2013,1.9014294921985124,0.005292909691855453,0.31,Non significatif,San Alberto,Cesar
20750,2013,2.471980158632995,-0.01814239070147823,0.453,Non significatif,San Diego,Cesar
20770,2013,1.6408424243020523,-0.019592195189324733,0.387,Non significatif,San Martín,Cesar
20787,2013,2.6149089060243935,0.04388894719259802,0.415,Non significatif,Tamalameque,Cesar
23001,2013,1.5913931446522194,-0.011469908506083542,0.438,Non significatif,Montería,Córdoba
23068,2013,3.0609573141469335,0.6097810959780703,0.06,Non significatif,Ayapel,Córdoba
23079,2013,2.7386889096833054,0.4280847402582637,0.067,Non significatif,Buenavista,Córdoba
23090,2013,3.1693375068687213,0.3920526469926586,0.161,Non significatif,Canalete,Córdoba
23162,2013,0.7460193406092767,0.32364003209221703,0.159,Non significatif,Cereté,Córdoba
23168,2013,0.5668762404493298,0.6269333100971815,0.049,Bas-Bas,Chimá,Córdoba
23182,2013,0.8804552436211474,0.3771159424490302,0.093,Non significatif,Chinú,Córdoba
23189,2013,0.8794046517937586,0.43616420987341753,0.067,Non significatif,Ciénaga de Oro,Córdoba
23300,2013,0.7287525369879441,0.45300993926189836,0.087,Non significatif,Cotorra,Córdoba
23350,2013,2.9181010591430026,0.651664173814244,0.034,Haut-Haut,La Apartada,Córdoba
23417,2013,1.5114643084315582,0.04383023274305541,0.339,Non significatif,Lorica,Córdoba
23419,2013,2.3176990722979953,0.21385964699645724,0.078,Non significatif,Los Córdobas,Córdoba
23464,2013,0.8230095967798963,0.4308899426707718,0.082,Non significatif,Momil,Córdoba
23466,2013,3.3535508044734152,1.3135601374572785,0.007,Haut-Haut,Montelíbano,Córdoba
23500,2013,2.5468066555345854,-0.03290024956282206,0.427,Non significatif,Moñitos,Córdoba
23555,2013,2.569930810207941,0.2809543485701507,0.109,Non significatif,Planeta Rica,Córdoba
23570,2013,2.55026261289846,-0.021974326618979946,0.45,Non significatif,Pueblo Nuevo,Córdoba
23574,2013,2.9118774300067765,0.14799972309075327,0.329,Non significatif,Puerto Escondido,Córdoba
23580,2013,4.826167476887183,3.3984789001680173,0.001,Haut-Haut,Puerto Libertador,Córdoba
23586,2013,1.0952883733447896,0.29685702696435856,0.09,Non significatif,Purísima de la Concepción,Córdoba
23660,2013,0.7487669898460767,0.362862395926954,0.126,Non significatif,Sahagún,Córdoba
23670,2013,1.3303881353468159,0.3071607513331411,0.03,Bas-Bas,San Andrés de Sotavento,Córdoba
23672,2013,1.1315068300491167,0.13854234299556564,0.263,Non significatif,San Antero,Córdoba
23675,2013,2.4124828627370163,-0.08376294788764593,0.309,Non significatif,San Bernardo del Viento,Córdoba
23678,2013,1.9393174903499426,-0.028524242216064668,0.087,Non significatif,San Carlos,Córdoba
23682,2013,3.836358007174879,2.1139266096130562,0.001,Haut-Haut,San José de Uré,Córdoba
23686,2013,1.265295781789787,0.16557682686803826,0.178,Non significatif,San Pelayo,Córdoba
23807,2013,4.573508252245844,2.435215935669568,0.005,Haut-Haut,Tierralta,Córdoba
23815,2013,0.3295155924422691,0.6136971540337349,0.088,Non significatif,Tuchín,Córdoba
23855,2013,4.006300909523043,1.064182473054062,0.059,Non significatif,Valencia,Córdoba
25001,2013,0.6063477864969735,0.9016742943071538,0.005,Bas-Bas,Agua de Dios,Cundinamarca
25019,2013,0.9079086457996387,0.6000093499205367,0.016,Bas-Bas,Albán,Cundinamarca
25035,2013,0.8781242777180559,0.36693019256273773,0.099,Non significatif,Anapoima,Cundinamarca
25040,2013,0.6309788857934079,0.9349821413624053,0.005,Bas-Bas,Anolaima,Cundinamarca
25053,2013,1.1736255662580861,0.08932603341702339,0.331,Non significatif,Arbeláez,Cundinamarca
25086,2013,2.99774923696155,-0.08276093025918958,0.398,Non significatif,Beltrán,Cundinamarca
25095,2013,0.0,0.740006182653978,0.088,Non significatif,Bituima,Cundinamarca
25099,2013,0.0,1.425373575043318,0.004,Bas-Bas,Bojacá,Cundinamarca
25120,2013,2.4340604747249945,0.3428990843480062,0.032,Haut-Haut,Cabrera,Cundinamarca
25123,2013,0.0,1.1140752921181953,0.02,Bas-Bas,Cachipay,Cundinamarca
25126,2013,0.12322564936747692,1.5415182346890592,0.001,Bas-Bas,Cajicá,Cundinamarca
25148,2013,1.3105530379467323,0.08091159437728679,0.314,Non significatif,Caparrapí,Cundinamarca
25151,2013,0.1480251679679207,1.252046401753629,0.005,Bas-Bas,Cáqueza,Cundinamarca
25154,2013,0.1123003817816194,1.3636265094444269,0.004,Bas-Bas,Carmen de Carupa,Cundinamarca
25168,2013,2.1667576987252444,-0.14967435963428155,0.044,Atypique,Chaguaní,Cundinamarca
25175,2013,0.005888345843710111,1.6400928098378538,0.001,Bas-Bas,Chía,Cundinamarca
25178,2013,0.2629406788437918,1.3108155276290008,0.002,Bas-Bas,Chipaque,Cundinamarca
25181,2013,0.0,1.360877868757594,0.005,Bas-Bas,Choachí,Cundinamarca
25183,2013,0.039750961910381556,1.5941166545410828,0.001,Bas-Bas,Chocontá,Cundinamarca
25200,2013,0.0,1.6515149082156615,0.001,Bas-Bas,Cogua,Cundinamarca
25214,2013,0.023897156620744476,1.6087448273104463,0.001,Bas-Bas,Cota,Cundinamarca
25224,2013,0.0,1.600293089386294,0.001,Bas-Bas,Cucunubá,Cundinamarca
25245,2013,0.5500008904423714,0.8518516666383419,0.012,Bas-Bas,El Colegio,Cundinamarca
25258,2013,1.5497011841199169,0.07736929822261812,0.204,Non significatif,El Peñón,Cundinamarca
25260,2013,0.0,1.5977109632791722,0.001,Bas-Bas,El Rosal,Cundinamarca
25269,2013,0.14045977164517753,1.280717580399621,0.005,Bas-Bas,Facatativá,Cundinamarca
25279,2013,0.9577488341458499,0.15869824283784514,0.279,Non significatif,Fómeque,Cundinamarca
25281,2013,0.0,1.1750311624568173,0.015,Bas-Bas,Fosca,Cundinamarca
25286,2013,0.16667805909849048,1.5074062620464117,0.001,Bas-Bas,Funza,Cundinamarca
25288,2013,0.33816707206140506,1.2441776010952996,0.002,Bas-Bas,Fúquene,Cundinamarca
25290,2013,0.3419406096812765,0.2594244656883438,0.284,Non significatif,Fusagasugá,Cundinamarca
25293,2013,0.3959908732406777,0.07016520877897897,0.421,Non significatif,Gachalá,Cundinamarca
25295,2013,0.0,1.6612247421470194,0.001,Bas-Bas,Gachancipá,Cundinamarca
25297,2013,0.4059464344811286,0.989427932606769,0.01,Bas-Bas,Gachetá,Cundinamarca
25299,2013,0.9596620527540326,0.4670171324543238,0.037,Bas-Bas,Gama,Cundinamarca
25307,2013,0.16800392031737357,0.7767140642899826,0.054,Non significatif,Girardot,Cundinamarca
25312,2013,0.0,1.2281752683156049,0.013,Bas-Bas,Granada,Cundinamarca
25317,2013,0.0,1.4808126612248733,0.004,Bas-Bas,Guachetá,Cundinamarca
25320,2013,0.8542103139883689,0.3605794773464657,0.109,Non significatif,Guaduas,Cundinamarca
25322,2013,0.10470186750729008,1.5274261125073751,0.001,Bas-Bas,Guasca,Cundinamarca
25324,2013,0.0,1.1167567140971548,0.019,Bas-Bas,Guataquí,Cundinamarca
25326,2013,0.0,1.5697751557483601,0.001,Bas-Bas,Guatavita,Cundinamarca
25328,2013,0.5399503490883909,0.7834030810413983,0.021,Bas-Bas,Guayabal de Síquima,Cundinamarca
25335,2013,1.0102671185466445,0.2788628537814626,0.128,Non significatif,Guayabetal,Cundinamarca
25339,2013,1.7383947821949537,0.07769589604059803,0.018,Bas-Bas,Gutiérrez,Cundinamarca
25368,2013,0.987834294600119,0.4320145298588544,0.045,Bas-Bas,Jerusalén,Cundinamarca
25372,2013,0.0,1.165884058916231,0.016,Bas-Bas,Junín,Cundinamarca
25377,2013,0.24035179457751357,1.4194740400306691,0.001,Bas-Bas,La Calera,Cundinamarca
25386,2013,0.405615992464145,0.8171345943794321,0.033,Bas-Bas,La Mesa,Cundinamarca
25394,2013,1.9005525200936715,-0.004560352272800228,0.332,Non significatif,La Palma,Cundinamarca
25398,2013,1.1783369895052198,0.21842686091675328,0.139,Non significatif,La Peña,Cundinamarca
25402,2013,0.0,1.4609010257090316,0.004,Bas-Bas,La Vega,Cundinamarca
25407,2013,0.24591982421879044,1.3441353000802625,0.001,Bas-Bas,Lenguazaque,Cundinamarca
25426,2013,0.0,1.1660870391772185,0.016,Bas-Bas,Machetá,Cundinamarca
25430,2013,0.06209718595078994,1.5618433440289412,0.001,Bas-Bas,Madrid,Cundinamarca
25436,2013,0.0,1.1005068259908521,0.022,Bas-Bas,Manta,Cundinamarca
25438,2013,1.952655628700777,-0.015517238549728201,0.272,Non significatif,Medina,Cundinamarca
25473,2013,0.005826590037817692,1.4258184783587273,0.004,Bas-Bas,Mosquera,Cundinamarca
25483,2013,0.9362395855576178,0.5493932126274729,0.02,Bas-Bas,Nariño,Cundinamarca
25486,2013,0.0,1.6612247421470194,0.001,Bas-Bas,Nemocón,Cundinamarca
25488,2013,0.5614072663298075,0.7754546404226864,0.019,Bas-Bas,Nilo,Cundinamarca
25489,2013,0.0,0.9509767633613686,0.039,Bas-Bas,Nimaima,Cundinamarca
25491,2013,0.26878663777644407,1.2109513018073463,0.005,Bas-Bas,Nocaima,Cundinamarca
25506,2013,3.0014122252886875,0.15379015899055473,0.326,Non significatif,Venecia,Cundinamarca
25513,2013,0.3701837265595653,0.8370000794711763,0.031,Bas-Bas,Pacho,Cundinamarca
25518,2013,0.0,0.7740618986986092,0.08,Non significatif,Paime,Cundinamarca
25524,2013,2.352498233230888,0.07648417064757174,0.304,Non significatif,Pandi,Cundinamarca
25530,2013,0.7838600347695721,0.26277873577544664,0.202,Non significatif,Paratebueno,Cundinamarca
25535,2013,1.8935395840205027,-0.01496386655375283,0.031,Atypique,Pasca,Cundinamarca
25572,2013,0.6874279645196024,0.05537301061697902,0.421,Non significatif,Puerto Salgar,Cundinamarca
25580,2013,0.25742839758082064,-0.025593861399450645,0.485,Non significatif,Pulí,Cundinamarca
25592,2013,0.0,1.0401790586975697,0.03,Bas-Bas,Quebradanegra,Cundinamarca
25594,2013,0.8870645796369973,0.3807647816222218,0.087,Non significatif,Quetame,Cundinamarca
25596,2013,1.5853474873158466,0.21712338972402276,0.002,Bas-Bas,Quipile,Cundinamarca
25599,2013,0.7440136554744279,0.4874945119167803,0.069,Non significatif,Apulo,Cundinamarca
25612,2013,0.0,1.120045945045598,0.016,Bas-Bas,Ricaurte,Cundinamarca
25645,2013,0.8157500435178122,0.8056134121384904,0.003,Bas-Bas,San Antonio del Tequendama,Cundinamarca
25649,2013,1.3892026813142444,0.026175052031070078,0.417,Non significatif,San Bernardo,Cundinamarca
25653,2013,0.5170897295239587,1.0358184085625635,0.002,Bas-Bas,San Cayetano,Cundinamarca
25658,2013,0.0,1.6339859296742278,0.001,Bas-Bas,San Francisco,Cundinamarca
25662,2013,1.4824569848327136,0.10408266789159362,0.185,Non significatif,San Juan de Rioseco,Cundinamarca
25718,2013,0.0,1.2803036581852543,0.009,Bas-Bas,Sasaima,Cundinamarca
25736,2013,0.0,1.6645110006561152,0.001,Bas-Bas,Sesquilé,Cundinamarca
25740,2013,0.5081808003931714,1.021867891716999,0.005,Bas-Bas,Sibaté,Cundinamarca
25743,2013,0.29914664454020357,0.8652567894642789,0.03,Bas-Bas,Silvania,Cundinamarca
25745,2013,0.36857712765511014,1.1192104337374873,0.005,Bas-Bas,Simijaca,Cundinamarca
25754,2013,0.30314178524189916,1.1558445996900941,0.006,Bas-Bas,Soacha,Cundinamarca
25758,2013,0.0,1.6193517664496768,0.001,Bas-Bas,Sopó,Cundinamarca
25769,2013,0.2102008926189283,1.483410399582161,0.001,Bas-Bas,Subachoque,Cundinamarca
25772,2013,0.0,1.6645110006561152,0.001,Bas-Bas,Suesca,Cundinamarca
25777,2013,0.0,1.3945889673698078,0.005,Bas-Bas,Supatá,Cundinamarca
25779,2013,0.3687545153726943,1.223678640878253,0.001,Bas-Bas,Susa,Cundinamarca
25781,2013,0.0,1.6313411741632637,0.001,Bas-Bas,Sutatausa,Cundinamarca
25785,2013,0.0,1.601153681716691,0.001,Bas-Bas,Tabio,Cundinamarca
25793,2013,0.0,1.641808634653559,0.001,Bas-Bas,Tausa,Cundinamarca
25797,2013,0.4914043444179326,0.9978897591623676,0.007,Bas-Bas,Tena,Cundinamarca
25799,2013,0.0,1.6364460832445016,0.001,Bas-Bas,Tenjo,Cundinamarca
25805,2013,2.013850527576259,-0.03841366951532369,0.191,Non significatif,Tibacuy,Cundinamarca
25807,2013,1.1185718881455757,0.5687058411374121,0.005,Bas-Bas,Tibirita,Cundinamarca
25815,2013,0.2117696869068232,1.0216344581533994,0.015,Bas-Bas,Tocaima,Cundinamarca
25817,2013,0.058101207041608254,1.5888157334045834,0.001,Bas-Bas,Tocancipá,Cundinamarca
25823,2013,2.274623153171134,-0.21173507350113535,0.038,Atypique,Topaipí,Cundinamarca
25839,2013,1.8514279367681843,0.005882937015687991,0.095,Non significatif,Ubalá,Cundinamarca
25841,2013,0.12615134781622878,1.3301175315864913,0.003,Bas-Bas,Ubaque,Cundinamarca
25843,2013,0.11266864663795567,1.4328870575670059,0.001,Bas-Bas,Villa de San Diego de Ubaté,Cundinamarca
25845,2013,0.4646757099543082,0.9562186745481065,0.011,Bas-Bas,Une,Cundinamarca
25851,2013,1.6103615195113594,0.14730012372180284,0.026,Bas-Bas,Útica,Cundinamarca
25862,2013,0.9665927107773857,0.5473082878557787,0.017,Bas-Bas,Vergara,Cundinamarca
25867,2013,1.640828438189833,0.09187231346912901,0.088,Non significatif,Vianí,Cundinamarca
25871,2013,0.471134632579728,0.618928463861866,0.07,Non significatif,Villagómez,Cundinamarca
25873,2013,0.23916598505840106,1.1604677805984378,0.008,Bas-Bas,Villapinzón,Cundinamarca
25875,2013,0.46849313000587195,1.0218523584170591,0.007,Bas-Bas,Villeta,Cundinamarca
25878,2013,2.180666335853606,-0.14597692869400677,0.059,Non significatif,Viotá,Cundinamarca
25885,2013,2.413848286500529,-0.024272250405006544,0.431,Non significatif,Yacopí,Cundinamarca
25898,2013,0.0,1.4454732387659297,0.002,Bas-Bas,Zipacón,Cundinamarca
25899,2013,0.05421905560100203,1.5915507873375374,0.001,Bas-Bas,Zipaquirá,Cundinamarca
27001,2013,3.7963444888306923,1.9129986527056477,0.003,Haut-Haut,Quibdó,Chocó
27006,2013,2.7865477224418345,0.6187656855762096,0.019,Haut-Haut,Acandí,Chocó
27025,2013,4.108881441838067,1.8726619132632605,0.006,Haut-Haut,Alto Baudó,Chocó
27050,2013,4.208021080395456,1.1665874024888678,0.056,Non significatif,Atrato,Chocó
27073,2013,4.803275104983904,2.2839558739535257,0.007,Haut-Haut,Bagadó,Chocó
27075,2013,2.6549249143224563,0.7918938210289337,0.003,Haut-Haut,Bahía Solano,Chocó
27077,2013,4.638306810287562,2.8631902720858715,0.002,Haut-Haut,Bajo Baudó,Chocó
27099,2013,5.022278239351932,1.7471648780797426,0.044,Haut-Haut,Bojayá,Chocó
27135,2013,3.24478762727969,0.825854351350486,0.031,Haut-Haut,El Cantón del San Pablo,Chocó
27150,2013,2.5067153036054473,0.6491603747055876,0.002,Haut-Haut,Carmen del Darién,Chocó
27160,2013,1.9765224326694752,0.09451301146664552,0.005,Haut-Haut,Cértegui,Chocó
27205,2013,3.2880295148558605,1.3261354424986436,0.004,Haut-Haut,Condoto,Chocó
27245,2013,4.417917015048751,0.8381144161237538,0.141,Non significatif,El Carmen de Atrato,Chocó
27250,2013,5.715193255764292,4.234374870583562,0.001,Haut-Haut,El Litoral del San Juan,Chocó
27361,2013,3.992902184505903,3.0394630316202065,0.001,Haut-Haut,Istmina,Chocó
27372,2013,2.1873462695961305,0.2567400988772282,0.007,Haut-Haut,Juradó,Chocó
27413,2013,4.29148397582438,2.4352258907625277,0.003,Haut-Haut,Lloró,Chocó
27425,2013,3.571202352634925,1.424776090202623,0.007,Haut-Haut,Medio Atrato,Chocó
27430,2013,4.38162847562707,2.0418293544811457,0.007,Haut-Haut,Medio Baudó,Chocó
27450,2013,4.087228642277882,2.866616959702632,0.001,Haut-Haut,Medio San Juan,Chocó
27491,2013,4.397159001479287,2.998186388554021,0.001,Haut-Haut,Nóvita,Chocó
27495,2013,3.611193937011066,1.3782993881818848,0.007,Haut-Haut,Nuquí,Chocó
27580,2013,3.585115644382253,1.1553889934693249,0.017,Haut-Haut,Río Iró,Chocó
27600,2013,3.180925002929603,0.7612473311671208,0.033,Haut-Haut,Río Quito,Chocó
27615,2013,4.623338880753883,1.4892599978151149,0.047,Haut-Haut,Riosucio,Chocó
27660,2013,4.845834756732277,1.4112756918472364,0.07,Non significatif,San José del Palmar,Chocó
27745,2013,6.732957366614692,4.281769656577614,0.005,Haut-Haut,Sipí,Chocó
27787,2013,4.398469837955715,1.8694540055318927,0.011,Haut-Haut,Tadó,Chocó
27800,2013,3.863447017917097,1.304846233374502,0.017,Haut-Haut,Unguía,Chocó
27810,2013,1.8349462813639699,-0.021328503015570727,0.013,Atypique,Unión Panamericana,Chocó
41001,2013,1.5744338023442876,-0.125336340485335,0.088,Non significatif,Neiva,Huila
41006,2013,3.6258396844578367,0.790412604959549,0.079,Non significatif,Acevedo,Huila
41013,2013,1.0792905286944359,-0.24754230765023938,0.146,Non significatif,Agrado,Huila
41016,2013,2.9403771491439525,0.5672313484099232,0.047,Haut-Haut,Aipe,Huila
41020,2013,4.175398872288707,0.6230445761516045,0.177,Non significatif,Algeciras,Huila
41026,2013,1.7822919757209073,-0.024742179016576486,0.163,Non significatif,Altamira,Huila
41078,2013,4.1875570537847,1.0253186578317903,0.078,Non significatif,Baraya,Huila
41132,2013,2.6474101700116166,0.27653739907255226,0.12,Non significatif,Campoalegre,Huila
41206,2013,4.36935295068449,2.22757320754478,0.006,Haut-Haut,Colombia,Huila
41244,2013,0.8096871974039187,-0.4189018134312325,0.102,Non significatif,Elías,Huila
41298,2013,2.756566299892515,0.16332492511653907,0.268,Non significatif,Garzón,Huila
41306,2013,3.0762941947446425,0.23452997132677955,0.255,Non significatif,Gigante,Huila
41319,2013,3.1748941865687765,0.5314209532470852,0.091,Non significatif,Guadalupe,Huila
41349,2013,2.7289246069463546,0.4312014670935696,0.056,Non significatif,Hobo,Huila
41357,2013,3.5200906919272517,0.8650371896434116,0.047,Haut-Haut,Íquira,Huila
41359,2013,3.4296688738572008,0.8818839341005857,0.038,Haut-Haut,Isnos,Huila
41378,2013,3.3211184694148006,0.5933810607242564,0.09,Non significatif,La Argentina,Huila
41396,2013,2.990436761961878,0.6517912365482333,0.03,Haut-Haut,La Plata,Huila
41483,2013,3.5823437390561836,0.7460455515435382,0.083,Non significatif,Nátaga,Huila
41503,2013,2.6520843131220304,0.35908525421754195,0.075,Non significatif,Oporapa,Huila
41518,2013,1.8271640104479447,-0.013335497729501862,0.134,Non significatif,Paicol,Huila
41524,2013,2.428082665064509,0.12174168999943943,0.234,Non significatif,Palermo,Huila
41530,2013,2.751764730513698,0.5281897094380541,0.027,Haut-Haut,Palestina,Huila
41548,2013,2.135105183355874,0.0631641543711826,0.214,Non significatif,Pital,Huila
41551,2013,2.316096829986714,0.14814955251036327,0.138,Non significatif,Pitalito,Huila
41615,2013,2.0094511502574397,0.07608314248867466,0.047,Haut-Haut,Rivera,Huila
41660,2013,3.7058329380900537,0.9766501559869029,0.046,Haut-Haut,Saladoblanco,Huila
41668,2013,3.221529964792552,0.8099838247226386,0.027,Haut-Haut,San Agustín,Huila
41676,2013,3.6786423567644673,0.9974255162657109,0.042,Haut-Haut,Santa María,Huila
41770,2013,2.7658604611832796,0.1908906601944776,0.241,Non significatif,Suaza,Huila
41791,2013,4.109673046804484,0.04301250545695506,0.468,Non significatif,Tarqui,Huila
41797,2013,2.9637778153016248,0.45849515328704965,0.088,Non significatif,Tesalia,Huila
41799,2013,4.0708863735543455,0.78886826282857,0.117,Non significatif,Tello,Huila
41801,2013,2.8783567771907586,0.5395465483971952,0.045,Haut-Haut,Teruel,Huila
41807,2013,2.155016582321928,0.07699533406949671,0.185,Non significatif,Timaná,Huila
41872,2013,2.353548026051791,0.40152359143593014,0.008,Haut-Haut,Villavieja,Huila
41885,2013,1.6855852182606255,-0.09397457560801593,0.051,Non significatif,Yaguará,Huila
44001,2013,2.3766381052035612,-0.021538286008176935,0.439,Non significatif,Riohacha,La Guajira
44035,2013,1.2478987791453189,0.059630445360771445,0.374,Non significatif,Albania,La Guajira
44078,2013,2.5907256338711213,-0.045449734147588516,0.41,Non significatif,Barrancas,La Guajira
44090,2013,3.3286031507049088,-0.04425015383911544,0.46,Non significatif,Dibulla,La Guajira
44098,2013,0.2604292900462078,-0.3500008569930118,0.233,Non significatif,Distracción,La Guajira
44110,2013,2.662946145553187,0.19869659019586378,0.201,Non significatif,El Molino,La Guajira
44279,2013,3.4513413282315097,-0.1397915144288523,0.387,Non significatif,Fonseca,La Guajira
44378,2013,1.343444778937908,-0.02976277594068393,0.406,Non significatif,Hatonuevo,La Guajira
44420,2013,2.0752750348617086,0.04066156309566945,0.254,Non significatif,La Jagua del Pilar,La Guajira
44430,2013,1.8291251336018277,0.005738378084442938,0.307,Non significatif,Maicao,La Guajira
44560,2013,0.19004318296868122,-0.008616126523411554,0.48,Non significatif,Manaure,La Guajira
44650,2013,1.5570301058204201,-0.05625864868809557,0.272,Non significatif,San Juan del Cesar,La Guajira
44847,2013,0.0544854245689141,0.370845515853924,0.252,Non significatif,Uribia,La Guajira
44855,2013,3.2060131013657744,-0.05425215616408271,0.449,Non significatif,Urumita,La Guajira
44874,2013,1.6464280523243842,-0.024047811935624577,0.345,Non significatif,Villanueva,La Guajira
47001,2013,2.301724981478012,0.10774011268970882,0.205,Non significatif,Santa Marta,Magdalena
47030,2013,2.0220988196357563,-0.012257740378125232,0.399,Non significatif,Algarrobo,Magdalena
47053,2013,2.5228778204074005,0.0658273617997108,0.357,Non significatif,Aracataca,Magdalena
47058,2013,2.1802456652363524,-0.08128614489739458,0.196,Non significatif,Ariguaní,Magdalena
47161,2013,0.37640505156282156,0.8425680859667869,0.03,Bas-Bas,Cerro de San Antonio,Magdalena
47170,2013,1.482469911113969,0.12600120230215028,0.132,Non significatif,Chivolo,Magdalena
47189,2013,1.8159716709870686,-0.012559548250552348,0.206,Non significatif,Ciénaga,Magdalena
47205,2013,0.7724340893840506,0.6508432696399197,0.021,Bas-Bas,Concordia,Magdalena
47245,2013,1.9244619973420198,-0.006928203611719986,0.343,Non significatif,El Banco,Magdalena
47258,2013,2.363678199947064,-0.37383585479819986,0.005,Atypique,El Piñón,Magdalena
47268,2013,2.833318878759712,-0.04435400676582987,0.437,Non significatif,El Retén,Magdalena
47288,2013,2.2493637689606705,-0.022145584186170082,0.425,Non significatif,Fundación,Magdalena
47318,2013,1.2728680143948,0.1761120509241551,0.157,Non significatif,Guamal,Magdalena
47460,2013,0.353826248459268,0.2110928069593558,0.322,Non significatif,Nueva Granada,Magdalena
47541,2013,0.3051285021253377,1.026059565735238,0.011,Bas-Bas,Pedraza,Magdalena
47545,2013,1.3385652774644998,0.17810164661119168,0.125,Non significatif,Pijiño del Carmen,Magdalena
47551,2013,1.7705575401291642,0.012776442009719426,0.33,Non significatif,Pivijay,Magdalena
47555,2013,1.643144360276763,0.08292404458525511,0.097,Non significatif,Plato,Magdalena
47570,2013,2.013933416967134,-0.004026547918180667,0.47,Non significatif,Puebloviejo,Magdalena
47605,2013,1.0198587731669864,0.6532613442244688,0.002,Bas-Bas,Remolino,Magdalena
47660,2013,1.6715753113632146,-0.0005548789513204495,0.487,Non significatif,Sabanas de San Ángel,Magdalena
47675,2013,0.25184692267572434,1.0476460144068163,0.012,Bas-Bas,Salamina,Magdalena
47692,2013,0.7915443007523678,0.35873284028241825,0.129,Non significatif,San Sebastián de Buenavista,Magdalena
47703,2013,0.7658272621077765,0.4686010841065816,0.074,Non significatif,San Zenón,Magdalena
47707,2013,1.0463599060235438,0.3875203911669685,0.055,Non significatif,Santa Ana,Magdalena
47720,2013,1.1610523567484505,0.19795507357658101,0.176,Non significatif,Santa Bárbara de Pinto,Magdalena
47745,2013,1.1441941975562304,0.5009353972048677,0.009,Bas-Bas,Sitionuevo,Magdalena
47798,2013,1.0197095133071803,0.37352171061157596,0.067,Non significatif,Tenerife,Magdalena
47960,2013,0.08975094113809651,0.9168380977168892,0.039,Bas-Bas,Zapayán,Magdalena
47980,2013,2.2355399546541492,0.030829763276032374,0.382,Non significatif,Zona Bananera,Magdalena
50001,2013,0.8129964871175501,0.28032518496642556,0.186,Non significatif,Villavicencio,Meta
50006,2013,1.2901894568832222,0.17779327461764202,0.143,Non significatif,Acacías,Meta
50110,2013,1.9369870986906708,-0.02474174363227582,0.109,Non significatif,Barranca de Upía,Meta
50124,2013,0.7193090363340833,0.11719349619657882,0.376,Non significatif,Cabuyaro,Meta
50150,2013,0.9478046074790026,0.07646771692874987,0.399,Non significatif,Castilla la Nueva,Meta
50223,2013,2.521429759406475,0.20433670648885507,0.153,Non significatif,Cubarral,Meta
50226,2013,1.2863013053609305,0.23144468179244887,0.082,Non significatif,Cumaral,Meta
50245,2013,3.1671111595917565,-0.2816354656014484,0.242,Non significatif,El Calvario,Meta
50251,2013,3.354153077154443,0.7211934521053819,0.065,Non significatif,El Castillo,Meta
50270,2013,1.870864442253565,0.001743629567740637,0.084,Non significatif,El Dorado,Meta
50287,2013,2.235326684912679,0.19786698506082062,0.048,Haut-Haut,Fuente de Oro,Meta
50313,2013,2.3654129659403744,0.2753566112362804,0.04,Haut-Haut,Granada,Meta
50318,2013,1.478357721588091,0.033657548277599626,0.392,Non significatif,Guamal,Meta
50325,2013,4.763278609695771,1.8337090443704354,0.018,Haut-Haut,Mapiripán,Meta
50330,2013,3.89745336383104,1.6856639810336882,0.008,Haut-Haut,Mesetas,Meta
50350,2013,3.388070350729424,1.8754296986251038,0.001,Haut-Haut,La Macarena,Meta
50370,2013,4.636948855421685,2.7082478093284035,0.004,Haut-Haut,Uribe,Meta
50400,2013,4.146640242778141,0.49337067142671837,0.227,Non significatif,Lejanías,Meta
50450,2013,3.935456025604716,1.852807024005458,0.007,Haut-Haut,Puerto Concordia,Meta
50568,2013,2.5095329425236526,0.14327805643100877,0.223,Non significatif,Puerto Gaitán,Meta
50573,2013,2.483416125542849,-0.0517298253799288,0.393,Non significatif,Puerto López,Meta
50577,2013,3.8569265582986554,1.2953745457167736,0.019,Haut-Haut,Puerto Lleras,Meta
50590,2013,4.255407041518232,1.5667266659769332,0.018,Haut-Haut,Puerto Rico,Meta
50606,2013,0.9096307273836022,-0.1797977310870595,0.271,Non significatif,Restrepo,Meta
50680,2013,2.127463390338931,-0.08701868958184196,0.128,Non significatif,San Carlos de Guaroa,Meta
50683,2013,3.484717487502957,0.6811637335102009,0.088,Non significatif,San Juan de Arama,Meta
50686,2013,4.073243165891225,-0.8310383655134113,0.096,Non significatif,San Juanito,Meta
50689,2013,1.8967902837242765,0.006653009110241493,0.225,Non significatif,San Martín,Meta
50711,2013,4.247446433477336,1.917275749974583,0.008,Haut-Haut,Vistahermosa,Meta
52001,2013,0.9251744628084998,-0.043340163426015814,0.425,Non significatif,Pasto,Nariño
52019,2013,3.6570411403730856,0.7225760368762674,0.095,Non significatif,Albán,Nariño
52022,2013,0.7440779682208377,0.3896744304892197,0.114,Non significatif,Aldana,Nariño
52036,2013,2.45797688352054,0.15583109484597113,0.194,Non significatif,Ancuya,Nariño
52051,2013,2.3306276145070677,0.16243973407094364,0.127,Non significatif,Arboleda,Nariño
52079,2013,3.72355214224021,2.3129480210559525,0.001,Haut-Haut,Barbacoas,Nariño
52083,2013,3.3817602509069236,0.8702243987291374,0.031,Haut-Haut,Belén,Nariño
52110,2013,2.3444476552687727,0.17901504735360124,0.112,Non significatif,Buesaco,Nariño
52203,2013,4.185683333358412,1.4639033983508651,0.019,Haut-Haut,Colón,Nariño
52207,2013,1.9403484779048896,0.016792926504414305,0.221,Non significatif,Consacá,Nariño
52210,2013,0.9530734860276117,0.4197728832516422,0.058,Non significatif,Contadero,Nariño
52215,2013,1.6968817968315906,0.01759259725428143,0.368,Non significatif,Córdoba,Nariño
52224,2013,2.2880245592304975,-0.20855236551246645,0.045,Atypique,Cuaspud Carlosama,Nariño
52227,2013,1.6874714452334805,-0.07058369144167845,0.101,Non significatif,Cumbal,Nariño
52233,2013,5.151383134375234,3.864295789399856,0.001,Haut-Haut,Cumbitara,Nariño
52240,2013,1.6855417888748825,-0.07070801188659882,0.105,Non significatif,Chachagüí,Nariño
52250,2013,4.38324151257088,3.399052649654567,0.001,Haut-Haut,El Charco,Nariño
52254,2013,3.1520009961914903,0.7888832208112909,0.026,Haut-Haut,El Peñol,Nariño
52256,2013,4.530026821600799,3.4100135772815627,0.001,Haut-Haut,El Rosario,Nariño
52258,2013,3.620782820242143,0.5395110941135312,0.157,Non significatif,El Tablón de Gómez,Nariño
52260,2013,2.8478569797567475,0.5830932721450661,0.029,Haut-Haut,El Tambo,Nariño
52287,2013,1.7963702086024271,0.020744954736740998,0.154,Non significatif,Funes,Nariño
52317,2013,1.6178403671942596,0.10729544749754714,0.069,Non significatif,Guachucal,Nariño
52320,2013,2.0628194784123806,0.034677931542010335,0.287,Non significatif,Guaitarilla,Nariño
52323,2013,0.41280402311292497,0.7278649969456882,0.038,Bas-Bas,Gualmatán,Nariño
52352,2013,0.3828865642561125,0.6005365561136451,0.079,Non significatif,Iles,Nariño
52354,2013,1.713802898265103,0.05516788449944051,0.108,Non significatif,Imués,Nariño
52356,2013,2.2123368379364683,-0.05284170854366049,0.315,Non significatif,Ipiales,Nariño
52378,2013,3.1549272769584658,0.731822325554954,0.038,Haut-Haut,La Cruz,Nariño
52381,2013,3.218965862970538,0.38037833318667363,0.176,Non significatif,La Florida,Nariño
52385,2013,4.35945832226568,3.299904993440519,0.001,Haut-Haut,La Llanada,Nariño
52390,2013,4.743172488488459,3.448209093135426,0.001,Haut-Haut,La Tola,Nariño
52399,2013,2.8983948050989734,0.6499517724152589,0.023,Haut-Haut,La Unión,Nariño
52405,2013,5.2659705346244134,3.9375592929320735,0.001,Haut-Haut,Leiva,Nariño
52411,2013,4.693060596306395,1.4517846540079082,0.059,Non significatif,Linares,Nariño
52418,2013,4.115780595525387,3.166317611726761,0.001,Haut-Haut,Los Andes,Nariño
52427,2013,4.1851396961060265,2.9084437110986814,0.001,Haut-Haut,Magüí,Nariño
52435,2013,3.375851389241788,0.5793978877918597,0.107,Non significatif,Mallama,Nariño
52473,2013,4.231040975347843,3.0525608958754376,0.001,Haut-Haut,Mosquera,Nariño
52480,2013,2.780791130530023,0.29552645510663494,0.144,Non significatif,Nariño,Nariño
52490,2013,4.671403902574576,3.502668847898494,0.001,Haut-Haut,Olaya Herrera,Nariño
52506,2013,0.7757416161980316,0.3986725628237764,0.104,Non significatif,Ospina,Nariño
52520,2013,4.137389681337736,3.036325180778569,0.001,Haut-Haut,Francisco Pizarro,Nariño
52540,2013,5.441436987437602,3.7386137623484084,0.001,Haut-Haut,Policarpa,Nariño
52560,2013,2.361321339030813,-0.08269580109722535,0.298,Non significatif,Potosí,Nariño
52565,2013,3.541478702586904,0.7020458331212288,0.087,Non significatif,Providencia,Nariño
52573,2013,0.9322102066836208,0.02022301409352049,0.475,Non significatif,Puerres,Nariño
52585,2013,1.2602723614239761,0.1930960867617964,0.141,Non significatif,Pupiales,Nariño
52612,2013,5.410284494347388,1.9431066051030654,0.045,Haut-Haut,Ricaurte,Nariño
52621,2013,4.833697047710105,3.466050445767889,0.001,Haut-Haut,Roberto Payán,Nariño
52678,2013,4.528699278156866,3.069658154961215,0.001,Haut-Haut,Samaniego,Nariño
52683,2013,3.012333220483047,0.6325921583783054,0.045,Haut-Haut,Sandoná,Nariño
52685,2013,2.1247102524183354,0.17634583008695265,0.017,Haut-Haut,San Bernardo,Nariño
52687,2013,2.2213303381863128,0.10038513444438091,0.168,Non significatif,San Lorenzo,Nariño
52693,2013,3.4807576864772907,1.1677289261719765,0.011,Haut-Haut,San Pablo,Nariño
52694,2013,2.0839961389841823,0.10536498398979834,0.068,Non significatif,San Pedro de Cartago,Nariño
52696,2013,4.40822559648957,3.4611758912515147,0.001,Haut-Haut,Santa Bárbara,Nariño
52699,2013,4.645958205572525,1.6249292716672972,0.032,Haut-Haut,Santacruz,Nariño
52720,2013,0.1374032129387611,0.5658973625302758,0.136,Non significatif,Sapuyes,Nariño
52786,2013,3.2878137583804037,0.4731166809964562,0.136,Non significatif,Taminango,Nariño
52788,2013,2.30106700845478,-0.0648275144758492,0.319,Non significatif,Tangua,Nariño
52835,2013,4.795193649780034,3.6394452968373066,0.001,Haut-Haut,San Andrés de Tumaco,Nariño
52838,2013,1.5253491701597741,0.036135161015756305,0.373,Non significatif,Túquerres,Nariño
52885,2013,1.40222450855261,0.024090301186312335,0.439,Non significatif,Yacuanquer,Nariño
54001,2013,2.127497395496333,0.06252290158737957,0.201,Non significatif,San José de Cúcuta,Norte de Santander
54003,2013,2.8111683329186987,0.0830947627999786,0.379,Non significatif,Ábrego,Norte de Santander
54051,2013,2.0384708764632133,-0.0727902852578432,0.073,Non significatif,Arboledas,Norte de Santander
54099,2013,0.7950117701450677,0.6017092668573144,0.028,Bas-Bas,Bochalema,Norte de Santander
54109,2013,2.3691244186084597,0.055498958541539314,0.349,Non significatif,Bucarasica,Norte de Santander
54125,2013,1.4436354751788103,0.23179320822770197,0.03,Bas-Bas,Cácota,Norte de Santander
54128,2013,2.213882971012922,-0.05249682118779789,0.317,Non significatif,Cáchira,Norte de Santander
54172,2013,0.44905548636440407,0.9582856854925286,0.008,Bas-Bas,Chinácota,Norte de Santander
54174,2013,1.7087343616101525,0.014155065870702277,0.396,Non significatif,Chitagá,Norte de Santander
54206,2013,3.690146837828956,1.4023343369674655,0.007,Haut-Haut,Convención,Norte de Santander
54223,2013,1.3120010936264956,0.29029489285427723,0.033,Bas-Bas,Cucutilla,Norte de Santander
54239,2013,1.539739494472213,0.1664211264929906,0.034,Bas-Bas,Durania,Norte de Santander
54245,2013,3.309140745277887,0.8813844372131096,0.028,Haut-Haut,El Carmen,Norte de Santander
54250,2013,4.222895309218188,2.470064463951565,0.001,Haut-Haut,El Tarra,Norte de Santander
54261,2013,2.6272207366604308,-0.1583483264245512,0.248,Non significatif,El Zulia,Norte de Santander
54313,2013,1.4544464828436992,0.14495925371759705,0.112,Non significatif,Gramalote,Norte de Santander
54344,2013,5.109854558290204,1.7905058987444913,0.04,Haut-Haut,Hacarí,Norte de Santander
54347,2013,0.0,1.2743250980819971,0.008,Bas-Bas,Herrán,Norte de Santander
54377,2013,1.475079913984575,0.11880781681121466,0.153,Non significatif,Labateca,Norte de Santander
54385,2013,2.8635501172893436,-0.05624887133827925,0.441,Non significatif,La Esperanza,Norte de Santander
54398,2013,3.4636074487295962,0.9797165780834239,0.03,Haut-Haut,La Playa,Norte de Santander
54405,2013,0.7863880501977052,0.5351526517885766,0.04,Bas-Bas,Los Patios,Norte de Santander
54418,2013,1.5810722665364318,0.04239481973681818,0.325,Non significatif,Lourdes,Norte de Santander
54480,2013,0.7794220328581232,0.6801641446321459,0.014,Bas-Bas,Mutiscua,Norte de Santander
54498,2013,2.0151183148958496,0.032830633789969664,0.228,Non significatif,Ocaña,Norte de Santander
54518,2013,0.26739892378650165,0.6634683240279154,0.077,Non significatif,Pamplona,Norte de Santander
54520,2013,0.0,1.1659884276965358,0.014,Bas-Bas,Pamplonita,Norte de Santander
54553,2013,3.39048872113502,0.1808879066815005,0.339,Non significatif,Puerto Santander,Norte de Santander
54599,2013,0.7070564574173385,0.6623612663197371,0.025,Bas-Bas,Ragonvalia,Norte de Santander
54660,2013,1.2660860789078512,0.04869768185293329,0.409,Non significatif,Salazar,Norte de Santander
54670,2013,3.8842293962897045,1.4295999197812788,0.014,Haut-Haut,San Calixto,Norte de Santander
54673,2013,0.12480090485859675,0.38899117209223183,0.236,Non significatif,San Cayetano,Norte de Santander
54680,2013,1.8755472576828425,-0.00280894030474608,0.141,Non significatif,Santiago,Norte de Santander
54720,2013,3.8167975794162134,0.8381049164120749,0.086,Non significatif,Sardinata,Norte de Santander
54743,2013,1.1030138798238311,0.48543622021724186,0.012,Bas-Bas,Silos,Norte de Santander
54800,2013,3.922564323875521,1.8593199985262887,0.004,Haut-Haut,Teorama,Norte de Santander
54810,2013,3.6563537180291994,1.9733598663808354,0.001,Haut-Haut,Tibú,Norte de Santander
54820,2013,2.753239075134103,-0.24551756620938878,0.187,Non significatif,Toledo,Norte de Santander
54871,2013,0.8226365727021792,-0.014788171209663184,0.468,Non significatif,Villa Caro,Norte de Santander
54874,2013,1.3504364968057783,0.28372303882713223,0.026,Bas-Bas,Villa del Rosario,Norte de Santander
63001,2013,0.637732391750856,0.08647322074375247,0.426,Non significatif,Armenia,Quindio
63111,2013,1.0248798686905245,-0.16000904999882135,0.262,Non significatif,Buenavista,Quindio
63130,2013,1.5208128086377743,0.07438164725915165,0.25,Non significatif,Calarcá,Quindio
63190,2013,1.3796206024918038,0.16404297743865304,0.136,Non significatif,Circasia,Quindio
63212,2013,2.7682380908192528,0.048886803032481066,0.413,Non significatif,Córdoba,Quindio
63272,2013,0.44910980588144767,0.14662435276388552,0.382,Non significatif,Filandia,Quindio
63302,2013,3.165487530350513,0.4602146014594724,0.126,Non significatif,Génova,Quindio
63401,2013,1.283069759707602,0.0813585374802686,0.334,Non significatif,La Tebaida,Quindio
63470,2013,1.6491325163757233,0.05129601795561337,0.223,Non significatif,Montenegro,Quindio
63548,2013,3.3508577091029386,0.21887606740444887,0.311,Non significatif,Pijao,Quindio
63594,2013,1.257122647240028,0.0556433424588442,0.395,Non significatif,Quimbaya,Quindio
63690,2013,1.9597788188645358,-0.020998969574631102,0.238,Non significatif,Salento,Quindio
66001,2013,0.902960269575266,0.19284040513172385,0.261,Non significatif,Pereira,Risaralda
66045,2013,2.226923689091583,-0.023978455292804294,0.429,Non significatif,Apía,Risaralda
66075,2013,2.0565589385706105,0.009937102723769128,0.422,Non significatif,Balboa,Risaralda
66088,2013,2.3655068885871944,-0.007441633069778405,0.488,Non significatif,Belén de Umbría,Risaralda
66170,2013,0.555292196555863,0.6155916560309159,0.051,Non significatif,Dosquebradas,Risaralda
66318,2013,2.0528385659275523,0.04045595057640984,0.23,Non significatif,Guática,Risaralda
66383,2013,1.5872254049218408,-0.044805978093826485,0.301,Non significatif,La Celia,Risaralda
66400,2013,1.5719625413551235,0.04966210062735981,0.299,Non significatif,La Virginia,Risaralda
66440,2013,1.527856232633182,0.06346176302416752,0.276,Non significatif,Marsella,Risaralda
66456,2013,3.1898573303777047,0.30395228990070244,0.219,Non significatif,Mistrató,Risaralda
66572,2013,3.37913704771302,0.8728868230664036,0.034,Haut-Haut,Pueblo Rico,Risaralda
66594,2013,2.163098908476313,-0.05804923930213486,0.265,Non significatif,Quinchía,Risaralda
66682,2013,0.2637000785308798,0.925065113132573,0.022,Bas-Bas,Santa Rosa de Cabal,Risaralda
66687,2013,2.765636981970277,0.04241393817270724,0.428,Non significatif,Santuario,Risaralda
68001,2013,0.3420441187696734,1.1529916088618102,0.003,Bas-Bas,Bucaramanga,Santander
68013,2013,0.9097807619257369,0.3520949145003005,0.115,Non significatif,Aguada,Santander
68020,2013,1.350331479054824,0.22212434253891963,0.075,Non significatif,Albania,Santander
68051,2013,0.0,1.5608628206130486,0.001,Bas-Bas,Aratoca,Santander
68077,2013,0.3763091444870894,1.136482669241464,0.003,Bas-Bas,Barbosa,Santander
68079,2013,0.0,1.6066742588462923,0.001,Bas-Bas,Barichara,Santander
68081,2013,1.9683127988982716,0.017244057176649407,0.292,Non significatif,Barrancabermeja,Santander
68092,2013,1.4811613534083408,0.23427132235150872,0.017,Bas-Bas,Betulia,Santander
68101,2013,2.4381614659793946,0.18042472676889565,0.146,Non significatif,Bolívar,Santander
68121,2013,0.0,1.539683875762995,0.001,Bas-Bas,Cabrera,Santander
68132,2013,0.0,1.3129884743902962,0.006,Bas-Bas,California,Santander
68147,2013,1.497067955210057,0.2723877265946287,0.005,Bas-Bas,Capitanejo,Santander
68152,2013,1.1251532932356787,0.4817136678396098,0.01,Bas-Bas,Carcasí,Santander
68160,2013,0.0,1.2204023901325636,0.01,Bas-Bas,Cepitá,Santander
68162,2013,1.1363729851615434,0.28101550641613016,0.101,Non significatif,Cerrito,Santander
68167,2013,0.0,0.9910528564178201,0.027,Bas-Bas,Charalá,Santander
68169,2013,0.0,1.3042282482236942,0.006,Bas-Bas,Charta,Santander
68176,2013,1.4589975514415792,0.23092228841068685,0.021,Bas-Bas,Chima,Santander
68179,2013,0.0,1.3221869250752696,0.006,Bas-Bas,Chipatá,Santander
68190,2013,2.485666958127789,0.26128309203122196,0.085,Non significatif,Cimitarra,Santander
68207,2013,1.5927338891906202,0.13078393068526578,0.051,Non significatif,Concepción,Santander
68209,2013,1.1839559193753257,0.4728844982501219,0.006,Bas-Bas,Confines,Santander
68211,2013,0.9133577137491745,0.3006914291381889,0.156,Non significatif,Contratación,Santander
68217,2013,1.5793635734097422,0.21039943464851074,0.005,Bas-Bas,Coromoro,Santander
68229,2013,0.6185153853212428,1.113916493544566,0.001,Bas-Bas,Curití,Santander
68235,2013,1.0449151750366095,0.2215248629114563,0.2,Non significatif,El Carmen de Chucuri,Santander
68245,2013,1.1398293096721046,0.283507174862338,0.095,Non significatif,El Guacamayo,Santander
68250,2013,2.933381421748196,0.07747708371348135,0.398,Non significatif,El Peñón,Santander
68255,2013,1.5892136404326662,0.04349367744129698,0.309,Non significatif,El Playón,Santander
68264,2013,0.6962351555310918,0.8211109645973592,0.006,Bas-Bas,Encino,Santander
68266,2013,0.9711867396604086,0.4797810140509503,0.025,Bas-Bas,Enciso,Santander
68271,2013,1.8608961890050182,0.00184223964460739,0.167,Non significatif,Florián,Santander
68276,2013,0.12194691747232145,1.3612439004893533,0.002,Bas-Bas,Floridablanca,Santander
68296,2013,0.3303207403569255,1.3758519258622295,0.001,Bas-Bas,Galán,Santander
68298,2013,1.7065039746632926,0.13044724008070338,0.001,Bas-Bas,Gámbita,Santander
68307,2013,0.18979252446650666,1.0353944070502024,0.014,Bas-Bas,Girón,Santander
68318,2013,0.0,1.2750072908438392,0.006,Bas-Bas,Guaca,Santander
68320,2013,0.0,1.2257587273020145,0.009,Bas-Bas,Guadalupe,Santander
68322,2013,0.0,0.8903458567042124,0.051,Non significatif,Guapotá,Santander
68324,2013,1.1348976992158568,0.5557268748504405,0.002,Bas-Bas,Guavatá,Santander
68327,2013,0.0,1.3221869250752696,0.006,Bas-Bas,Güepsa,Santander
68344,2013,0.0,1.480528298495992,0.002,Bas-Bas,Hato,Santander
68368,2013,0.0,0.7064459203400926,0.106,Non significatif,Jesús María,Santander
68370,2013,0.0,1.5608628206130486,0.001,Bas-Bas,Jordán,Santander
68377,2013,2.7996434516225244,0.2711744812045819,0.164,Non significatif,La Belleza,Santander
68385,2013,2.9969457490527667,0.034729858127410446,0.446,Non significatif,Landázuri,Santander
68397,2013,1.871126095993449,-0.0021309757030127186,0.037,Atypique,La Paz,Santander
68406,2013,0.6537884404740759,0.6954288881792011,0.019,Bas-Bas,Lebrija,Santander
68418,2013,0.0,1.585081809899306,0.001,Bas-Bas,Los Santos,Santander
68425,2013,0.0,1.3482012054408978,0.005,Bas-Bas,Macaravita,Santander
68432,2013,1.1280264000486633,0.3451068281260389,0.055,Non significatif,Málaga,Santander
68444,2013,1.2232069279291498,0.5552188433194586,0.001,Bas-Bas,Matanza,Santander
68464,2013,0.0,1.3747973806472318,0.005,Bas-Bas,Mogotes,Santander
68468,2013,1.0065901516180045,0.38662342842992115,0.064,Non significatif,Molagavita,Santander
68498,2013,0.0,1.327654816389811,0.005,Bas-Bas,Ocamonte,Santander
68500,2013,0.3407410176061203,1.1791692494079367,0.002,Bas-Bas,Oiba,Santander
68502,2013,1.0089510451433512,0.7681884865767479,0.001,Bas-Bas,Onzaga,Santander
68522,2013,0.0,1.2927356379131274,0.006,Bas-Bas,Palmar,Santander
68524,2013,1.3789422489822847,0.3469890763196429,0.006,Bas-Bas,Palmas del Socorro,Santander
68533,2013,0.0,1.327654816389811,0.005,Bas-Bas,Páramo,Santander
68547,2013,0.18382248136028553,1.408828925048801,0.001,Bas-Bas,Piedecuesta,Santander
68549,2013,0.0,1.5338838996790456,0.001,Bas-Bas,Pinchote,Santander
68572,2013,1.0433961701410497,0.5981285857757215,0.005,Bas-Bas,Puente Nacional,Santander
68573,2013,1.9675459136079387,0.019761360417527216,0.257,Non significatif,Puerto Parra,Santander
68575,2013,2.5696306527872714,0.16298544433791104,0.217,Non significatif,Puerto Wilches,Santander
68615,2013,1.4005959742621352,0.034300223361685415,0.416,Non significatif,Rionegro,Santander
68655,2013,1.246963120656366,0.015311688666230219,0.47,Non significatif,Sabana de Torres,Santander
68669,2013,0.8945178529738516,0.6715483562742292,0.005,Bas-Bas,San Andrés,Santander
68673,2013,1.5749562901413072,0.23589736281284426,0.002,Bas-Bas,San Benito,Santander
68679,2013,0.03238667396406703,1.5337845555455518,0.001,Bas-Bas,San Gil,Santander
68682,2013,0.0,1.01418906006287,0.02,Bas-Bas,San Joaquín,Santander
68684,2013,0.0,0.8189391841190301,0.069,Non significatif,San José de Miranda,Santander
68686,2013,0.0,0.9331147433600459,0.036,Bas-Bas,San Miguel,Santander
68689,2013,1.5173653168238541,0.08051712756441462,0.228,Non significatif,San Vicente de Chucurí,Santander
68705,2013,0.0,1.3695878860868371,0.004,Bas-Bas,Santa Bárbara,Santander
68720,2013,2.538259416822254,-0.1789828862916763,0.208,Non significatif,Santa Helena del Opón,Santander
68745,2013,2.138792654407469,-0.05911749701703515,0.245,Non significatif,Simacota,Santander
68755,2013,0.7367771801689548,0.8624131131239033,0.002,Bas-Bas,Socorro,Santander
68770,2013,0.09578592459881471,1.131598307577547,0.01,Bas-Bas,Suaita,Santander
68773,2013,2.546803930932329,0.04551630374763157,0.409,Non significatif,Sucre,Santander
68780,2013,0.0,0.8525513154795827,0.063,Non significatif,Suratá,Santander
68820,2013,0.48629442419171914,1.028661808771726,0.004,Bas-Bas,Tona,Santander
68855,2013,0.0,1.5338838996790458,0.001,Bas-Bas,Valle de San José,Santander
68861,2013,1.1720324241116524,0.16107377738904988,0.232,Non significatif,Vélez,Santander
68867,2013,0.0,1.2474251124977491,0.009,Bas-Bas,Vetas,Santander
68872,2013,0.0,1.6658298361132953,0.001,Bas-Bas,Villanueva,Santander
68895,2013,0.29945570670355665,1.3252856835974374,0.001,Bas-Bas,Zapatoca,Santander
70001,2013,0.8620344881311252,0.3601705390352835,0.127,Non significatif,Sincelejo,Sucre
70110,2013,1.5238052979458083,0.12093560470423963,0.127,Non significatif,Buenavista,Sucre
70124,2013,1.4015327810380047,0.09041295059423583,0.27,Non significatif,Caimito,Sucre
70204,2013,2.362029850630671,-0.05923989277969541,0.357,Non significatif,Colosó,Sucre
70215,2013,0.57634843640735,0.5558760173897651,0.076,Non significatif,Corozal,Sucre
70221,2013,1.4488896049043491,0.14869726731365707,0.128,Non significatif,Coveñas,Sucre
70230,2013,2.3514758028898672,0.0028460503318620866,0.48,Non significatif,Chalán,Sucre
70233,2013,1.8258954926312754,0.019883620567189012,0.052,Non significatif,El Roble,Sucre
70235,2013,1.5060431382438095,0.10144505849660972,0.191,Non significatif,Galeras,Sucre
70265,2013,3.7315591415325953,1.2799939975083352,0.017,Haut-Haut,Guaranda,Sucre
70400,2013,0.8504412408305086,0.23267837286200851,0.231,Non significatif,La Unión,Sucre
70418,2013,2.2829989309632626,-0.09241670355693342,0.239,Non significatif,Los Palmitos,Sucre
70429,2013,2.4927052984670963,0.3343559644322971,0.048,Haut-Haut,Majagual,Sucre
70473,2013,0.9415888255203083,0.09907603325370598,0.37,Non significatif,Morroa,Sucre
70508,2013,1.838640922931272,-0.0016100451045960307,0.423,Non significatif,Ovejas,Sucre
70523,2013,1.5906005626392274,0.12655466926876047,0.062,Non significatif,Palmito,Sucre
70670,2013,0.765784768789301,0.5656739417310763,0.031,Bas-Bas,Sampués,Sucre
70678,2013,1.7924267424143427,0.004573105416423848,0.432,Non significatif,San Benito Abad,Sucre
70702,2013,0.7407475532521959,0.4534425327986361,0.095,Non significatif,San Juan de Betulia,Sucre
70708,2013,2.091254288499555,-0.04285580648350303,0.272,Non significatif,San Marcos,Sucre
70713,2013,1.6008434765409516,-0.00186382195692582,0.484,Non significatif,San Onofre,Sucre
70717,2013,1.1362350318502838,0.21846690682059425,0.182,Non significatif,San Pedro,Sucre
70742,2013,0.5700209362665508,0.4790898866527584,0.121,Non significatif,San Luis de Sincé,Sucre
70771,2013,3.1098358030323188,0.3934609034957355,0.15,Non significatif,Sucre,Sucre
70820,2013,0.9852233635014791,-0.0328955679511166,0.45,Non significatif,Santiago de Tolú,Sucre
70823,2013,1.9702286986201045,-0.01816649602028593,0.285,Non significatif,San José de Toluviejo,Sucre
73001,2013,1.5417234265775026,-0.2833072930126721,0.004,Atypique,Ibagué,Tolima
73024,2013,3.0006582705689335,0.9931134631031864,0.004,Haut-Haut,Alpujarra,Tolima
73026,2013,3.106845145526818,0.17819038458820646,0.312,Non significatif,Alvarado,Tolima
73030,2013,2.446653368942066,0.03398216359998344,0.422,Non significatif,Ambalema,Tolima
73043,2013,4.423092017537588,1.5618993256666072,0.029,Haut-Haut,Anzoátegui,Tolima
73055,2013,2.102187300227178,0.0364533653240397,0.3,Non significatif,Armero,Tolima
73067,2013,4.415381483030642,1.8422647114495718,0.011,Haut-Haut,Ataco,Tolima
73124,2013,3.365353890310356,0.614680167248355,0.088,Non significatif,Cajamarca,Tolima
73148,2013,0.4579391391891974,0.26850256234008885,0.271,Non significatif,Carmen de Apicalá,Tolima
73152,2013,3.267036450302183,0.8426078091254001,0.03,Haut-Haut,Casabianca,Tolima
73168,2013,3.5918264481741207,1.8044132178424246,0.002,Haut-Haut,Chaparral,Tolima
73200,2013,2.2176435506918595,-0.20511510760194843,0.017,Atypique,Coello,Tolima
73217,2013,4.371970570933065,1.060255829760864,0.082,Non significatif,Coyaima,Tolima
73226,2013,3.753670912210851,0.15737425736361688,0.381,Non significatif,Cunday,Tolima
73236,2013,3.819735936482612,1.3253560690110113,0.019,Haut-Haut,Dolores,Tolima
73268,2013,0.5321087007551446,0.2847055539731189,0.254,Non significatif,Espinal,Tolima
73270,2013,2.432097238111755,0.032343497751057194,0.419,Non significatif,Falan,Tolima
73275,2013,0.8080084293814805,0.6052353232364924,0.021,Bas-Bas,Flandes,Tolima
73283,2013,1.8730787581612447,0.00030549260313213666,0.429,Non significatif,Fresno,Tolima
73319,2013,1.6833178214685394,0.03840008073151862,0.257,Non significatif,Guamo,Tolima
73347,2013,2.331579975738618,0.12338782008631506,0.191,Non significatif,Herveo,Tolima
73349,2013,1.3767667913153425,-0.029757190819979483,0.416,Non significatif,Honda,Tolima
73352,2013,3.3979127446114687,-0.28423790350761385,0.283,Non significatif,Icononzo,Tolima
73408,2013,1.8105879970347465,-0.02273374100733138,0.091,Non significatif,Lérida,Tolima
73411,2013,3.168216242903499,0.7946171897968889,0.027,Haut-Haut,Líbano,Tolima
73443,2013,1.6958159930587475,-0.017272045830794912,0.362,Non significatif,San Sebastián de Mariquita,Tolima
73449,2013,0.3100596223154007,0.3829880220385435,0.227,Non significatif,Melgar,Tolima
73461,2013,3.7880121796509236,1.627502186303239,0.004,Haut-Haut,Murillo,Tolima
73483,2013,3.7349195126657744,1.3839904254859865,0.009,Haut-Haut,Natagaima,Tolima
73504,2013,3.2880750326465065,0.7936943484602261,0.037,Haut-Haut,Ortega,Tolima
73520,2013,2.88290683745649,0.3285230103495123,0.148,Non significatif,Palocabildo,Tolima
73547,2013,0.7945263437327139,0.29888431299925583,0.202,Non significatif,Piedras,Tolima
73555,2013,4.56098158658687,2.0136079870255252,0.008,Haut-Haut,Planadas,Tolima
73563,2013,3.511448129260385,0.9723420352810562,0.03,Haut-Haut,Prado,Tolima
73585,2013,1.4334669417037211,-0.13870459362753654,0.15,Non significatif,Purificación,Tolima
73616,2013,4.249113230814686,2.0197827540982614,0.004,Haut-Haut,Rioblanco,Tolima
73622,2013,4.120107244527041,1.7566680644250676,0.008,Haut-Haut,Roncesvalles,Tolima
73624,2013,4.010630093387808,0.9320941155507697,0.079,Non significatif,Rovira,Tolima
73671,2013,1.778333185034279,-0.03190249385439172,0.12,Non significatif,Saldaña,Tolima
73675,2013,4.166049668081707,1.9501552488032663,0.004,Haut-Haut,San Antonio,Tolima
73678,2013,2.0909833032431218,0.03050166240222986,0.316,Non significatif,San Luis,Tolima
73686,2013,3.870118976792837,1.6504959502562522,0.005,Haut-Haut,Santa Isabel,Tolima
73770,2013,1.943802755725299,-0.015495738106273528,0.269,Non significatif,Suárez,Tolima
73854,2013,2.7485251128495447,0.19206328360134353,0.233,Non significatif,Valle de San Juan,Tolima
73861,2013,3.3970200044240215,0.6158875536524644,0.092,Non significatif,Venadillo,Tolima
73870,2013,3.436781014485383,0.9191936095551176,0.031,Haut-Haut,Villahermosa,Tolima
73873,2013,4.094022737414126,0.6905477648569995,0.156,Non significatif,Villarrica,Tolima
76001,2013,1.0471503395677217,0.12027258166832401,0.331,Non significatif,Cali,Valle del Cauca
76020,2013,2.4218347999250676,-0.16242209592815424,0.194,Non significatif,Alcalá,Valle del Cauca
76036,2013,1.3343077186723322,-0.21834590917267035,0.089,Non significatif,Andalucía,Valle del Cauca
76041,2013,2.1343073382808444,0.0945701989303341,0.126,Non significatif,Ansermanuevo,Valle del Cauca
76054,2013,3.770903067809349,0.5265941415276167,0.181,Non significatif,Argelia,Valle del Cauca
76100,2013,3.785569652477395,2.034807304816817,0.001,Haut-Haut,Bolívar,Valle del Cauca
76109,2013,5.527333869624355,0.021433107858820157,0.474,Non significatif,Buenaventura,Valle del Cauca
76111,2013,1.2559367883839556,0.050967402291391586,0.406,Non significatif,Guadalajara de Buga,Valle del Cauca
76113,2013,2.5601095696828957,-0.00285862951994182,0.497,Non significatif,Bugalagrande,Valle del Cauca
76122,2013,2.392343897956632,0.08218484190678635,0.301,Non significatif,Caicedonia,Valle del Cauca
76126,2013,2.672438923353347,0.08689607680308332,0.355,Non significatif,Calima,Valle del Cauca
76130,2013,1.55092053885855,0.009106086936186805,0.469,Non significatif,Candelaria,Valle del Cauca
76147,2013,1.3606949195630729,-0.014398895005943642,0.45,Non significatif,Cartago,Valle del Cauca
76233,2013,3.0388304821970915,-0.2395411768084852,0.271,Non significatif,Dagua,Valle del Cauca
76243,2013,3.0389642975656237,0.08786273015067148,0.391,Non significatif,El Águila,Valle del Cauca
76246,2013,2.587639054741945,0.46983701362850894,0.02,Haut-Haut,El Cairo,Valle del Cauca
76248,2013,1.4200528638185939,0.024822427495567574,0.447,Non significatif,El Cerrito,Valle del Cauca
76250,2013,3.651803744376875,0.966203382599716,0.04,Haut-Haut,El Dovio,Valle del Cauca
76275,2013,2.507211290850047,0.314442297946478,0.061,Non significatif,Florida,Valle del Cauca
76306,2013,1.4580091421377086,0.08293339741127678,0.27,Non significatif,Ginebra,Valle del Cauca
76318,2013,1.8245615410418943,0.007981666124810995,0.284,Non significatif,Guacarí,Valle del Cauca
76364,2013,2.016089829408379,0.01289569123097589,0.377,Non significatif,Jamundí,Valle del Cauca
76377,2013,1.7068567589102703,-0.012687156493129115,0.386,Non significatif,La Cumbre,Valle del Cauca
76400,2013,2.117089111239101,0.05911619940608329,0.217,Non significatif,La Unión,Valle del Cauca
76403,2013,2.177393573143852,-0.02107188488930784,0.422,Non significatif,La Victoria,Valle del Cauca
76497,2013,1.522919412560045,0.0031928327743116275,0.49,Non significatif,Obando,Valle del Cauca
76520,2013,1.1195136370398315,-0.0011747830465196206,0.489,Non significatif,Palmira,Valle del Cauca
76563,2013,3.097110304151873,0.1976108472962167,0.295,Non significatif,Pradera,Valle del Cauca
76606,2013,2.2001404828584694,-0.025323068397275973,0.415,Non significatif,Restrepo,Valle del Cauca
76616,2013,3.318816712097266,0.45492231766135977,0.154,Non significatif,Riofrío,Valle del Cauca
76622,2013,2.7183784098233508,0.26562828404213823,0.154,Non significatif,Roldanillo,Valle del Cauca
76670,2013,1.5996342603490112,-0.016676935319807445,0.414,Non significatif,San Pedro,Valle del Cauca
76736,2013,2.140309854618272,0.05170086331127887,0.266,Non significatif,Sevilla,Valle del Cauca
76823,2013,2.7931517451245034,0.24845409424579984,0.19,Non significatif,Toro,Valle del Cauca
76828,2013,3.9674188722159327,0.8831790835492479,0.082,Non significatif,Trujillo,Valle del Cauca
76834,2013,2.1623271966543163,-0.01258408227498435,0.457,Non significatif,Tuluá,Valle del Cauca
76845,2013,2.294630129565893,-0.12075073019167118,0.203,Non significatif,Ulloa,Valle del Cauca
76863,2013,2.5851039922864922,0.3849029461094879,0.04,Haut-Haut,Versalles,Valle del Cauca
76869,2013,1.3194442763108172,0.039868642366670905,0.413,Non significatif,Vijes,Valle del Cauca
76890,2013,1.9134565297081423,0.004150165817838921,0.375,Non significatif,Yotoco,Valle del Cauca
76892,2013,0.93002884979289,0.0019632163255594334,0.5,Non significatif,Yumbo,Valle del Cauca
76895,2013,2.0547039491755026,0.04741222103034664,0.198,Non significatif,Zarzal,Valle del Cauca
81001,2013,2.3984360979655523,0.1647537804583176,0.156,Non significatif,Arauca,Arauca
81065,2013,3.034514307970431,0.6547718302804538,0.033,Haut-Haut,Arauquita,Arauca
81220,2013,2.316906077204348,0.11950968459597382,0.192,Non significatif,Cravo Norte,Arauca
81300,2013,2.9816372560152984,0.3304084037031606,0.168,Non significatif,Fortul,Arauca
81591,2013,3.000138343883224,0.4470095745926024,0.098,Non significatif,Puerto Rondón,Arauca
81736,2013,2.9525759133907234,0.29552634549716095,0.187,Non significatif,Saravena,Arauca
81794,2013,3.799534968475233,0.7863646029149116,0.088,Non significatif,Tame,Arauca
85001,2013,1.0622685080713508,-0.28363823951820577,0.125,Non significatif,Yopal,Casanare
85010,2013,1.6025828743479462,-0.007214798952284572,0.449,Non significatif,Aguazul,Casanare
85015,2013,3.0358922157890564,-0.32351001930218715,0.212,Non significatif,Chámeza,Casanare
85125,2013,2.4459086412226063,0.2197244641769359,0.113,Non significatif,Hato Corozal,Casanare
85136,2013,3.6169230749485353,-0.5717541161232673,0.159,Non significatif,La Salina,Casanare
85139,2013,1.8905661186680667,-0.0054279512690567746,0.251,Non significatif,Maní,Casanare
85162,2013,1.2023711771168564,0.24725660333413876,0.117,Non significatif,Monterrey,Casanare
85225,2013,2.841128566299614,0.16520703830778044,0.278,Non significatif,Nunchía,Casanare
85230,2013,1.219272709788309,0.057943756980889626,0.387,Non significatif,Orocué,Casanare
85250,2013,1.767637552403508,-0.006348351106353788,0.404,Non significatif,Paz de Ariporo,Casanare
85263,2013,1.3003977989172053,-0.29630171263100324,0.044,Atypique,Pore,Casanare
85279,2013,1.5262540998511593,-0.007432004049607595,0.459,Non significatif,Recetor,Casanare
85300,2013,1.1232231641009642,0.3257901451955636,0.071,Non significatif,Sabanalarga,Casanare
85315,2013,3.2066706995880834,0.24593557672394686,0.27,Non significatif,Sácama,Casanare
85325,2013,0.9195480571462789,0.1111560752873549,0.362,Non significatif,San Luis de Palenque,Casanare
85400,2013,3.4551781853816728,0.7278376496442831,0.068,Non significatif,Támara,Casanare
85410,2013,1.301731940075049,0.07600518290728316,0.346,Non significatif,Tauramena,Casanare
85430,2013,1.688011228917046,0.01774346744699681,0.383,Non significatif,Trinidad,Casanare
85440,2013,1.7791083238630891,0.025678214466177633,0.191,Non significatif,Villanueva,Casanare
86001,2013,2.4348614433277342,0.2725532333565262,0.066,Non significatif,Mocoa,Putumayo
86219,2013,1.9476123466593376,0.017976156456251818,0.228,Non significatif,Colón,Putumayo
86320,2013,3.9631879814129505,1.079231728606742,0.052,Non significatif,Orito,Putumayo
86568,2013,3.974558582958373,2.265552043567405,0.001,Haut-Haut,Puerto Asís,Putumayo
86569,2013,4.082901439035009,2.3258050374352677,0.001,Haut-Haut,Puerto Caicedo,Putumayo
86571,2013,4.221304373708978,3.1043878943467305,0.001,Haut-Haut,Puerto Guzmán,Putumayo
86573,2013,4.304059376699519,3.427732967307247,0.001,Haut-Haut,Puerto Leguízamo,Putumayo
86749,2013,1.9282335439943947,0.013776720006903803,0.229,Non significatif,Sibundoy,Putumayo
86755,2013,2.227584225727587,0.06638244576601435,0.274,Non significatif,San Francisco,Putumayo
86757,2013,4.400987626346074,2.266773917760119,0.003,Haut-Haut,San Miguel,Putumayo
86760,2013,1.53359033797244,-0.0012399237898402052,0.484,Non significatif,Santiago,Putumayo
86865,2013,4.425857224331003,2.1439051090262105,0.005,Haut-Haut,Valle del Guamuez,Putumayo
86885,2013,3.408287941263022,0.7257158492122707,0.069,Non significatif,Villagarzón,Putumayo
88001,2013,0.1006162787849582,-0.5684117085991531,0.153,Non significatif,San Andrés,"Archipiélago de San Andrés, Providencia y Santa Catalina"
88564,2013,0.0,0.19894745836280647,0.373,Non significatif,Providencia,"Archipiélago de San Andrés, Providencia y Santa Catalina"
91001,2013,1.2832148266886232,0.1394641228128811,0.244,Non significatif,Leticia,Amazonas
91263,2013,2.8183713985586856,0.29717655016649586,0.157,Non significatif,El Encanto,Amazonas
91405,2013,0.8695041781559275,-0.6123514513823262,0.025,Atypique,La Chorrera,Amazonas
91407,2013,0.0,-0.1870339654677503,0.362,Non significatif,La Pedrera,Amazonas
91430,2013,2.6627106642059353,0.10821719419276872,0.323,Non significatif,La Victoria,Amazonas
91460,2013,1.2215241092903382,-0.14715920205732372,0.23,Non significatif,Mirití - Paraná,Amazonas
91530,2013,3.4123349429267824,1.2306403771166639,0.007,Haut-Haut,Puerto Alegría,Amazonas
91536,2013,3.6650748469208767,-0.17345821909921405,0.383,Non significatif,Puerto Arica,Amazonas
91540,2013,0.34887804606903433,0.10198160763935654,0.423,Non significatif,Puerto Nariño,Amazonas
91669,2013,3.4215567712228796,0.2838030442382662,0.279,Non significatif,Puerto Santander,Amazonas
91798,2013,0.8672690084581183,0.19897231696205714,0.274,Non significatif,Tarapacá,Amazonas
94001,2013,2.6696572019528806,-0.020694753971433718,0.473,Non significatif,Inírida,Guainía
94343,2013,2.543736594705744,0.0813648653799862,0.346,Non significatif,Barrancominas,Guainía
94883,2013,1.2972669961766383,0.144905907695872,0.229,Non significatif,San Felipe,Guainía
94884,2013,2.488825220625859,-0.07755513841567689,0.35,Non significatif,Puerto Colombia,Guainía
94885,2013,0.0,0.24261626187178412,0.344,Non significatif,La Guadalupe,Guainía
94886,2013,1.5237655438495918,0.011018358497160643,0.469,Non significatif,Cacahual,Guainía
94887,2013,0.0,-0.23058700557664266,0.34,Non significatif,Pana Pana,Guainía
94888,2013,2.9196309687345794,-0.44890058240280384,0.079,Non significatif,Morichal,Guainía
95001,2013,3.8987832623887604,2.2928105355669164,0.001,Haut-Haut,San José del Guaviare,Guaviare
95015,2013,4.037239551075155,2.3648907213573227,0.001,Haut-Haut,Calamar,Guaviare
95025,2013,3.6933191169877126,1.321163228902237,0.015,Haut-Haut,El Retorno,Guaviare
95200,2013,4.449584514058726,1.5009496929268265,0.031,Haut-Haut,Miraflores,Guaviare
97001,2013,2.345610588749663,-0.13357850668270163,0.203,Non significatif,Mitú,Vaupés
97161,2013,3.763038733323365,0.20995629809672947,0.352,Non significatif,Carurú,Vaupés
97511,2013,0.0,-0.4693270474300288,0.209,Non significatif,Pacoa,Vaupés
97666,2013,1.962074128442437,-0.049782826210204065,0.04,Atypique,Taraira,Vaupés
97777,2013,0.0,-1.4034762079623513,0.009,Atypique,Papunahua,Vaupés
97889,2013,0.0,0.9001869537972618,0.055,Non significatif,Yavaraté,Vaupés
99001,2013,2.0905642009951046,0.04668869439177527,0.252,Non significatif,Puerto Carreño,Vichada
99524,2013,2.490301400319394,0.0776127480915506,0.335,Non significatif,La Primavera,Vichada
99624,2013,1.9476673104731843,-0.009686571035088635,0.354,Non significatif,Santa Rosalía,Vichada
99773,2013,2.509219566260846,0.19945184585607956,0.163,Non significatif,Cumaribo,Vichada
05001,2022,0.2470674018731036,0.5968230512155019,0.009,Bas-Bas,Medellín,Antioquia
05002,2022,0.6522539214517938,0.3462091826759666,0.019,Bas-Bas,Abejorral,Antioquia
05004,2022,1.3195882849429716,-0.006894089180049747,0.163,Non significatif,Abriaquí,Antioquia
05021,2022,1.1446914625429503,0.03740484204083117,0.276,Non significatif,Alejandría,Antioquia
05030,2022,1.480484572416778,-0.00915381338783449,0.449,Non significatif,Amagá,Antioquia
05031,2022,2.630039164703708,0.6652928320538151,0.043,Haut-Haut,Amalfi,Antioquia
05034,2022,2.088847917676244,0.14301655547390865,0.238,Non significatif,Andes,Antioquia
05036,2022,1.5584586078841365,-0.02428501424847133,0.377,Non significatif,Angelópolis,Antioquia
05038,2022,2.9780289156304858,0.5805448741715529,0.113,Non significatif,Angostura,Antioquia
05040,2022,2.7906111507249456,1.1559709274824135,0.015,Haut-Haut,Anorí,Antioquia
05042,2022,1.8081728851139167,-0.017051338481573808,0.489,Non significatif,Santa Fé de Antioquia,Antioquia
05044,2022,2.0558097564261915,-0.04561632240192459,0.451,Non significatif,Anzá,Antioquia
05045,2022,2.7698209819573196,1.0603516609250638,0.021,Haut-Haut,Apartadó,Antioquia
05051,2022,3.313226454528263,1.3910476782756198,0.023,Haut-Haut,Arboletes,Antioquia
05055,2022,2.002522908592357,0.019388149462012456,0.421,Non significatif,Argelia,Antioquia
05059,2022,0.0,-0.2721005364993556,0.228,Non significatif,Armenia,Antioquia
05079,2022,1.9837691319373425,-0.2099631827600467,0.12,Non significatif,Barbosa,Antioquia
05086,2022,2.0263556829493963,0.0580983282628569,0.358,Non significatif,Belmira,Antioquia
05088,2022,0.3910058086899405,0.3573653172488174,0.091,Non significatif,Bello,Antioquia
05091,2022,1.571930993427366,0.02561101028412834,0.326,Non significatif,Betania,Antioquia
05093,2022,2.0937284537233922,0.04557756807916075,0.382,Non significatif,Betulia,Antioquia
05101,2022,2.1151933504995952,0.26443811597551886,0.12,Non significatif,Ciudad Bolívar,Antioquia
05107,2022,4.692731811028315,3.2978774580077936,0.005,Haut-Haut,Briceño,Antioquia
05113,2022,2.4940787974062983,0.6154185300742128,0.041,Haut-Haut,Buriticá,Antioquia
05120,2022,4.390712627366411,3.2681932329071235,0.004,Haut-Haut,Cáceres,Antioquia
05125,2022,1.7835522673745843,0.03372039543532953,0.363,Non significatif,Caicedo,Antioquia
05129,2022,0.467424770195696,0.25464733612260015,0.155,Non significatif,Caldas,Antioquia
05134,2022,3.004333925410064,1.1763853434749654,0.022,Haut-Haut,Campamento,Antioquia
05138,2022,2.7107744331241186,0.44075408175253755,0.132,Non significatif,Cañasgordas,Antioquia
05142,2022,1.0458063678127152,-0.049535234982066904,0.265,Non significatif,Caracolí,Antioquia
05145,2022,0.0,0.5765541334626745,0.06,Non significatif,Caramanta,Antioquia
05147,2022,2.611394774429005,1.0197688944065102,0.013,Haut-Haut,Carepa,Antioquia
05148,2022,0.2824847141840767,0.1832420610166655,0.295,Non significatif,El Carmen de Viboral,Antioquia
05150,2022,2.042625787554518,0.06177865280063252,0.357,Non significatif,Carolina,Antioquia
05154,2022,3.44483810645375,2.1866776951164963,0.005,Haut-Haut,Caucasia,Antioquia
05172,2022,2.068856239557068,0.6180649073157369,0.01,Haut-Haut,Chigorodó,Antioquia
05190,2022,1.3016541364746115,-0.0027831356424079766,0.373,Non significatif,Cisneros,Antioquia
05197,2022,1.642069474939917,-0.04740484501975346,0.316,Non significatif,Cocorná,Antioquia
05206,2022,0.1976366626253149,0.09523734047997245,0.43,Non significatif,Concepción,Antioquia
05209,2022,1.3872697113584944,0.005647721994414391,0.31,Non significatif,Concordia,Antioquia
05212,2022,0.057426486889700604,0.5909080875216605,0.041,Bas-Bas,Copacabana,Antioquia
05234,2022,3.178916349939732,1.261047123813883,0.023,Haut-Haut,Dabeiba,Antioquia
05237,2022,0.5460200573554977,0.19350638472511014,0.205,Non significatif,Donmatías,Antioquia
05240,2022,0.30841937629397836,0.11395958314878162,0.381,Non significatif,Ebéjico,Antioquia
05250,2022,4.184308791139847,3.556391149796486,0.001,Haut-Haut,El Bagre,Antioquia
05264,2022,0.5373293266676497,0.0671449607721334,0.426,Non significatif,Entrerríos,Antioquia
05266,2022,0.02711763190139168,0.6887989308207589,0.016,Bas-Bas,Envigado,Antioquia
05282,2022,1.0313300246938093,0.06292120963379261,0.254,Non significatif,Fredonia,Antioquia
05284,2022,2.6870285181936135,0.7322357252410727,0.039,Haut-Haut,Frontino,Antioquia
05306,2022,1.088303426786526,-0.08982260804562428,0.118,Non significatif,Giraldo,Antioquia
05308,2022,0.13817445245095766,0.37043614507176265,0.138,Non significatif,Girardota,Antioquia
05310,2022,1.206625493889609,-0.03732355385446092,0.166,Non significatif,Gómez Plata,Antioquia
05313,2022,2.1540928726480515,-0.2312586271118148,0.16,Non significatif,Granada,Antioquia
05315,2022,1.7677039915591415,0.1955021637419197,0.062,Non significatif,Guadalupe,Antioquia
05318,2022,0.08133688101424845,0.6395297700003948,0.016,Bas-Bas,Guarne,Antioquia
05321,2022,0.517072599798026,0.14917417962143267,0.271,Non significatif,Guatapé,Antioquia
05347,2022,1.8125513446422918,-0.19461188410774957,0.064,Non significatif,Heliconia,Antioquia
05353,2022,1.5267527703622443,-0.011463312581441015,0.452,Non significatif,Hispania,Antioquia
05360,2022,0.17079717098260275,0.5088447091846028,0.057,Non significatif,Itagüí,Antioquia
05361,2022,3.962790705753741,3.1921052032430643,0.001,Haut-Haut,Ituango,Antioquia
05364,2022,2.2006998910543767,-0.282569200681469,0.115,Non significatif,Jardín,Antioquia
05368,2022,0.06877363429336844,0.14720368756924218,0.37,Non significatif,Jericó,Antioquia
05376,2022,0.0,0.6035203138750527,0.046,Bas-Bas,La Ceja,Antioquia
05380,2022,0.0,0.5362681318988771,0.076,Non significatif,La Estrella,Antioquia
05390,2022,0.3270991565522623,0.39163296715301404,0.083,Non significatif,La Pintada,Antioquia
05400,2022,0.20894070221191433,0.48679348819755547,0.06,Non significatif,La Unión,Antioquia
05411,2022,2.3453642681058566,0.21156841731239684,0.226,Non significatif,Liborina,Antioquia
05425,2022,2.3224080041651693,0.19515307504477353,0.235,Non significatif,Maceo,Antioquia
05440,2022,0.15197176594617198,0.5059099770588807,0.062,Non significatif,Marinilla,Antioquia
05467,2022,0.5446678087485508,0.3283464724116823,0.07,Non significatif,Montebello,Antioquia
05475,2022,3.8958466733351265,1.5892893006679527,0.027,Haut-Haut,Murindó,Antioquia
05480,2022,3.6457907145777333,1.340071991735672,0.032,Haut-Haut,Mutatá,Antioquia
05483,2022,2.0713513026719257,-0.11529764565837017,0.306,Non significatif,Nariño,Antioquia
05490,2022,3.287343242881277,1.5065717366639497,0.016,Haut-Haut,Necoclí,Antioquia
05495,2022,3.5284989326093363,2.637432377688579,0.002,Haut-Haut,Nechí,Antioquia
05501,2022,0.8109457281404485,-0.08759133705693313,0.271,Non significatif,Olaya,Antioquia
05541,2022,0.4211646740632754,0.3795263468556037,0.069,Non significatif,Peñol,Antioquia
05543,2022,2.9094383930723486,1.5703392074980447,0.005,Haut-Haut,Peque,Antioquia
05576,2022,1.1405915791938146,0.005804623745196136,0.494,Non significatif,Pueblorrico,Antioquia
05579,2022,2.5548146675150987,0.054480839603799784,0.41,Non significatif,Puerto Berrío,Antioquia
05585,2022,0.9606259170376874,0.007575492453161812,0.496,Non significatif,Puerto Nare,Antioquia
05591,2022,1.6851443488770033,0.020697236284321723,0.388,Non significatif,Puerto Triunfo,Antioquia
05604,2022,3.349612091954736,1.2325656786698083,0.029,Haut-Haut,Remedios,Antioquia
05607,2022,0.40794190991925633,0.4719047306950445,0.016,Bas-Bas,Retiro,Antioquia
05615,2022,0.2158124468028602,0.6058729734789399,0.012,Bas-Bas,Rionegro,Antioquia
05628,2022,3.9257058983104107,2.063971348780693,0.014,Haut-Haut,Sabanalarga,Antioquia
05631,2022,0.0,0.5362681318988771,0.073,Non significatif,Sabaneta,Antioquia
05642,2022,2.16513412194263,0.0412068297434289,0.405,Non significatif,Salgar,Antioquia
05647,2022,3.803769105743502,2.4253638685061163,0.005,Haut-Haut,San Andrés de Cuerquía,Antioquia
05649,2022,1.1233778623088848,0.009347660251226776,0.476,Non significatif,San Carlos,Antioquia
05652,2022,2.677100815072402,-0.03736096584620766,0.496,Non significatif,San Francisco,Antioquia
05656,2022,1.3651194912343787,-0.005990168675287929,0.156,Non significatif,San Jerónimo,Antioquia
05658,2022,2.6828418923116235,1.0953624679266365,0.01,Haut-Haut,San José de la Montaña,Antioquia
05659,2022,2.288900858844782,0.7532743159968057,0.014,Haut-Haut,San Juan de Urabá,Antioquia
05660,2022,1.5115392006361914,0.03155210998820052,0.244,Non significatif,San Luis,Antioquia
05664,2022,0.6868764053292499,0.24676031381317323,0.085,Non significatif,San Pedro de los Milagros,Antioquia
05665,2022,2.363159201889512,0.8648492693713273,0.009,Haut-Haut,San Pedro de Urabá,Antioquia
05667,2022,0.5714189643618536,0.04214716625372263,0.453,Non significatif,San Rafael,Antioquia
05670,2022,1.6309802538096398,-0.005758428630975291,0.499,Non significatif,San Roque,Antioquia
05674,2022,0.4490831383410305,0.30849442202974364,0.102,Non significatif,San Vicente Ferrer,Antioquia
05679,2022,0.0,0.44098854472137033,0.119,Non significatif,Santa Bárbara,Antioquia
05686,2022,1.2192894407387918,-0.015614803888645978,0.309,Non significatif,Santa Rosa de Osos,Antioquia
05690,2022,1.689826710936655,-0.01416892279377618,0.474,Non significatif,Santo Domingo,Antioquia
05697,2022,0.7701799925882569,0.10535507008790707,0.267,Non significatif,El Santuario,Antioquia
05736,2022,3.255070297575652,1.778955965943654,0.006,Haut-Haut,Segovia,Antioquia
05756,2022,1.2486770251985249,-0.009196523438009847,0.345,Non significatif,Sonsón,Antioquia
05761,2022,1.3041562038607282,8.253794382197945e-05,0.47,Non significatif,Sopetrán,Antioquia
05789,2022,0.6044400804952897,0.22629712907293295,0.137,Non significatif,Támesis,Antioquia
05790,2022,4.460467551697413,3.8428734266743434,0.001,Haut-Haut,Tarazá,Antioquia
05792,2022,1.116662794781926,0.023525749703277213,0.377,Non significatif,Tarso,Antioquia
05809,2022,2.1504548061004023,-0.036261242051582945,0.468,Non significatif,Titiribí,Antioquia
05819,2022,3.842227517708951,2.5030146703586915,0.006,Haut-Haut,Toledo,Antioquia
05837,2022,3.2139173204372167,1.115853501752017,0.035,Haut-Haut,Turbo,Antioquia
05842,2022,1.5282507066094901,0.09623854596895895,0.045,Haut-Haut,Uramita,Antioquia
05847,2022,4.129231778134692,0.7953796544672556,0.167,Non significatif,Urrao,Antioquia
05854,2022,4.479485733358334,3.037325740428428,0.006,Haut-Haut,Valdivia,Antioquia
05856,2022,0.6758942296762275,0.32057445694339115,0.027,Bas-Bas,Valparaíso,Antioquia
05858,2022,3.2028520696162945,0.8771210674812012,0.061,Non significatif,Vegachí,Antioquia
05861,2022,1.7876200371593056,0.017526801608153727,0.418,Non significatif,Venecia,Antioquia
05873,2022,2.7298684513166096,1.4038825996333015,0.006,Haut-Haut,Vigía del Fuerte,Antioquia
05885,2022,1.9508216273516572,0.2571260792818943,0.085,Non significatif,Yalí,Antioquia
05887,2022,2.6917246125937697,1.3868958888173466,0.006,Haut-Haut,Yarumal,Antioquia
05890,2022,1.7868576855651908,0.14485306370108036,0.134,Non significatif,Yolombó,Antioquia
05893,2022,2.6094467143061766,0.6776284497028728,0.044,Haut-Haut,Yondó,Antioquia
05895,2022,3.8470084632130734,2.5191416937871423,0.006,Haut-Haut,Zaragoza,Antioquia
08001,2022,0.1048914538389195,0.5947968856274444,0.028,Bas-Bas,Barranquilla,Atlántico
08078,2022,0.0989520800110671,0.5682000122563018,0.043,Bas-Bas,Baranoa,Atlántico
08137,2022,0.040279196168389333,0.5574054760614249,0.058,Non significatif,Campo de la Cruz,Atlántico
08141,2022,0.0,0.7115833314649063,0.013,Bas-Bas,Candelaria,Atlántico
08296,2022,0.04250059575389691,0.6175372227021197,0.029,Bas-Bas,Galapa,Atlántico
08372,2022,0.7274430918792693,0.3342122037090187,0.01,Bas-Bas,Juan de Acosta,Atlántico
08421,2022,0.0,0.5643320080871141,0.06,Non significatif,Luruaco,Atlántico
08433,2022,0.6420803821887286,0.35682502786731807,0.018,Bas-Bas,Malambo,Atlántico
08436,2022,0.0,0.7131630949033964,0.013,Bas-Bas,Manatí,Atlántico
08520,2022,0.09178845446391036,0.580332272527626,0.036,Bas-Bas,Palmar de Varela,Atlántico
08549,2022,0.0,0.5913453349362722,0.048,Bas-Bas,Piojó,Atlántico
08558,2022,0.3794250995593771,0.4726513455785442,0.021,Bas-Bas,Polonuevo,Atlántico
08560,2022,0.11050467080347565,0.6401572375544765,0.017,Bas-Bas,Ponedera,Atlántico
08573,2022,0.12359207830372794,0.5878463073663197,0.028,Bas-Bas,Puerto Colombia,Atlántico
08606,2022,0.16828909179816046,0.5727917937057978,0.022,Bas-Bas,Repelón,Atlántico
08634,2022,0.1885165040277395,0.5357929377498281,0.036,Bas-Bas,Sabanagrande,Atlántico
08638,2022,0.11361067251265262,0.6873588799080318,0.006,Bas-Bas,Sabanalarga,Atlántico
08675,2022,0.0,0.659654771179269,0.022,Bas-Bas,Santa Lucía,Atlántico
08685,2022,0.1770932927276307,0.5508313767432692,0.029,Bas-Bas,Santo Tomás,Atlántico
08758,2022,0.20446635074925085,0.5512218554837329,0.027,Bas-Bas,Soledad,Atlántico
08770,2022,0.0,0.38480504737050236,0.153,Non significatif,Suan,Atlántico
08832,2022,0.2981939986628931,0.5115910262982155,0.024,Bas-Bas,Tubará,Atlántico
08849,2022,0.21519232429180604,0.5409954012679397,0.029,Bas-Bas,Usiacurí,Atlántico
11001,2022,0.01991243513194996,0.6003663610869727,0.044,Bas-Bas,"Bogotá, D.C.","Bogotá, D.C."
13001,2022,0.10221019585491786,0.2153700187540093,0.281,Non significatif,Cartagena de Indias,Bolívar
13006,2022,4.172843540906284,2.290781713631909,0.014,Haut-Haut,Achí,Bolívar
13030,2022,2.582585935871658,1.2066435942275096,0.006,Haut-Haut,Altos del Rosario,Bolívar
13042,2022,6.0380517025460225,4.898899016217852,0.006,Haut-Haut,Arenal,Bolívar
13052,2022,1.8810700732096695,-0.12642678285959966,0.203,Non significatif,Arjona,Bolívar
13062,2022,0.6169890496909317,0.33897640827955094,0.035,Bas-Bas,Arroyohondo,Bolívar
13074,2022,4.334208924797097,1.9388544131885943,0.026,Haut-Haut,Barranco de Loba,Bolívar
13140,2022,0.9344870663631445,0.20250892928616934,0.021,Bas-Bas,Calamar,Bolívar
13160,2022,3.553169644449433,1.439305959036721,0.027,Haut-Haut,Cantagallo,Bolívar
13188,2022,2.0295971706011127,-0.03669717672686273,0.449,Non significatif,Cicuco,Bolívar
13212,2022,1.431735333117776,0.02926738002570737,0.126,Non significatif,Córdoba,Bolívar
13222,2022,1.0008695599400093,0.08214525376845987,0.197,Non significatif,Clemencia,Bolívar
13244,2022,2.8894415928423376,1.4402598191971407,0.008,Haut-Haut,El Carmen de Bolívar,Bolívar
13248,2022,0.9258731817977138,0.10754128104680026,0.18,Non significatif,El Guamo,Bolívar
13268,2022,0.0,-0.8042426773904335,0.036,Atypique,El Peñón,Bolívar
13300,2022,2.8850886538215157,0.6900832229222643,0.072,Non significatif,Hatillo de Loba,Bolívar
13430,2022,2.4164857845902996,0.17159747180178608,0.267,Non significatif,Magangué,Bolívar
13433,2022,0.6659004437911167,0.17163084589156236,0.181,Non significatif,Mahates,Bolívar
13440,2022,2.638442143172325,0.6160751760926236,0.063,Non significatif,Margarita,Bolívar
13442,2022,2.4152318065385425,0.3329761159177467,0.146,Non significatif,María La Baja,Bolívar
13458,2022,6.28677126958752,5.033181829873485,0.006,Haut-Haut,Montecristo,Bolívar
13468,2022,0.45761791186042794,0.038790541629523216,0.467,Non significatif,Mompós,Bolívar
13473,2022,5.35504466676352,3.4447982297903748,0.012,Haut-Haut,Morales,Bolívar
13490,2022,4.560122346888893,4.167592556077917,0.001,Haut-Haut,Norosí,Bolívar
13549,2022,2.3788018685666423,0.5578646018589242,0.045,Haut-Haut,Pinillos,Bolívar
13580,2022,1.3743017318263033,0.007481110788652766,0.189,Non significatif,Regidor,Bolívar
13600,2022,3.4552049564108653,2.6504428135153515,0.001,Haut-Haut,Río Viejo,Bolívar
13620,2022,0.531857644956153,0.4084558986657123,0.02,Bas-Bas,San Cristóbal,Bolívar
13647,2022,0.43592659326257693,0.44578578577537264,0.026,Bas-Bas,San Estanislao,Bolívar
13650,2022,0.3577627331787873,-0.14345016192294532,0.285,Non significatif,San Fernando,Bolívar
13654,2022,2.886882025658466,0.3763062831769051,0.192,Non significatif,San Jacinto,Bolívar
13655,2022,2.8574807407413614,1.8316180602653087,0.002,Haut-Haut,San Jacinto del Cauca,Bolívar
13657,2022,1.8575816123281195,0.050454844545524256,0.347,Non significatif,San Juan Nepomuceno,Bolívar
13667,2022,3.5446199153645077,0.8698140381492052,0.092,Non significatif,San Martín de Loba,Bolívar
13670,2022,4.195528461038089,2.5666013662861022,0.009,Haut-Haut,San Pablo,Bolívar
13673,2022,0.7056961236434413,0.1471746921537905,0.204,Non significatif,Santa Catalina,Bolívar
13683,2022,2.953287801440748,-0.6700646146204225,0.066,Non significatif,Santa Rosa,Bolívar
13688,2022,3.7275411781723435,3.15535057978182,0.001,Haut-Haut,Santa Rosa del Sur,Bolívar
13744,2022,4.258439831745925,2.72119980843607,0.008,Haut-Haut,Simití,Bolívar
13760,2022,0.0,0.5010337055532673,0.089,Non significatif,Soplaviento,Bolívar
13780,2022,1.4236980448481993,-0.010476255450884852,0.328,Non significatif,Talaigua Nuevo,Bolívar
13810,2022,3.8966062791101126,3.1902824342184397,0.001,Haut-Haut,Tiquisio,Bolívar
13836,2022,0.22584637204978023,0.26224703517785436,0.197,Non significatif,Turbaco,Bolívar
13838,2022,0.32378409080080467,-0.07757282880488359,0.378,Non significatif,Turbaná,Bolívar
13873,2022,0.26230409796471144,0.18586750269846178,0.277,Non significatif,Villanueva,Bolívar
13894,2022,1.3819645430565146,0.0059196133129828885,0.276,Non significatif,Zambrano,Bolívar
15001,2022,0.04868601613082239,0.7724307959248695,0.002,Bas-Bas,Tunja,Boyacá
15022,2022,0.0,0.8014602962194596,0.001,Bas-Bas,Almeida,Boyacá
15047,2022,0.0,0.4776164165424892,0.101,Non significatif,Aquitania,Boyacá
15051,2022,0.0,0.8014602962194596,0.001,Bas-Bas,Arcabuco,Boyacá
15087,2022,0.0,0.8014602962194596,0.001,Bas-Bas,Belén,Boyacá
15090,2022,0.0,0.7659800614932935,0.005,Bas-Bas,Berbeo,Boyacá
15092,2022,0.0,0.8014602962194596,0.001,Bas-Bas,Betéitiva,Boyacá
15097,2022,0.0,0.8014602962194596,0.001,Bas-Bas,Boavita,Boyacá
15104,2022,0.0,0.7956543961605417,0.001,Bas-Bas,Boyacá,Boyacá
15106,2022,0.0,0.7541614767384218,0.006,Bas-Bas,Briceño,Boyacá
15109,2022,0.0,0.8014602962194596,0.001,Bas-Bas,Buenavista,Boyacá
15114,2022,0.0,0.8014602962194596,0.001,Bas-Bas,Busbanzá,Boyacá
15131,2022,0.0,0.8014602962194596,0.001,Bas-Bas,Caldas,Boyacá
15135,2022,1.0682185544035334,0.15290050617562753,0.006,Bas-Bas,Campohermoso,Boyacá
15162,2022,0.0,0.796891745099937,0.001,Bas-Bas,Cerinza,Boyacá
15172,2022,0.0,0.8014602962194596,0.001,Bas-Bas,Chinavita,Boyacá
15176,2022,0.0,0.8014602962194596,0.001,Bas-Bas,Chiquinquirá,Boyacá
15180,2022,0.0,0.8014602962194596,0.001,Bas-Bas,Chiscas,Boyacá
15183,2022,1.1267099991457452,0.021788489371450698,0.38,Non significatif,Chita,Boyacá
15185,2022,0.7580595737009143,0.3301393926786089,0.006,Bas-Bas,Chitaraque,Boyacá
15187,2022,0.0,0.8014602962194596,0.001,Bas-Bas,Chivatá,Boyacá
15189,2022,0.0,0.8014602962194596,0.001,Bas-Bas,Ciénega,Boyacá
15204,2022,0.0,0.8014602962194596,0.001,Bas-Bas,Cómbita,Boyacá
15212,2022,0.0,0.6925681846390102,0.019,Bas-Bas,Coper,Boyacá
15215,2022,0.0,0.8014602962194596,0.001,Bas-Bas,Corrales,Boyacá
15218,2022,0.0,0.5943418287302762,0.052,Non significatif,Covarachía,Boyacá
15223,2022,2.707431532965539,0.4143767261579797,0.147,Non significatif,Cubará,Boyacá
15224,2022,0.0,0.7956543961605417,0.001,Bas-Bas,Cucaita,Boyacá
15226,2022,0.0,0.7873516082570051,0.002,Bas-Bas,Cuítiva,Boyacá
15232,2022,0.0,0.8014602962194596,0.001,Bas-Bas,Chíquiza,Boyacá
15236,2022,0.0,0.774260444879677,0.004,Bas-Bas,Chivor,Boyacá
15238,2022,0.038310089950294286,0.7786175406218463,0.001,Bas-Bas,Duitama,Boyacá
15244,2022,0.0,0.8014602962194596,0.001,Bas-Bas,El Cocuy,Boyacá
15248,2022,0.0,0.8014602962194596,0.001,Bas-Bas,El Espino,Boyacá
15272,2022,0.0,0.7873516082570051,0.002,Bas-Bas,Firavitoba,Boyacá
15276,2022,0.0,0.8014602962194596,0.001,Bas-Bas,Floresta,Boyacá
15293,2022,0.0,0.8014602962194596,0.001,Bas-Bas,Gachantivá,Boyacá
15296,2022,0.0,0.8014602962194596,0.001,Bas-Bas,Gámeza,Boyacá
15299,2022,0.0,0.8014602962194596,0.001,Bas-Bas,Garagoa,Boyacá
15317,2022,0.0,0.8014602962194596,0.001,Bas-Bas,Guacamayas,Boyacá
15322,2022,0.0,0.8014602962194596,0.001,Bas-Bas,Guateque,Boyacá
15325,2022,0.0,0.8014602962194596,0.001,Bas-Bas,Guayatá,Boyacá
15332,2022,0.0,0.8014602962194596,0.001,Bas-Bas,Güicán de la Sierra,Boyacá
15362,2022,0.0,0.7873516082570051,0.002,Bas-Bas,Iza,Boyacá
15367,2022,0.0,0.8014602962194596,0.001,Bas-Bas,Jenesano,Boyacá
15368,2022,0.0,0.31961245308619535,0.193,Non significatif,Jericó,Boyacá
15377,2022,0.2771024683926797,0.1790722146287471,0.287,Non significatif,Labranzagrande,Boyacá
15380,2022,0.0,0.8014602962194596,0.001,Bas-Bas,La Capilla,Boyacá
15401,2022,0.0,0.659309630214185,0.026,Bas-Bas,La Victoria,Boyacá
15403,2022,0.0,0.8014602962194596,0.001,Bas-Bas,La Uvita,Boyacá
15407,2022,0.0,0.8014602962194596,0.001,Bas-Bas,Villa de Leyva,Boyacá
15425,2022,0.0,0.8014602962194596,0.001,Bas-Bas,Macanal,Boyacá
15442,2022,0.0,0.6452693651579725,0.031,Bas-Bas,Maripí,Boyacá
15455,2022,0.0,0.6740732010978611,0.021,Bas-Bas,Miraflores,Boyacá
15464,2022,0.0,0.8014602962194596,0.001,Bas-Bas,Mongua,Boyacá
15466,2022,0.0,0.7873516082570051,0.002,Bas-Bas,Monguí,Boyacá
15469,2022,0.0,0.780366360126647,0.004,Bas-Bas,Moniquirá,Boyacá
15476,2022,0.0,0.7956543961605417,0.001,Bas-Bas,Motavita,Boyacá
15480,2022,0.9131268273868791,0.24905045039886367,0.004,Bas-Bas,Muzo,Boyacá
15491,2022,0.0,0.8014602962194596,0.001,Bas-Bas,Nobsa,Boyacá
15494,2022,0.0,0.8014602962194596,0.001,Bas-Bas,Nuevo Colón,Boyacá
15500,2022,0.0,0.8014602962194596,0.001,Bas-Bas,Oicatá,Boyacá
15507,2022,0.0,0.7456929812120622,0.006,Bas-Bas,Otanche,Boyacá
15511,2022,0.0,0.8014602962194596,0.001,Bas-Bas,Pachavita,Boyacá
15514,2022,0.2975234266304993,0.5248688330812231,0.022,Bas-Bas,Páez,Boyacá
15516,2022,0.0,0.796891745099937,0.001,Bas-Bas,Paipa,Boyacá
15518,2022,1.7680489258869985,-0.18162295972822556,0.061,Non significatif,Pajarito,Boyacá
15522,2022,0.0,0.8014602962194596,0.001,Bas-Bas,Panqueba,Boyacá
15531,2022,0.396629474302701,0.5103003453509245,0.01,Bas-Bas,Pauna,Boyacá
15533,2022,2.1143235563865446,-0.2701130758348617,0.103,Non significatif,Paya,Boyacá
15537,2022,0.0,0.43965018801116906,0.127,Non significatif,Paz de Río,Boyacá
15542,2022,0.0,0.8014602962194596,0.001,Bas-Bas,Pesca,Boyacá
15550,2022,0.9467708179247144,0.12046055246177101,0.139,Non significatif,Pisba,Boyacá
15572,2022,1.1322260074782304,0.0629964577509269,0.142,Non significatif,Puerto Boyacá,Boyacá
15580,2022,0.0,0.6593096302141849,0.028,Bas-Bas,Quípama,Boyacá
15599,2022,0.0,0.8014602962194596,0.001,Bas-Bas,Ramiriquí,Boyacá
15600,2022,0.0,0.8014602962194596,0.001,Bas-Bas,Ráquira,Boyacá
15621,2022,0.0,0.8014602962194596,0.001,Bas-Bas,Rondón,Boyacá
15632,2022,0.0,0.8014602962194596,0.001,Bas-Bas,Saboyá,Boyacá
15638,2022,0.0,0.8014602962194596,0.001,Bas-Bas,Sáchica,Boyacá
15646,2022,0.0,0.8014602962194596,0.001,Bas-Bas,Samacá,Boyacá
15660,2022,0.0,0.7659800614932935,0.005,Bas-Bas,San Eduardo,Boyacá
15664,2022,0.0,0.7360558587918413,0.006,Bas-Bas,San José de Pare,Boyacá
15667,2022,0.17732239255871055,0.5851481849518939,0.023,Bas-Bas,San Luis de Gaceno,Boyacá
15673,2022,0.0,0.8014602962194596,0.001,Bas-Bas,San Mateo,Boyacá
15676,2022,0.0,0.8014602962194596,0.001,Bas-Bas,San Miguel de Sema,Boyacá
15681,2022,0.0,0.6452693651579725,0.034,Bas-Bas,San Pablo de Borbur,Boyacá
15686,2022,0.3715706024662826,0.36916835963730893,0.085,Non significatif,Santana,Boyacá
15690,2022,0.0,0.7531144121741518,0.006,Bas-Bas,Santa María,Boyacá
15693,2022,0.0,0.796891745099937,0.001,Bas-Bas,Santa Rosa de Viterbo,Boyacá
15696,2022,0.0,0.8014602962194596,0.001,Bas-Bas,Santa Sofía,Boyacá
15720,2022,2.1138831746349176,-0.40433054414438324,0.015,Atypique,Sativanorte,Boyacá
15723,2022,0.7999951286917855,0.21660502786835126,0.078,Non significatif,Sativasur,Boyacá
15740,2022,0.0,0.8014602962194596,0.001,Bas-Bas,Siachoque,Boyacá
15753,2022,0.0,0.8014602962194596,0.001,Bas-Bas,Soatá,Boyacá
15755,2022,0.0,0.5573724674914642,0.069,Non significatif,Socotá,Boyacá
15757,2022,0.12012031631303642,0.6429620241795982,0.015,Bas-Bas,Socha,Boyacá
15759,2022,0.11830996103174579,0.7309168564071874,0.001,Bas-Bas,Sogamoso,Boyacá
15761,2022,0.0,0.8014602962194596,0.001,Bas-Bas,Somondoco,Boyacá
15762,2022,0.0,0.7956543961605417,0.002,Bas-Bas,Sora,Boyacá
15763,2022,0.0,0.8014602962194596,0.001,Bas-Bas,Sotaquirá,Boyacá
15764,2022,0.0,0.7956543961605417,0.002,Bas-Bas,Soracá,Boyacá
15774,2022,0.0,0.45397476428549655,0.116,Non significatif,Susacón,Boyacá
15776,2022,0.0,0.8014602962194596,0.001,Bas-Bas,Sutamarchán,Boyacá
15778,2022,0.0,0.8014602962194596,0.001,Bas-Bas,Sutatenza,Boyacá
15790,2022,0.0,0.7871357199451321,0.003,Bas-Bas,Tasco,Boyacá
15798,2022,0.0,0.8014602962194596,0.001,Bas-Bas,Tenza,Boyacá
15804,2022,0.0,0.8014602962194596,0.001,Bas-Bas,Tibaná,Boyacá
15806,2022,0.0,0.8014602962194596,0.001,Bas-Bas,Tibasosa,Boyacá
15808,2022,0.0,0.8014602962194596,0.001,Bas-Bas,Tinjacá,Boyacá
15810,2022,0.0,0.8014602962194596,0.001,Bas-Bas,Tipacoque,Boyacá
15814,2022,0.0,0.8014602962194596,0.001,Bas-Bas,Toca,Boyacá
15816,2022,0.0,0.6456558122612907,0.034,Bas-Bas,Togüí,Boyacá
15820,2022,0.0,0.8014602962194596,0.001,Bas-Bas,Tópaga,Boyacá
15822,2022,0.0,0.8014602962194596,0.001,Bas-Bas,Tota,Boyacá
15832,2022,0.0,0.6766125699157214,0.023,Bas-Bas,Tununguá,Boyacá
15835,2022,0.0,0.8014602962194596,0.001,Bas-Bas,Turmequé,Boyacá
15837,2022,0.0,0.8014602962194596,0.001,Bas-Bas,Tuta,Boyacá
15839,2022,0.0,0.4539747642854965,0.116,Non significatif,Tutazá,Boyacá
15842,2022,0.0,0.8014602962194596,0.001,Bas-Bas,Úmbita,Boyacá
15861,2022,0.0,0.8014602962194596,0.001,Bas-Bas,Ventaquemada,Boyacá
15879,2022,0.0,0.8014602962194596,0.001,Bas-Bas,Viracachá,Boyacá
15897,2022,0.0,0.8014602962194596,0.001,Bas-Bas,Zetaquira,Boyacá
17001,2022,0.01077518910261139,0.7291101390483257,0.006,Bas-Bas,Manizales,Caldas
17013,2022,0.28984466760692146,0.47510560855991674,0.05,Non significatif,Aguadas,Caldas
17042,2022,0.6405612485800998,0.20688075045209525,0.144,Non significatif,Anserma,Caldas
17050,2022,0.35853579691017495,0.5574344695378078,0.005,Bas-Bas,Aranzazu,Caldas
17088,2022,0.8815021694227252,0.1709326251358776,0.091,Non significatif,Belalcázar,Caldas
17174,2022,0.0,0.5586832323806559,0.068,Non significatif,Chinchiná,Caldas
17272,2022,0.0,0.6430245512884819,0.035,Bas-Bas,Filadelfia,Caldas
17380,2022,0.6335068784094494,0.2912265331870996,0.074,Non significatif,La Dorada,Caldas
17388,2022,0.0,0.7056017509812139,0.015,Bas-Bas,La Merced,Caldas
17433,2022,0.0,0.4317517169198811,0.136,Non significatif,Manzanares,Caldas
17442,2022,0.3132553077776426,0.5659585933769341,0.006,Bas-Bas,Marmato,Caldas
17444,2022,0.9817817055651668,0.15269883476630175,0.067,Non significatif,Marquetalia,Caldas
17446,2022,0.3740637604449085,0.4046629380461083,0.069,Non significatif,Marulanda,Caldas
17486,2022,0.13692183261434063,0.6524147330046716,0.009,Bas-Bas,Neira,Caldas
17495,2022,0.0,0.21232735874482164,0.292,Non significatif,Norcasia,Caldas
17513,2022,0.0,0.7059047915582118,0.015,Bas-Bas,Pácora,Caldas
17524,2022,0.061834119606646774,0.5119941736543268,0.081,Non significatif,Palestina,Caldas
17541,2022,0.337071629535392,0.19995923486924438,0.237,Non significatif,Pensilvania,Caldas
17614,2022,0.24030826921501025,0.22615866198607287,0.229,Non significatif,Riosucio,Caldas
17616,2022,0.5253078151038122,0.277862197580991,0.117,Non significatif,Risaralda,Caldas
17653,2022,0.19819126182515756,0.608804578864565,0.011,Bas-Bas,Salamina,Caldas
17662,2022,1.0555324971264035,0.05914370685866519,0.229,Non significatif,Samaná,Caldas
17665,2022,1.2370502540542156,0.04515794927515113,0.068,Non significatif,San José,Caldas
17777,2022,0.2923858478322599,0.5250115146279398,0.026,Bas-Bas,Supía,Caldas
17867,2022,0.0,0.40041218214560353,0.142,Non significatif,Victoria,Caldas
17873,2022,0.0,0.4217469948900431,0.134,Non significatif,Villamaría,Caldas
17877,2022,0.07495417949820195,0.4414515081528483,0.107,Non significatif,Viterbo,Caldas
18001,2022,1.8305370069887736,0.19422342999869904,0.088,Non significatif,Florencia,Caquetá
18029,2022,2.861638832749993,1.454585932883134,0.006,Haut-Haut,Albania,Caquetá
18094,2022,3.2683567683569534,0.8412012124983054,0.074,Non significatif,Belén de los Andaquíes,Caquetá
18150,2022,3.6811156959447175,2.7461185601336826,0.002,Haut-Haut,Cartagena del Chairá,Caquetá
18205,2022,4.207924015933745,3.0632860088628604,0.005,Haut-Haut,Curillo,Caquetá
18247,2022,2.8359474214719964,0.9993072621115667,0.023,Haut-Haut,El Doncello,Caquetá
18256,2022,3.896529107433222,1.963641832391595,0.017,Haut-Haut,El Paujíl,Caquetá
18410,2022,4.508543517783867,2.601424830288589,0.012,Haut-Haut,La Montañita,Caquetá
18460,2022,2.912223713364667,1.6357045192857687,0.006,Haut-Haut,Milán,Caquetá
18479,2022,2.384702018021665,0.7486534125564432,0.02,Haut-Haut,Morelia,Caquetá
18592,2022,3.3050558361168614,1.1791766565191002,0.032,Haut-Haut,Puerto Rico,Caquetá
18610,2022,3.7064608851195118,1.827100251541629,0.017,Haut-Haut,San José del Fragua,Caquetá
18753,2022,3.917853785437959,2.3069076492716247,0.01,Haut-Haut,San Vicente del Caguán,Caquetá
18756,2022,4.250950879515462,2.3886759494898593,0.012,Haut-Haut,Solano,Caquetá
18785,2022,3.731031199813417,2.4859680528397945,0.006,Haut-Haut,Solita,Caquetá
18860,2022,3.957532746130514,2.174083327181033,0.011,Haut-Haut,Valparaíso,Caquetá
19001,2022,0.7351208841881609,-0.15435688516080126,0.196,Non significatif,Popayán,Cauca
19022,2022,5.392781790093066,1.9375788381737349,0.06,Non significatif,Almaguer,Cauca
19050,2022,6.080270984563754,5.448563362421534,0.001,Haut-Haut,Argelia,Cauca
19075,2022,4.6871559691916715,3.737183042973385,0.004,Haut-Haut,Balboa,Cauca
19100,2022,2.803514271928175,1.3169859997848004,0.007,Haut-Haut,Bolívar,Cauca
19110,2022,4.025205804161701,1.4993870497300719,0.038,Haut-Haut,Buenos Aires,Cauca
19130,2022,2.6836128388810367,0.2656249620478724,0.239,Non significatif,Cajibío,Cauca
19137,2022,2.020517104755513,0.1834225732328328,0.179,Non significatif,Caldono,Cauca
19142,2022,2.80048647240225,0.47649573621978886,0.136,Non significatif,Caloto,Cauca
19212,2022,3.6418053282416105,0.8525475851718677,0.105,Non significatif,Corinto,Cauca
19256,2022,3.681036088333061,2.085238220426181,0.01,Haut-Haut,El Tambo,Cauca
19290,2022,3.0550728160774168,0.586452653358424,0.123,Non significatif,Florencia,Cauca
19300,2022,1.4989611545596453,0.07058803338685309,0.071,Non significatif,Guachené,Cauca
19318,2022,5.663299112308104,8.635629072849456,0.001,Haut-Haut,Guapi,Cauca
19355,2022,2.276606212097011,0.041347559800741646,0.412,Non significatif,Inzá,Cauca
19364,2022,1.5882076221844832,0.08840503762603215,0.109,Non significatif,Jambaló,Cauca
19392,2022,3.1791514753030072,0.9991640160913656,0.042,Haut-Haut,La Sierra,Cauca
19397,2022,2.245492761435297,0.7837007326827361,0.01,Haut-Haut,La Vega,Cauca
19418,2022,4.689504177930932,3.402088487736789,0.005,Haut-Haut,López de Micay,Cauca
19450,2022,2.7873083676490102,0.8749542180972593,0.035,Haut-Haut,Mercaderes,Cauca
19455,2022,2.518042784398475,0.2625487211700599,0.218,Non significatif,Miranda,Cauca
19473,2022,2.423235495039609,0.7016911027005139,0.028,Haut-Haut,Morales,Cauca
19513,2022,2.243142333070154,0.3280175159906644,0.11,Non significatif,Padilla,Cauca
19517,2022,2.2939401660571823,0.3603793392209165,0.099,Non significatif,Páez,Cauca
19532,2022,2.982959216259069,1.9375362920797794,0.001,Haut-Haut,Patía,Cauca
19533,2022,3.987817355769568,1.9790998843587986,0.018,Haut-Haut,Piamonte,Cauca
19548,2022,1.4295432180932957,0.01581713678343678,0.251,Non significatif,Piendamó - Tunía,Cauca
19573,2022,1.5446445505725979,0.028831183228830763,0.288,Non significatif,Puerto Tejada,Cauca
19585,2022,0.4764869182598173,0.095275585695347,0.362,Non significatif,Puracé,Cauca
19622,2022,3.243791604237014,1.023466557959167,0.043,Haut-Haut,Rosas,Cauca
19693,2022,1.408617975159709,0.0460755940246847,0.02,Haut-Haut,San Sebastián,Cauca
19698,2022,3.0132200306826955,0.778061110288445,0.068,Non significatif,Santander de Quilichao,Cauca
19701,2022,2.9879643435076755,0.04035687196127843,0.431,Non significatif,Santa Rosa,Cauca
19743,2022,0.9459538485748499,-0.07017339174302903,0.252,Non significatif,Silvia,Cauca
19760,2022,1.7245651704834952,0.16977683971867477,0.074,Non significatif,Sotará - Paispamba,Cauca
19780,2022,3.891284615591644,1.5488896236438499,0.033,Haut-Haut,Suárez,Cauca
19785,2022,3.2967072855950867,1.7120608891161901,0.009,Haut-Haut,Sucre,Cauca
19807,2022,2.3475282005767224,0.4313442525868808,0.082,Non significatif,Timbío,Cauca
19809,2022,4.16260660733058,4.768444517682987,0.001,Haut-Haut,Timbiquí,Cauca
19821,2022,2.023376571078877,0.32099573998528164,0.063,Non significatif,Toribío,Cauca
19824,2022,1.392230421259975,-0.0036560191118162177,0.42,Non significatif,Totoró,Cauca
19845,2022,1.629921556149943,0.08704391169590121,0.154,Non significatif,Villa Rica,Cauca
20001,2022,0.33456985912996273,-0.2183670251176692,0.225,Non significatif,Valledupar,Cesar
20011,2022,1.1304836170152448,-0.04512393558734471,0.229,Non significatif,Aguachica,Cesar
20013,2022,0.6513096706600476,-0.05808107367834618,0.36,Non significatif,Agustín Codazzi,Cesar
20032,2022,2.312438341272753,-0.0207248718242333,0.497,Non significatif,Astrea,Cesar
20045,2022,1.0483807307568311,0.007955714049170757,0.483,Non significatif,Becerril,Cesar
20060,2022,0.3203055678234968,0.1386140959708148,0.327,Non significatif,Bosconia,Cesar
20175,2022,1.3592139234623721,0.004382417151518213,0.161,Non significatif,Chimichagua,Cesar
20178,2022,0.4881410683854227,-0.0873364620808036,0.336,Non significatif,Chiriguaná,Cesar
20228,2022,2.2890723985813763,0.22198697304009266,0.207,Non significatif,Curumaní,Cesar
20238,2022,1.5289399174073193,-0.046158166472752886,0.187,Non significatif,El Copey,Cesar
20250,2022,0.7181580221645046,0.10346846691620451,0.287,Non significatif,El Paso,Cesar
20295,2022,1.2174997500142228,-0.061606598946310306,0.057,Non significatif,Gamarra,Cesar
20310,2022,3.6484772572992634,1.5981514294752006,0.024,Haut-Haut,González,Cesar
20383,2022,1.3422365389784585,-0.0005951153154040974,0.15,Non significatif,La Gloria,Cesar
20400,2022,1.1918576902884048,0.02061334780377238,0.329,Non significatif,La Jagua de Ibirico,Cesar
20443,2022,0.4219253832437886,-0.0680339349689899,0.375,Non significatif,Manaure Balcón del Cesar,Cesar
20517,2022,3.010264837139402,0.718390474646806,0.085,Non significatif,Pailitas,Cesar
20550,2022,2.27400900264807,0.11238285389708755,0.308,Non significatif,Pelaya,Cesar
20570,2022,2.1219767684218116,-0.11884367907098689,0.305,Non significatif,Pueblo Bello,Cesar
20614,2022,0.920706020038267,-0.09730807539872427,0.211,Non significatif,Río de Oro,Cesar
20621,2022,3.3680792109588813,-0.4096978098020265,0.234,Non significatif,La Paz,Cesar
20710,2022,0.9442909743141296,-0.03240456159140482,0.363,Non significatif,San Alberto,Cesar
20750,2022,1.7227442221955032,-0.021373143882202118,0.45,Non significatif,San Diego,Cesar
20770,2022,1.2493988043445063,0.0016500444235278528,0.497,Non significatif,San Martín,Cesar
20787,2022,2.3561995465010157,0.31268578109420897,0.151,Non significatif,Tamalameque,Cesar
23001,2022,1.8022160593961245,0.2314448525175002,0.051,Non significatif,Montería,Córdoba
23068,2022,3.556768469737518,1.8819675420078157,0.01,Haut-Haut,Ayapel,Córdoba
23079,2022,2.6786004782154014,1.1213497306400024,0.01,Haut-Haut,Buenavista,Córdoba
23090,2022,4.280383819381452,1.379417632685562,0.066,Non significatif,Canalete,Córdoba
23162,2022,2.220738434330032,0.19187720637635253,0.221,Non significatif,Cereté,Córdoba
23168,2022,3.129655411197573,0.2016614271054579,0.322,Non significatif,Chimá,Córdoba
23182,2022,2.599493015602339,0.2935710444884308,0.208,Non significatif,Chinú,Córdoba
23189,2022,2.2775773575512153,0.2881495076477756,0.151,Non significatif,Ciénaga de Oro,Córdoba
23300,2022,1.243662405655393,-0.03101048517006945,0.151,Non significatif,Cotorra,Córdoba
23350,2022,2.7933054119580403,1.3873735861062133,0.005,Haut-Haut,La Apartada,Córdoba
23417,2022,2.1152067715022067,0.11631965662624419,0.278,Non significatif,Lorica,Córdoba
23419,2022,2.4636419986868723,0.6888310490519598,0.03,Haut-Haut,Los Córdobas,Córdoba
23464,2022,1.520042133349062,0.05420792675719577,0.151,Non significatif,Momil,Córdoba
23466,2022,3.8429241318045615,2.8483421471832373,0.001,Haut-Haut,Montelíbano,Córdoba
23500,2022,1.6256347654793455,0.06729282292602419,0.205,Non significatif,Moñitos,Córdoba
23555,2022,3.4407438444596035,1.4162415187316264,0.025,Haut-Haut,Planeta Rica,Córdoba
23570,2022,2.55849587147338,0.4797528760828636,0.102,Non significatif,Pueblo Nuevo,Córdoba
23574,2022,2.1479931285320997,0.34619947950624397,0.088,Non significatif,Puerto Escondido,Córdoba
23580,2022,5.090484241661774,4.6215321567648004,0.001,Haut-Haut,Puerto Libertador,Córdoba
23586,2022,1.6433716403718253,0.07882403798282299,0.192,Non significatif,Purísima de la Concepción,Córdoba
23660,2022,1.1449331884864749,-0.046213571696356495,0.21,Non significatif,Sahagún,Córdoba
23670,2022,1.729279223480601,0.1674145694676698,0.083,Non significatif,San Andrés de Sotavento,Córdoba
23672,2022,2.7485251128495447,0.35196222386563947,0.201,Non significatif,San Antero,Córdoba
23675,2022,2.8181890271442454,0.27383567319760205,0.244,Non significatif,San Bernardo del Viento,Córdoba
23678,2022,2.461247466338539,0.17988080267820483,0.268,Non significatif,San Carlos,Córdoba
23682,2022,4.26656832115403,3.5928221910689984,0.001,Haut-Haut,San José de Uré,Córdoba
23686,2022,1.0902572382183544,-0.09317486769864226,0.114,Non significatif,San Pelayo,Córdoba
23807,2022,4.092645758723213,2.6118338847740237,0.005,Haut-Haut,Tierralta,Córdoba
23815,2022,1.8574190169439917,0.1467954441236054,0.172,Non significatif,Tuchín,Córdoba
23855,2022,3.1171423576299144,1.1986719012448162,0.022,Haut-Haut,Valencia,Córdoba
25001,2022,0.0,0.7918852694693762,0.003,Bas-Bas,Agua de Dios,Cundinamarca
25019,2022,0.12937413423098004,0.6840937504255507,0.006,Bas-Bas,Albán,Cundinamarca
25035,2022,0.0,0.682320825281339,0.027,Bas-Bas,Anapoima,Cundinamarca
25040,2022,0.0,0.7152720767623464,0.011,Bas-Bas,Anolaima,Cundinamarca
25053,2022,0.3957614685041484,0.2964417738664733,0.137,Non significatif,Arbeláez,Cundinamarca
25086,2022,0.0,0.4024183869149325,0.141,Non significatif,Beltrán,Cundinamarca
25095,2022,0.0,0.7167958420752699,0.011,Bas-Bas,Bituima,Cundinamarca
25099,2022,0.0,0.7246973586598566,0.009,Bas-Bas,Bojacá,Cundinamarca
25120,2022,0.1759257740316049,0.12085650732579721,0.376,Non significatif,Cabrera,Cundinamarca
25123,2022,0.08320951024997583,0.683820354839363,0.008,Bas-Bas,Cachipay,Cundinamarca
25126,2022,0.0,0.8007415345826558,0.002,Bas-Bas,Cajicá,Cundinamarca
25148,2022,0.584997439154229,0.39809789672425183,0.016,Bas-Bas,Caparrapí,Cundinamarca
25151,2022,0.0,0.8014602962194596,0.001,Bas-Bas,Cáqueza,Cundinamarca
25154,2022,0.0,0.8014602962194596,0.001,Bas-Bas,Carmen de Carupa,Cundinamarca
25168,2022,0.8993888074351707,0.23869251105531789,0.009,Bas-Bas,Chaguaní,Cundinamarca
25175,2022,0.0,0.8014602962194596,0.001,Bas-Bas,Chía,Cundinamarca
25178,2022,0.0,0.7990857004424066,0.002,Bas-Bas,Chipaque,Cundinamarca
25181,2022,0.0,0.8014602962194596,0.001,Bas-Bas,Choachí,Cundinamarca
25183,2022,0.0,0.8014602962194596,0.001,Bas-Bas,Chocontá,Cundinamarca
25200,2022,0.0,0.8007415345826558,0.002,Bas-Bas,Cogua,Cundinamarca
25214,2022,0.0,0.7863168755131664,0.003,Bas-Bas,Cota,Cundinamarca
25224,2022,0.0,0.8014602962194596,0.001,Bas-Bas,Cucunubá,Cundinamarca
25245,2022,0.0,0.7763894817033451,0.004,Bas-Bas,El Colegio,Cundinamarca
25258,2022,0.0,0.6707134116329706,0.026,Bas-Bas,El Peñón,Cundinamarca
25260,2022,0.0,0.783609422787048,0.003,Bas-Bas,El Rosal,Cundinamarca
25269,2022,0.03944795089099214,0.6911511805179381,0.014,Bas-Bas,Facatativá,Cundinamarca
25279,2022,0.0,0.6417415363171286,0.034,Bas-Bas,Fómeque,Cundinamarca
25281,2022,0.0,0.7857235972620152,0.003,Bas-Bas,Fosca,Cundinamarca
25286,2022,0.0167443070528978,0.7757490115796682,0.003,Bas-Bas,Funza,Cundinamarca
25288,2022,0.0,0.8014602962194596,0.001,Bas-Bas,Fúquene,Cundinamarca
25290,2022,0.14240474148716406,0.31899946011384406,0.17,Non significatif,Fusagasugá,Cundinamarca
25293,2022,0.0,0.774260444879677,0.004,Bas-Bas,Gachalá,Cundinamarca
25295,2022,0.0,0.8014602962194596,0.001,Bas-Bas,Gachancipá,Cundinamarca
25297,2022,0.0,0.8014602962194596,0.001,Bas-Bas,Gachetá,Cundinamarca
25299,2022,0.0,0.774260444879677,0.004,Bas-Bas,Gama,Cundinamarca
25307,2022,0.08029244425101253,0.6784687899286423,0.009,Bas-Bas,Girardot,Cundinamarca
25312,2022,0.11231296822900398,0.6932201617788643,0.007,Bas-Bas,Granada,Cundinamarca
25317,2022,0.0,0.8014602962194596,0.001,Bas-Bas,Guachetá,Cundinamarca
25320,2022,0.08007685564084417,0.5634716759151189,0.052,Non significatif,Guaduas,Cundinamarca
25322,2022,0.0,0.8014602962194596,0.001,Bas-Bas,Guasca,Cundinamarca
25324,2022,0.0,0.7573574147815485,0.006,Bas-Bas,Guataquí,Cundinamarca
25326,2022,0.0,0.8014602962194596,0.001,Bas-Bas,Guatavita,Cundinamarca
25328,2022,0.0,0.7415221013197077,0.007,Bas-Bas,Guayabal de Síquima,Cundinamarca
25335,2022,0.1319618270230468,0.42326692859620807,0.111,Non significatif,Guayabetal,Cundinamarca
25339,2022,1.4456506571269756,-0.05035671639153751,0.027,Atypique,Gutiérrez,Cundinamarca
25368,2022,0.0,0.8014602962194596,0.001,Bas-Bas,Jerusalén,Cundinamarca
25372,2022,0.0,0.8014602962194596,0.001,Bas-Bas,Junín,Cundinamarca
25377,2022,0.0,0.8014602962194596,0.001,Bas-Bas,La Calera,Cundinamarca
25386,2022,0.0979211156439258,0.733873889907743,0.003,Bas-Bas,La Mesa,Cundinamarca
25394,2022,0.4398529224148823,0.46899140427508085,0.02,Bas-Bas,La Palma,Cundinamarca
25398,2022,0.29003423688408025,0.5531138125881808,0.016,Bas-Bas,La Peña,Cundinamarca
25402,2022,0.0,0.7860321845510954,0.003,Bas-Bas,La Vega,Cundinamarca
25407,2022,0.0,0.8014602962194596,0.001,Bas-Bas,Lenguazaque,Cundinamarca
25426,2022,0.0,0.8014602962194596,0.001,Bas-Bas,Machetá,Cundinamarca
25430,2022,0.11024251967519051,0.7270245483140295,0.003,Bas-Bas,Madrid,Cundinamarca
25436,2022,0.0,0.8014602962194596,0.001,Bas-Bas,Manta,Cundinamarca
25438,2022,0.0,0.5521310558045018,0.077,Non significatif,Medina,Cundinamarca
25473,2022,0.02330438255339256,0.7691321578678953,0.004,Bas-Bas,Mosquera,Cundinamarca
25483,2022,0.0,0.6898148098140261,0.023,Bas-Bas,Nariño,Cundinamarca
25486,2022,0.0,0.8014602962194596,0.001,Bas-Bas,Nemocón,Cundinamarca
25488,2022,0.0,0.7039681743890361,0.016,Bas-Bas,Nilo,Cundinamarca
25489,2022,0.0,0.7231667095430264,0.009,Bas-Bas,Nimaima,Cundinamarca
25491,2022,0.0,0.7469060032198636,0.007,Bas-Bas,Nocaima,Cundinamarca
25506,2022,0.570475868568202,0.22067319625328385,0.152,Non significatif,Venecia,Cundinamarca
25513,2022,0.46503418025617455,0.49559390229095995,0.006,Bas-Bas,Pacho,Cundinamarca
25518,2022,0.2078797766352978,0.5854586611267987,0.021,Bas-Bas,Paime,Cundinamarca
25524,2022,0.6296129547124139,0.1735263694389327,0.196,Non significatif,Pandi,Cundinamarca
25530,2022,0.28500413377095357,0.1564629528403346,0.324,Non significatif,Paratebueno,Cundinamarca
25535,2022,1.4199942376114927,-0.0391746091725485,0.021,Atypique,Pasca,Cundinamarca
25572,2022,0.46104677262326726,0.4255254917421404,0.033,Bas-Bas,Puerto Salgar,Cundinamarca
25580,2022,0.0,0.543335261651922,0.082,Non significatif,Pulí,Cundinamarca
25592,2022,0.0,0.7560253206979816,0.007,Bas-Bas,Quebradanegra,Cundinamarca
25594,2022,0.0,0.6260048373596843,0.039,Bas-Bas,Quetame,Cundinamarca
25596,2022,0.0,0.7798601244427533,0.004,Bas-Bas,Quipile,Cundinamarca
25599,2022,0.0,0.6939981046372578,0.021,Bas-Bas,Apulo,Cundinamarca
25612,2022,0.0,0.7795393718688386,0.004,Bas-Bas,Ricaurte,Cundinamarca
25645,2022,0.0,0.7844522848595634,0.004,Bas-Bas,San Antonio del Tequendama,Cundinamarca
25649,2022,0.29282685896302946,0.332281761084359,0.133,Non significatif,San Bernardo,Cundinamarca
25653,2022,0.0,0.776670237320994,0.004,Bas-Bas,San Cayetano,Cundinamarca
25658,2022,0.0,0.8014602962194596,0.001,Bas-Bas,San Francisco,Cundinamarca
25662,2022,0.2073447775905992,0.3520805643977638,0.133,Non significatif,San Juan de Rioseco,Cundinamarca
25718,2022,0.0,0.775184343628775,0.004,Bas-Bas,Sasaima,Cundinamarca
25736,2022,0.0,0.8014602962194596,0.001,Bas-Bas,Sesquilé,Cundinamarca
25740,2022,0.0481938623922631,0.7196418600052358,0.007,Bas-Bas,Sibaté,Cundinamarca
25743,2022,0.29914664454020357,0.5114618507483715,0.028,Bas-Bas,Silvania,Cundinamarca
25745,2022,0.0,0.8014602962194596,0.001,Bas-Bas,Simijaca,Cundinamarca
25754,2022,0.030309589344857345,0.7270929689915551,0.007,Bas-Bas,Soacha,Cundinamarca
25758,2022,0.0,0.8014602962194596,0.001,Bas-Bas,Sopó,Cundinamarca
25769,2022,0.0,0.8014602962194596,0.001,Bas-Bas,Subachoque,Cundinamarca
25772,2022,0.0,0.8014602962194596,0.001,Bas-Bas,Suesca,Cundinamarca
25777,2022,0.0,0.7022976333219499,0.016,Bas-Bas,Supatá,Cundinamarca
25779,2022,0.0,0.8014602962194596,0.001,Bas-Bas,Susa,Cundinamarca
25781,2022,0.0,0.8014602962194596,0.001,Bas-Bas,Sutatausa,Cundinamarca
25785,2022,0.0,0.8007415345826558,0.002,Bas-Bas,Tabio,Cundinamarca
25793,2022,0.0,0.8007415345826558,0.002,Bas-Bas,Tausa,Cundinamarca
25797,2022,0.0,0.7798601244427534,0.005,Bas-Bas,Tena,Cundinamarca
25799,2022,0.0,0.799463505743859,0.002,Bas-Bas,Tenjo,Cundinamarca
25805,2022,0.7127058383486938,0.2605998266688191,0.075,Non significatif,Tibacuy,Cundinamarca
25807,2022,0.0,0.8014602962194596,0.001,Bas-Bas,Tibirita,Cundinamarca
25815,2022,0.0,0.8014602962194596,0.001,Bas-Bas,Tocaima,Cundinamarca
25817,2022,0.0,0.8007415345826558,0.002,Bas-Bas,Tocancipá,Cundinamarca
25823,2022,0.0,0.7242169394109381,0.009,Bas-Bas,Topaipí,Cundinamarca
25839,2022,0.22808735728245041,0.6654610395205468,0.001,Bas-Bas,Ubalá,Cundinamarca
25841,2022,0.0,0.8014602962194596,0.001,Bas-Bas,Ubaque,Cundinamarca
25843,2022,0.0,0.8014602962194596,0.001,Bas-Bas,Villa de San Diego de Ubaté,Cundinamarca
25845,2022,0.0,0.6266891089276072,0.037,Bas-Bas,Une,Cundinamarca
25851,2022,0.0,0.7144198637102462,0.01,Bas-Bas,Útica,Cundinamarca
25862,2022,0.36650528070781513,0.5577716924283168,0.006,Bas-Bas,Vergara,Cundinamarca
25867,2022,0.37324421850131634,0.4724341602760714,0.029,Bas-Bas,Vianí,Cundinamarca
25871,2022,0.0,0.72121402650076,0.011,Bas-Bas,Villagómez,Cundinamarca
25873,2022,0.0,0.8014602962194596,0.001,Bas-Bas,Villapinzón,Cundinamarca
25875,2022,0.0909657680582107,0.7328370846936508,0.004,Bas-Bas,Villeta,Cundinamarca
25878,2022,0.9011360753253562,0.22437984724028237,0.027,Bas-Bas,Viotá,Cundinamarca
25885,2022,0.07101350447237713,0.7070418356043733,0.008,Bas-Bas,Yacopí,Cundinamarca
25898,2022,0.5101571881536823,0.48819866381844323,0.003,Bas-Bas,Zipacón,Cundinamarca
25899,2022,0.006027255083367614,0.7978664880354415,0.001,Bas-Bas,Zipaquirá,Cundinamarca
27001,2022,4.173256968121302,3.348495572883832,0.001,Haut-Haut,Quibdó,Chocó
27006,2022,2.198826956380351,0.61363867537776,0.017,Haut-Haut,Acandí,Chocó
27025,2022,4.164392667018894,2.95255169420628,0.003,Haut-Haut,Alto Baudó,Chocó
27050,2022,3.3921706238352254,1.6329297477663498,0.009,Haut-Haut,Atrato,Chocó
27073,2022,4.8461234058172025,2.9032077765337023,0.008,Haut-Haut,Bagadó,Chocó
27075,2022,3.3641171584199476,1.8716063084547918,0.005,Haut-Haut,Bahía Solano,Chocó
27077,2022,3.669853403888843,4.005121673792937,0.001,Haut-Haut,Bajo Baudó,Chocó
27099,2022,3.0967747481008954,1.5002802161136104,0.008,Haut-Haut,Bojayá,Chocó
27135,2022,4.487513688811363,2.5913521523525236,0.007,Haut-Haut,El Cantón del San Pablo,Chocó
27150,2022,2.048430632916503,0.6463449901275184,0.005,Haut-Haut,Carmen del Darién,Chocó
27160,2022,1.5259857176179104,0.1148392955979108,0.027,Haut-Haut,Cértegui,Chocó
27205,2022,2.349635111263563,0.7570565227582846,0.013,Haut-Haut,Condoto,Chocó
27245,2022,4.181994654926591,1.3063827015768872,0.071,Non significatif,El Carmen de Atrato,Chocó
27250,2022,5.391555137775729,4.439099984153576,0.003,Haut-Haut,El Litoral del San Juan,Chocó
27361,2022,4.219400016559896,5.176928139602202,0.001,Haut-Haut,Istmina,Chocó
27372,2022,2.360550275450227,0.8459393879255575,0.007,Haut-Haut,Juradó,Chocó
27413,2022,4.530471816657314,2.804558788313082,0.005,Haut-Haut,Lloró,Chocó
27425,2022,4.33106452285198,3.002318236398854,0.003,Haut-Haut,Medio Atrato,Chocó
27430,2022,5.930908577227616,5.532202176317621,0.001,Haut-Haut,Medio Baudó,Chocó
27450,2022,6.400847703735158,7.533707328054788,0.001,Haut-Haut,Medio San Juan,Chocó
27491,2022,5.092806668795973,4.6072337658402285,0.001,Haut-Haut,Nóvita,Chocó
27495,2022,2.8422488442637235,1.9739915702610442,0.001,Haut-Haut,Nuquí,Chocó
27580,2022,1.6831335829735945,0.16800512033185747,0.058,Non significatif,Río Iró,Chocó
27600,2022,3.625812691212436,1.6978167743922836,0.012,Haut-Haut,Río Quito,Chocó
27615,2022,3.6966797095738926,1.059958376987883,0.076,Non significatif,Riosucio,Chocó
27660,2022,4.19797202011614,0.07488011893174971,0.441,Non significatif,San José del Palmar,Chocó
27745,2022,5.920773145085528,5.541773962937305,0.001,Haut-Haut,Sipí,Chocó
27787,2022,2.6954684300507257,0.957786455275928,0.017,Haut-Haut,Tadó,Chocó
27800,2022,2.709990381925802,0.8919305064310139,0.025,Haut-Haut,Unguía,Chocó
27810,2022,1.5379317306159923,0.11549405458349335,0.036,Haut-Haut,Unión Panamericana,Chocó
41001,2022,0.9913405003587284,-0.05320564254170452,0.288,Non significatif,Neiva,Huila
41006,2022,1.5826757530315942,-0.01184789591672323,0.457,Non significatif,Acevedo,Huila
41013,2022,0.3198620780823415,0.36898779072271415,0.105,Non significatif,Agrado,Huila
41016,2022,1.696990044455209,0.11223938233681506,0.145,Non significatif,Aipe,Huila
41020,2022,4.2052769319176235,-0.46686659743733616,0.31,Non significatif,Algeciras,Huila
41026,2022,0.8002900949344698,0.16546081161876425,0.139,Non significatif,Altamira,Huila
41078,2022,2.742781386715552,0.23971866085898658,0.266,Non significatif,Baraya,Huila
41132,2022,1.9123265573718666,0.04813255843528216,0.358,Non significatif,Campoalegre,Huila
41206,2022,3.251028455410756,0.4000306001403154,0.232,Non significatif,Colombia,Huila
41244,2022,0.6327515946383613,0.2200870991661704,0.137,Non significatif,Elías,Huila
41298,2022,0.730462508380923,0.13567767991248877,0.228,Non significatif,Garzón,Huila
41306,2022,1.3705800067908098,-0.006732646147445842,0.189,Non significatif,Gigante,Huila
41319,2022,1.2689311758041293,0.02291337554603492,0.139,Non significatif,Guadalupe,Huila
41349,2022,1.0052227358080101,-0.08797662485712088,0.191,Non significatif,Hobo,Huila
41357,2022,3.353939821934902,0.09368646580310408,0.407,Non significatif,Íquira,Huila
41359,2022,0.782515932127674,0.13408671342473746,0.207,Non significatif,Isnos,Huila
41378,2022,0.6815152069662395,0.10416692557448708,0.322,Non significatif,La Argentina,Huila
41396,2022,1.9068999971397218,-0.0976578797585476,0.296,Non significatif,La Plata,Huila
41483,2022,2.254358543869618,0.14621436380144887,0.277,Non significatif,Nátaga,Huila
41503,2022,0.6770591949984609,0.20927867490705046,0.138,Non significatif,Oporapa,Huila
41518,2022,0.0,0.061122425782276155,0.471,Non significatif,Paicol,Huila
41524,2022,1.8717104742831225,-0.06924566753662321,0.365,Non significatif,Palermo,Huila
41530,2022,1.1127808775683203,0.0029345544598259857,0.489,Non significatif,Palestina,Huila
41548,2022,0.4690890459802755,0.23548326520483043,0.174,Non significatif,Pital,Huila
41551,2022,0.6839102372158772,0.1376354064109427,0.249,Non significatif,Pitalito,Huila
41615,2022,0.2293060193273633,-0.5437711957163687,0.06,Non significatif,Rivera,Huila
41660,2022,0.949607526747102,0.10730363596429329,0.173,Non significatif,Saladoblanco,Huila
41668,2022,1.0376262906157911,0.06579923366090747,0.242,Non significatif,San Agustín,Huila
41676,2022,1.7442486102532817,0.12997384375171483,0.138,Non significatif,Santa María,Huila
41770,2022,0.8355114177575392,0.09818356535830655,0.268,Non significatif,Suaza,Huila
41791,2022,0.6604559827939507,0.23542248957432252,0.119,Non significatif,Tarqui,Huila
41797,2022,1.7942952985954248,0.02484917939693062,0.399,Non significatif,Tesalia,Huila
41799,2022,3.2378262269414315,0.05450195275224155,0.432,Non significatif,Tello,Huila
41801,2022,1.0891854106039935,-0.06486494153303247,0.195,Non significatif,Teruel,Huila
41807,2022,0.26031194729469964,0.2994974591295917,0.168,Non significatif,Timaná,Huila
41872,2022,1.384720447242946,0.017043991397102623,0.082,Non significatif,Villavieja,Huila
41885,2022,0.36406631056022065,-0.21166206800327317,0.224,Non significatif,Yaguará,Huila
44001,2022,1.0782435985677443,0.1018928566611648,0.095,Non significatif,Riohacha,La Guajira
44035,2022,0.697458972566589,0.18641139818219743,0.153,Non significatif,Albania,La Guajira
44078,2022,1.0310326642403387,0.11867238054951791,0.097,Non significatif,Barrancas,La Guajira
44090,2022,2.2322250332282367,-0.21673411519369018,0.205,Non significatif,Dibulla,La Guajira
44098,2022,0.2604292900462078,0.345175156403134,0.138,Non significatif,Distracción,La Guajira
44110,2022,0.9301207460998574,0.08594180847202883,0.256,Non significatif,El Molino,La Guajira
44279,2022,0.3701275144499733,0.3197146515094751,0.127,Non significatif,Fonseca,La Guajira
44378,2022,0.04250240158795934,0.37917551798503035,0.15,Non significatif,Hatonuevo,La Guajira
44420,2022,1.308534804065899,0.00017405906133068641,0.478,Non significatif,La Jagua del Pilar,La Guajira
44430,2022,1.0032013653782264,0.10752767219916902,0.141,Non significatif,Maicao,La Guajira
44560,2022,0.31668299478165646,0.26146221253714835,0.192,Non significatif,Manaure,La Guajira
44650,2022,0.756864698833533,0.1674881404566949,0.157,Non significatif,San Juan del Cesar,La Guajira
44847,2022,0.35896100680714993,0.31726785971756427,0.137,Non significatif,Uribia,La Guajira
44855,2022,1.046747708003281,0.06344338613313294,0.249,Non significatif,Urumita,La Guajira
44874,2022,0.8987695904435465,0.08916403452505287,0.263,Non significatif,Villanueva,La Guajira
47001,2022,1.0994562714687888,-0.043562851315845995,0.261,Non significatif,Santa Marta,Magdalena
47030,2022,1.1860546895787294,0.018431212080807415,0.384,Non significatif,Algarrobo,Magdalena
47053,2022,0.7749501462239806,-0.11918607895722404,0.231,Non significatif,Aracataca,Magdalena
47058,2022,0.5449482164268624,0.13532567481273888,0.314,Non significatif,Ariguaní,Magdalena
47161,2022,1.9021532911978685,-0.30451226000372983,0.011,Atypique,Cerro de San Antonio,Magdalena
47170,2022,1.7617500385101177,-0.16235794890476962,0.092,Non significatif,Chivolo,Magdalena
47189,2022,3.1988377402670687,-0.14809430105254376,0.439,Non significatif,Ciénaga,Magdalena
47205,2022,0.0,0.4901674492528435,0.101,Non significatif,Concordia,Magdalena
47245,2022,1.8554694958967823,0.1039762312058235,0.234,Non significatif,El Banco,Magdalena
47258,2022,0.529438323696698,0.29708953987065456,0.1,Non significatif,El Piñón,Magdalena
47268,2022,1.4249034552454407,0.02035224294735524,0.196,Non significatif,El Retén,Magdalena
47288,2022,0.637372563434337,0.0485485530168664,0.454,Non significatif,Fundación,Magdalena
47318,2022,2.1300193587050926,0.18396689137011935,0.207,Non significatif,Guamal,Magdalena
47460,2022,0.6710105532716828,0.16068623446729197,0.208,Non significatif,Nueva Granada,Magdalena
47541,2022,0.0,0.4428918381241549,0.124,Non significatif,Pedraza,Magdalena
47545,2022,0.2917874255459596,-0.1387821403282681,0.299,Non significatif,Pijiño del Carmen,Magdalena
47551,2022,1.7033983685522482,-0.012036516578340206,0.496,Non significatif,Pivijay,Magdalena
47555,2022,0.8633093089599988,0.09212975985948131,0.272,Non significatif,Plato,Magdalena
47570,2022,0.8235918267412264,-0.0937374636850462,0.256,Non significatif,Puebloviejo,Magdalena
47605,2022,2.1377185610514027,-0.3987436318635253,0.027,Atypique,Remolino,Magdalena
47660,2022,1.2166272284798325,-4.929732299241211e-05,0.47,Non significatif,Sabanas de San Ángel,Magdalena
47675,2022,0.4892786742161377,0.4511713280318615,0.018,Bas-Bas,Salamina,Magdalena
47692,2022,1.980305233003444,-0.030876556098820354,0.482,Non significatif,San Sebastián de Buenavista,Magdalena
47703,2022,0.0,0.0812840323505392,0.467,Non significatif,San Zenón,Magdalena
47707,2022,1.1134123581031858,0.07052049026612367,0.14,Non significatif,Santa Ana,Magdalena
47720,2022,0.33266940385814986,-0.012654661919777007,0.46,Non significatif,Santa Bárbara de Pinto,Magdalena
47745,2022,0.2911356629801765,0.504825946389056,0.033,Bas-Bas,Sitionuevo,Magdalena
47798,2022,0.4136910326909419,0.27825761040620883,0.14,Non significatif,Tenerife,Magdalena
47960,2022,0.1787889316232771,0.2732738054473104,0.219,Non significatif,Zapayán,Magdalena
47980,2022,1.6978204118676614,0.05143648260758315,0.292,Non significatif,Zona Bananera,Magdalena
50001,2022,0.34535618251715555,0.20929079374481097,0.247,Non significatif,Villavicencio,Meta
50006,2022,0.7592161223813982,0.1261319607799944,0.24,Non significatif,Acacías,Meta
50110,2022,0.9050873868743198,0.13056759274809707,0.141,Non significatif,Barranca de Upía,Meta
50124,2022,2.344779874575527,-0.1801806943755176,0.29,Non significatif,Cabuyaro,Meta
50150,2022,0.18170252505814694,-0.03784985923295608,0.433,Non significatif,Castilla la Nueva,Meta
50223,2022,0.949810755582813,-0.11376039483305744,0.163,Non significatif,Cubarral,Meta
50226,2022,0.7920937607809541,0.13380316034572318,0.206,Non significatif,Cumaral,Meta
50245,2022,1.3393393000376632,0.002810212951808473,0.005,Bas-Bas,El Calvario,Meta
50251,2022,2.559405125015808,0.28340843273155303,0.207,Non significatif,El Castillo,Meta
50270,2022,2.654174548521844,0.21135262520812526,0.278,Non significatif,El Dorado,Meta
50287,2022,1.9062917749223025,0.2671217998762603,0.061,Non significatif,Fuente de Oro,Meta
50313,2022,1.7168276571515055,0.14639642605985326,0.102,Non significatif,Granada,Meta
50318,2022,0.9770022387422096,0.025404209951730154,0.452,Non significatif,Guamal,Meta
50325,2022,4.1714817747082344,1.7888211327664731,0.027,Haut-Haut,Mapiripán,Meta
50330,2022,3.543893891611375,0.9653181227662434,0.074,Non significatif,Mesetas,Meta
50350,2022,3.1051351499444335,1.720366383132658,0.005,Haut-Haut,La Macarena,Meta
50370,2022,3.3622582930581935,1.3243160996203018,0.024,Haut-Haut,Uribe,Meta
50400,2022,2.336167986523823,0.18803545343436373,0.249,Non significatif,Lejanías,Meta
50450,2022,3.216628134922461,1.4846038311325993,0.006,Haut-Haut,Puerto Concordia,Meta
50568,2022,2.333650542055672,0.4169718285036758,0.079,Non significatif,Puerto Gaitán,Meta
50573,2022,2.147219975953871,0.05664866403293361,0.382,Non significatif,Puerto López,Meta
50577,2022,3.4539893640597468,1.0224204688756324,0.06,Non significatif,Puerto Lleras,Meta
50590,2022,2.8889608795866564,1.0349588015199997,0.022,Haut-Haut,Puerto Rico,Meta
50606,2022,1.0136799861459884,0.1244274318121228,0.097,Non significatif,Restrepo,Meta
50680,2022,1.612165608819828,-0.05459108256340963,0.252,Non significatif,San Carlos de Guaroa,Meta
50683,2022,1.6923590599557747,0.17485109351636402,0.06,Non significatif,San Juan de Arama,Meta
50686,2022,0.0,0.6417415363171286,0.033,Bas-Bas,San Juanito,Meta
50689,2022,2.0920818127214926,0.17124155577769673,0.215,Non significatif,San Martín,Meta
50711,2022,3.6031554634380343,1.3557792911658229,0.035,Haut-Haut,Vistahermosa,Meta
52001,2022,0.3264905622602908,0.15402655652835018,0.322,Non significatif,Pasto,Nariño
52019,2022,2.903539775734359,0.3604589710367792,0.208,Non significatif,Albán,Nariño
52022,2022,1.264425363935473,0.04134502246316044,0.019,Bas-Bas,Aldana,Nariño
52036,2022,1.7474725233556885,-0.11800006521970122,0.147,Non significatif,Ancuya,Nariño
52051,2022,0.7552978918712644,-0.06831662944606492,0.322,Non significatif,Arboleda,Nariño
52079,2022,4.389095680191756,2.279938607264955,0.011,Haut-Haut,Barbacoas,Nariño
52083,2022,1.9144983835198364,0.16016509507475563,0.179,Non significatif,Belén,Nariño
52110,2022,1.0984789704441908,-0.03537044436649703,0.296,Non significatif,Buesaco,Nariño
52203,2022,2.271893258182411,0.3903096872244139,0.081,Non significatif,Colón,Nariño
52207,2022,0.21589932286197244,-0.0295792808480739,0.441,Non significatif,Consacá,Nariño
52210,2022,0.0,0.585834828095644,0.061,Non significatif,Contadero,Nariño
52215,2022,1.4970388655931097,-0.04598238172344448,0.139,Non significatif,Córdoba,Nariño
52224,2022,0.0,0.5463147381077381,0.081,Non significatif,Cuaspud Carlosama,Nariño
52227,2022,1.33879973969746,-0.0014684035268982675,0.187,Non significatif,Cumbal,Nariño
52233,2022,4.562869838227608,1.5874128751132575,0.062,Non significatif,Cumbitara,Nariño
52240,2022,0.3201307153091553,0.033643569087567576,0.491,Non significatif,Chachagüí,Nariño
52250,2022,6.556133999054609,9.464055640713593,0.001,Haut-Haut,El Charco,Nariño
52254,2022,0.39227618026109345,0.1737366294939383,0.275,Non significatif,El Peñol,Nariño
52256,2022,3.5716182236185428,2.1134138932608373,0.003,Haut-Haut,El Rosario,Nariño
52258,2022,3.34726213179683,0.23915162744777396,0.324,Non significatif,El Tablón de Gómez,Nariño
52260,2022,1.3533348652176656,-0.0006255162167483762,0.438,Non significatif,El Tambo,Nariño
52287,2022,0.0,0.37766904491001524,0.158,Non significatif,Funes,Nariño
52317,2022,0.2548835170080885,0.4673515675126049,0.064,Non significatif,Guachucal,Nariño
52320,2022,0.4267588570495058,0.2459185064723624,0.174,Non significatif,Guaitarilla,Nariño
52323,2022,0.2794348516262686,0.41955975557068725,0.085,Non significatif,Gualmatán,Nariño
52352,2022,0.13040036220530077,0.5430428336575441,0.049,Bas-Bas,Iles,Nariño
52354,2022,0.5140450883710369,0.4138994314451209,0.026,Bas-Bas,Imués,Nariño
52356,2022,1.5922928336430944,-0.07672711551653642,0.135,Non significatif,Ipiales,Nariño
52378,2022,2.0436426681189683,0.19458191173373096,0.181,Non significatif,La Cruz,Nariño
52381,2022,0.39246405532369605,-0.0008982276343543134,0.48,Non significatif,La Florida,Nariño
52385,2022,2.20157075008347,0.4050675107410938,0.069,Non significatif,La Llanada,Nariño
52390,2022,6.781293415617175,9.91703359782436,0.001,Haut-Haut,La Tola,Nariño
52399,2022,1.2498884777884665,-0.012653492025794522,0.312,Non significatif,La Unión,Nariño
52405,2022,4.173999363271163,3.054618921712627,0.001,Haut-Haut,Leiva,Nariño
52411,2022,1.5650684474619327,-0.02502184366729703,0.371,Non significatif,Linares,Nariño
52418,2022,1.2557108748558965,-0.0868708906917833,0.002,Atypique,Los Andes,Nariño
52427,2022,5.495147487338741,7.441094725228689,0.001,Haut-Haut,Magüí,Nariño
52435,2022,3.6061676737088812,0.1154057984066898,0.417,Non significatif,Mallama,Nariño
52473,2022,4.4623669554304515,6.37072780557758,0.001,Haut-Haut,Mosquera,Nariño
52480,2022,3.2834431446252927,-0.4955719021097375,0.187,Non significatif,Nariño,Nariño
52490,2022,6.7306960788054635,9.921057463809559,0.001,Haut-Haut,Olaya Herrera,Nariño
52506,2022,0.5434633512895066,0.38147088746174374,0.033,Bas-Bas,Ospina,Nariño
52520,2022,3.8536406772630825,5.063054028574707,0.001,Haut-Haut,Francisco Pizarro,Nariño
52540,2022,4.858442407282252,1.2765120763780817,0.121,Non significatif,Policarpa,Nariño
52560,2022,0.7273944390104884,0.14337526786044522,0.213,Non significatif,Potosí,Nariño
52565,2022,0.9353169763527698,0.02312903074163639,0.455,Non significatif,Providencia,Nariño
52573,2022,1.01113951206648,0.10580166856721918,0.132,Non significatif,Puerres,Nariño
52585,2022,0.340807522511539,0.4381342050238088,0.059,Non significatif,Pupiales,Nariño
52612,2022,4.69064142711432,1.4642939956963028,0.081,Non significatif,Ricaurte,Nariño
52621,2022,6.707068645315623,8.815563883672139,0.001,Haut-Haut,Roberto Payán,Nariño
52678,2022,2.5982586067425855,0.14471894976081143,0.321,Non significatif,Samaniego,Nariño
52683,2022,1.558564159531836,0.009199775035774235,0.423,Non significatif,Sandoná,Nariño
52685,2022,2.8826076497334956,0.3875468586150596,0.201,Non significatif,San Bernardo,Nariño
52687,2022,0.565874290294249,0.20275609310754591,0.182,Non significatif,San Lorenzo,Nariño
52693,2022,2.3606646774439057,0.49123524437054367,0.071,Non significatif,San Pablo,Nariño
52694,2022,0.42651108525715226,-0.2430231033778158,0.193,Non significatif,San Pedro de Cartago,Nariño
52696,2022,5.676428655275332,9.419001384949304,0.001,Haut-Haut,Santa Bárbara,Nariño
52699,2022,2.063746911602794,0.15660583208404988,0.228,Non significatif,Santacruz,Nariño
52720,2022,0.0,0.48066066890947634,0.105,Non significatif,Sapuyes,Nariño
52786,2022,1.0324488459549854,0.07851506531866569,0.19,Non significatif,Taminango,Nariño
52788,2022,0.9151696002672765,0.2155752802248078,0.027,Bas-Bas,Tangua,Nariño
52835,2022,4.780216110387582,5.61369702281442,0.001,Haut-Haut,San Andrés de Tumaco,Nariño
52838,2022,0.2865209482437942,0.40358518235024654,0.093,Non significatif,Túquerres,Nariño
52885,2022,0.0,0.48957647578005625,0.099,Non significatif,Yacuanquer,Nariño
54001,2022,1.4074694330893902,0.039077042828408674,0.037,Haut-Haut,San José de Cúcuta,Norte de Santander
54003,2022,2.8935832660958276,0.3884027577815304,0.204,Non significatif,Ábrego,Norte de Santander
54051,2022,0.9909784075108725,0.06276379074383445,0.28,Non significatif,Arboledas,Norte de Santander
54099,2022,0.32480103686809153,0.2738795467430447,0.171,Non significatif,Bochalema,Norte de Santander
54109,2022,3.185245010433427,0.11988828730092707,0.389,Non significatif,Bucarasica,Norte de Santander
54125,2022,0.32745015023725843,0.4105633423344214,0.075,Non significatif,Cácota,Norte de Santander
54128,2022,0.5004904470115227,0.049314234490880605,0.453,Non significatif,Cáchira,Norte de Santander
54172,2022,0.8672960917725672,0.18783081518024072,0.081,Non significatif,Chinácota,Norte de Santander
54174,2022,1.2748715108103488,0.006708504598379224,0.398,Non significatif,Chitagá,Norte de Santander
54206,2022,5.312751622745078,6.062564585078991,0.001,Haut-Haut,Convención,Norte de Santander
54223,2022,0.11455981849718869,0.5437499867979542,0.053,Non significatif,Cucutilla,Norte de Santander
54239,2022,1.2583775016961953,0.023914867853361346,0.161,Non significatif,Durania,Norte de Santander
54245,2022,3.3192151620183883,2.659536462834232,0.001,Haut-Haut,El Carmen,Norte de Santander
54250,2022,5.435476075719209,7.795729986382957,0.001,Haut-Haut,El Tarra,Norte de Santander
54261,2022,2.7648830572135954,-0.31283919257205756,0.234,Non significatif,El Zulia,Norte de Santander
54313,2022,0.7981457212413633,0.12886610054196979,0.216,Non significatif,Gramalote,Norte de Santander
54344,2022,5.618212204368542,4.927539978627719,0.001,Haut-Haut,Hacarí,Norte de Santander
54347,2022,0.3894913562582593,0.32982509879160754,0.113,Non significatif,Herrán,Norte de Santander
54377,2022,1.1833427328977897,0.010318836703611745,0.443,Non significatif,Labateca,Norte de Santander
54385,2022,1.4638590420940023,-0.02031255918156499,0.3,Non significatif,La Esperanza,Norte de Santander
54398,2022,4.113149415378946,3.393408053184863,0.001,Haut-Haut,La Playa,Norte de Santander
54405,2022,0.3526385559910476,-0.009485558677864717,0.465,Non significatif,Los Patios,Norte de Santander
54418,2022,0.0,0.08467791137554034,0.445,Non significatif,Lourdes,Norte de Santander
54480,2022,0.0,0.6448613758152777,0.036,Bas-Bas,Mutiscua,Norte de Santander
54498,2022,2.0651001195338115,0.382858465506551,0.052,Non significatif,Ocaña,Norte de Santander
54518,2022,0.420456800363959,0.4175625345757447,0.049,Bas-Bas,Pamplona,Norte de Santander
54520,2022,0.0,0.5490511103126503,0.074,Non significatif,Pamplonita,Norte de Santander
54553,2022,5.298132093294971,1.0752174278737407,0.185,Non significatif,Puerto Santander,Norte de Santander
54599,2022,1.2139782339331742,0.03846547591122363,0.145,Non significatif,Ragonvalia,Norte de Santander
54660,2022,1.8445630685863645,-0.16307915731597905,0.124,Non significatif,Salazar,Norte de Santander
54670,2022,6.30855426044203,6.236479879729764,0.001,Haut-Haut,San Calixto,Norte de Santander
54673,2022,2.0331913720002226,-0.1745827205248375,0.195,Non significatif,San Cayetano,Norte de Santander
54680,2022,0.0,0.09378639364113224,0.432,Non significatif,Santiago,Norte de Santander
54720,2022,3.5802756184732045,1.2409321429648712,0.049,Haut-Haut,Sardinata,Norte de Santander
54743,2022,0.5652705907786902,0.4417850545798139,0.008,Bas-Bas,Silos,Norte de Santander
54800,2022,5.865904981951952,7.520923374624429,0.001,Haut-Haut,Teorama,Norte de Santander
54810,2022,5.0923161022074,7.255976477364549,0.001,Haut-Haut,Tibú,Norte de Santander
54820,2022,3.585169479172626,-0.16664214293160806,0.437,Non significatif,Toledo,Norte de Santander
54871,2022,0.18270404721547873,-0.20616778430790114,0.255,Non significatif,Villa Caro,Norte de Santander
54874,2022,1.4557227035772695,-0.009851951476784115,0.417,Non significatif,Villa del Rosario,Norte de Santander
63001,2022,0.13656736476800863,0.6486873279671374,0.012,Bas-Bas,Armenia,Quindio
63111,2022,0.0,0.6426249970926777,0.036,Bas-Bas,Buenavista,Quindio
63130,2022,0.025331063365088547,0.6954260753813877,0.018,Bas-Bas,Calarcá,Quindio
63190,2022,0.0,0.7821536006190036,0.006,Bas-Bas,Circasia,Quindio
63212,2022,0.4775127937892357,0.4056187396453979,0.039,Bas-Bas,Córdoba,Quindio
63272,2022,0.0,0.7028481696371469,0.019,Bas-Bas,Filandia,Quindio
63302,2022,0.0,0.20500673068114664,0.329,Non significatif,Génova,Quindio
63401,2022,0.16307198273833756,0.5415913950690359,0.046,Bas-Bas,La Tebaida,Quindio
63470,2022,0.0,0.490779908899995,0.103,Non significatif,Montenegro,Quindio
63548,2022,0.0,0.6620716413127413,0.03,Bas-Bas,Pijao,Quindio
63594,2022,0.0,0.7014376797481865,0.02,Bas-Bas,Quimbaya,Quindio
63690,2022,0.0,0.62240580651889,0.043,Bas-Bas,Salento,Quindio
66001,2022,0.12473954603371791,0.5897559185112833,0.031,Bas-Bas,Pereira,Risaralda
66045,2022,0.07891325301865593,0.5379680336810295,0.065,Non significatif,Apía,Risaralda
66075,2022,0.0,0.420100098922515,0.142,Non significatif,Balboa,Risaralda
66088,2022,0.03908461801244818,0.3675680053382511,0.169,Non significatif,Belén de Umbría,Risaralda
66170,2022,0.1200032183646481,0.6468522713159517,0.017,Bas-Bas,Dosquebradas,Risaralda
66318,2022,1.0643095110113718,0.06987915808183467,0.21,Non significatif,Guática,Risaralda
66383,2022,0.4995872854825069,0.3158431950326996,0.1,Non significatif,La Celia,Risaralda
66400,2022,0.2717735969687289,0.38817633599523976,0.107,Non significatif,La Virginia,Risaralda
66440,2022,0.44718655791734513,0.4285757240144963,0.037,Bas-Bas,Marsella,Risaralda
66456,2022,2.445398503479063,0.3105243746054481,0.173,Non significatif,Mistrató,Risaralda
66572,2022,4.304835851961412,0.20128127591500014,0.374,Non significatif,Pueblo Rico,Risaralda
66594,2022,0.5407369589461525,0.3195514994378877,0.082,Non significatif,Quinchía,Risaralda
66682,2022,0.19281533255702563,0.6614929622445302,0.008,Bas-Bas,Santa Rosa de Cabal,Risaralda
66687,2022,0.07750190923932451,0.4262598481483062,0.125,Non significatif,Santuario,Risaralda
68001,2022,0.10332713623638512,0.6766279603684592,0.009,Bas-Bas,Bucaramanga,Santander
68013,2022,1.6842659828047064,-0.17639867264443462,0.02,Atypique,Aguada,Santander
68020,2022,0.0,0.723911389396759,0.01,Bas-Bas,Albania,Santander
68051,2022,0.0,0.7284095075827335,0.009,Bas-Bas,Aratoca,Santander
68077,2022,0.17688553065941115,0.6959906157553963,0.001,Bas-Bas,Barbosa,Santander
68079,2022,0.0,0.7937399948352176,0.004,Bas-Bas,Barichara,Santander
68081,2022,1.1922808511931782,-0.0177765388230941,0.315,Non significatif,Barrancabermeja,Santander
68092,2022,0.6042037361192163,0.34663380070399014,0.038,Bas-Bas,Betulia,Santander
68101,2022,0.26330581341612463,0.36807683328281693,0.12,Non significatif,Bolívar,Santander
68121,2022,0.0,0.7776121150255672,0.004,Bas-Bas,Cabrera,Santander
68132,2022,0.0,0.6383124731602965,0.033,Bas-Bas,California,Santander
68147,2022,0.0,0.5943418287302762,0.053,Non significatif,Capitanejo,Santander
68152,2022,0.0,0.5300514915576763,0.086,Non significatif,Carcasí,Santander
68160,2022,0.0,0.7670283447821606,0.006,Bas-Bas,Cepitá,Santander
68162,2022,0.5332583233147911,0.3853734455131101,0.033,Bas-Bas,Cerrito,Santander
68167,2022,0.0,0.7785180882747426,0.004,Bas-Bas,Charalá,Santander
68169,2022,0.0,0.7661477724605724,0.006,Bas-Bas,Charta,Santander
68176,2022,0.0,0.8014602962194596,0.001,Bas-Bas,Chima,Santander
68179,2022,0.0,0.7360558587918413,0.008,Bas-Bas,Chipatá,Santander
68190,2022,0.9482963089516214,0.07720546187503388,0.277,Non significatif,Cimitarra,Santander
68207,2022,0.0,0.6629520642211691,0.026,Bas-Bas,Concepción,Santander
68209,2022,0.0,0.7539692824261475,0.008,Bas-Bas,Confines,Santander
68211,2022,0.0,0.600608373102081,0.049,Bas-Bas,Contratación,Santander
68217,2022,0.1923844183913392,0.6867492564958741,0.001,Bas-Bas,Coromoro,Santander
68229,2022,0.2887329313423371,0.5530895402954217,0.015,Bas-Bas,Curití,Santander
68235,2022,0.13307663678069173,0.5114903746784953,0.069,Non significatif,El Carmen de Chucuri,Santander
68245,2022,0.0,0.49627335753596064,0.1,Non significatif,El Guacamayo,Santander
68250,2022,1.146194797868235,0.10830466600524886,0.008,Bas-Bas,El Peñón,Santander
68255,2022,0.5871767891409307,0.12501040679718195,0.307,Non significatif,El Playón,Santander
68264,2022,0.0,0.7739495371552197,0.005,Bas-Bas,Encino,Santander
68266,2022,0.5391137223992346,0.3495977393393643,0.061,Non significatif,Enciso,Santander
68271,2022,0.6502949224381364,0.3892999959842735,0.008,Bas-Bas,Florián,Santander
68276,2022,0.043870322433361114,0.7308058854840481,0.008,Bas-Bas,Floridablanca,Santander
68296,2022,0.0,0.8014602962194596,0.001,Bas-Bas,Galán,Santander
68298,2022,0.0,0.7110602496889091,0.013,Bas-Bas,Gámbita,Santander
68307,2022,0.14549449231664602,0.5938647565061884,0.026,Bas-Bas,Girón,Santander
68318,2022,0.0,0.7215430943078172,0.01,Bas-Bas,Guaca,Santander
68320,2022,0.0,0.8014602962194596,0.001,Bas-Bas,Guadalupe,Santander
68322,2022,0.0,0.8014602962194596,0.001,Bas-Bas,Guapotá,Santander
68324,2022,0.0,0.780366360126647,0.004,Bas-Bas,Guavatá,Santander
68327,2022,0.0,0.7360558587918413,0.008,Bas-Bas,Güepsa,Santander
68344,2022,0.0,0.7776121150255672,0.004,Bas-Bas,Hato,Santander
68368,2022,0.0,0.723911389396759,0.01,Bas-Bas,Jesús María,Santander
68370,2022,0.0,0.7284095075827335,0.008,Bas-Bas,Jordán,Santander
68377,2022,0.0,0.6761170929947724,0.024,Bas-Bas,La Belleza,Santander
68385,2022,0.09149771452427688,0.5052833953858579,0.076,Non significatif,Landázuri,Santander
68397,2022,0.874912795486255,0.20329855562180038,0.062,Non significatif,La Paz,Santander
68406,2022,0.38494298282551304,0.47920214540847966,0.025,Bas-Bas,Lebrija,Santander
68418,2022,0.3238425242881834,0.5959741586372082,0.004,Bas-Bas,Los Santos,Santander
68425,2022,0.0,0.5943418287302762,0.055,Non significatif,Macaravita,Santander
68432,2022,0.08910403015511308,0.6883026657038294,0.008,Bas-Bas,Málaga,Santander
68444,2022,0.19278993155648302,0.5558982267955502,0.031,Bas-Bas,Matanza,Santander
68464,2022,0.7491702984480657,0.33610200049607253,0.008,Bas-Bas,Mogotes,Santander
68468,2022,0.0,0.7265441339118291,0.009,Bas-Bas,Molagavita,Santander
68498,2022,0.0,0.7539692824261476,0.008,Bas-Bas,Ocamonte,Santander
68500,2022,0.0,0.8014602962194596,0.001,Bas-Bas,Oiba,Santander
68502,2022,0.0,0.8014602962194596,0.001,Bas-Bas,Onzaga,Santander
68522,2022,0.0,0.7776121150255672,0.004,Bas-Bas,Palmar,Santander
68524,2022,0.0,0.7539692824261475,0.008,Bas-Bas,Palmas del Socorro,Santander
68533,2022,0.19825958380830352,0.6629155221341086,0.004,Bas-Bas,Páramo,Santander
68547,2022,0.13689619913930964,0.6804501795263649,0.008,Bas-Bas,Piedecuesta,Santander
68549,2022,0.0,0.7462489810419055,0.008,Bas-Bas,Pinchote,Santander
68572,2022,0.0,0.780366360126647,0.004,Bas-Bas,Puente Nacional,Santander
68573,2022,0.46656368346391014,0.13896792725665316,0.321,Non significatif,Puerto Parra,Santander
68575,2022,2.7178930217579644,0.6731820387308569,0.067,Non significatif,Puerto Wilches,Santander
68615,2022,1.526850907201633,-0.03995990276683841,0.246,Non significatif,Rionegro,Santander
68655,2022,1.3190347963421503,8.914144727648848e-05,0.476,Non significatif,Sabana de Torres,Santander
68669,2022,0.0,0.790834471084429,0.003,Bas-Bas,San Andrés,Santander
68673,2022,0.0,0.5562978717672753,0.072,Non significatif,San Benito,Santander
68679,2022,0.06473943986525715,0.7300852172192137,0.005,Bas-Bas,San Gil,Santander
68682,2022,0.0,0.7121203126765147,0.014,Bas-Bas,San Joaquín,Santander
68684,2022,0.0,0.5194256664226456,0.092,Non significatif,San José de Miranda,Santander
68686,2022,1.736814782693464,-0.21535078912406236,0.008,Atypique,San Miguel,Santander
68689,2022,0.8067251115332097,0.17344125225241389,0.135,Non significatif,San Vicente de Chucurí,Santander
68705,2022,0.0,0.7799035445758448,0.004,Bas-Bas,Santa Bárbara,Santander
68720,2022,0.0,0.6788769105131773,0.024,Bas-Bas,Santa Helena del Opón,Santander
68745,2022,1.153541839595734,0.08986786027921306,0.04,Bas-Bas,Simacota,Santander
68755,2022,0.19998155712535726,0.662094127756218,0.004,Bas-Bas,Socorro,Santander
68770,2022,0.0,0.6667497483541034,0.027,Bas-Bas,Suaita,Santander
68773,2022,0.13747853732622817,0.49897622918362866,0.073,Non significatif,Sucre,Santander
68780,2022,1.1753041562785866,0.08122555452718716,0.036,Bas-Bas,Suratá,Santander
68820,2022,0.0,0.7164971257034172,0.012,Bas-Bas,Tona,Santander
68855,2022,0.0,0.7462489810419055,0.008,Bas-Bas,Valle de San José,Santander
68861,2022,0.1530237231074054,0.4301062751295335,0.102,Non significatif,Vélez,Santander
68867,2022,0.0,0.7340507027237027,0.008,Bas-Bas,Vetas,Santander
68872,2022,0.0,0.7551211576357905,0.008,Bas-Bas,Villanueva,Santander
68895,2022,0.0,0.7454909639776034,0.008,Bas-Bas,Zapatoca,Santander
70001,2022,0.6833490458978616,-0.4166430789760057,0.033,Atypique,Sincelejo,Sucre
70110,2022,1.48681726779192,0.0700322601111786,0.067,Non significatif,Buenavista,Sucre
70124,2022,1.315312842180127,-0.014747587556623807,0.06,Non significatif,Caimito,Sucre
70204,2022,4.259762004536812,2.3692822236374,0.01,Haut-Haut,Colosó,Sucre
70215,2022,0.6107018923441573,-0.4944850190513375,0.026,Atypique,Corozal,Sucre
70221,2022,0.681922177014178,-0.1575481206633015,0.209,Non significatif,Coveñas,Sucre
70230,2022,4.465956503893776,3.1765242937589524,0.001,Haut-Haut,Chalán,Sucre
70233,2022,3.821033658872126,0.7718055162342832,0.153,Non significatif,El Roble,Sucre
70235,2022,3.1266861718511234,0.9935091445859087,0.048,Haut-Haut,Galeras,Sucre
70265,2022,3.9009082983964243,2.4618017983825116,0.003,Haut-Haut,Guaranda,Sucre
70400,2022,0.6818640102189493,-0.3165644694545149,0.068,Non significatif,La Unión,Sucre
70418,2022,3.124136994810006,1.6716118101374344,0.003,Haut-Haut,Los Palmitos,Sucre
70429,2022,3.089895649711779,1.5947610754757708,0.006,Haut-Haut,Majagual,Sucre
70473,2022,4.089033720473995,1.3402050878323035,0.067,Non significatif,Morroa,Sucre
70508,2022,4.2315270138286065,3.10156269265031,0.001,Haut-Haut,Ovejas,Sucre
70523,2022,2.882045255548953,-0.04565737356979542,0.492,Non significatif,Palmito,Sucre
70670,2022,2.5137679808829314,0.07881274015354112,0.384,Non significatif,Sampués,Sucre
70678,2022,3.610273792774286,0.9449370458462424,0.093,Non significatif,San Benito Abad,Sucre
70702,2022,1.6715333620626909,0.16966830452020568,0.06,Non significatif,San Juan de Betulia,Sucre
70708,2022,3.227620072813178,0.43281501689627694,0.22,Non significatif,San Marcos,Sucre
70713,2022,4.467148872905958,2.081869886930969,0.026,Haut-Haut,San Onofre,Sucre
70717,2022,3.054080605496522,0.4881904863484158,0.172,Non significatif,San Pedro,Sucre
70742,2022,2.2245504261992295,0.252220282002043,0.17,Non significatif,San Luis de Sincé,Sucre
70771,2022,2.4758603138280253,0.8983800335669487,0.013,Haut-Haut,Sucre,Sucre
70820,2022,0.6083206764774284,-0.5257991356598789,0.019,Atypique,Santiago de Tolú,Sucre
70823,2022,2.4853155870429524,0.74775528042988,0.025,Haut-Haut,San José de Toluviejo,Sucre
73001,2022,0.2282532846768249,-0.2046898539982434,0.261,Non significatif,Ibagué,Tolima
73024,2022,1.3417312501516934,-0.0010378918492418162,0.09,Non significatif,Alpujarra,Tolima
73026,2022,1.2454071907540998,0.026970293622685663,0.18,Non significatif,Alvarado,Tolima
73030,2022,1.957191206355755,-0.25026734112517646,0.078,Non significatif,Ambalema,Tolima
73043,2022,1.6043769597803945,-0.007978753086584143,0.492,Non significatif,Anzoátegui,Tolima
73055,2022,0.4754653050498199,0.205601686461125,0.224,Non significatif,Armero,Tolima
73067,2022,2.820595436081248,0.5759089217738004,0.107,Non significatif,Ataco,Tolima
73124,2022,1.2833348017206057,0.02118933704641049,0.114,Non significatif,Cajamarca,Tolima
73148,2022,0.09468115629039643,0.5230234989333928,0.071,Non significatif,Carmen de Apicalá,Tolima
73152,2022,1.4664079893988777,-0.005927690062843296,0.472,Non significatif,Casabianca,Tolima
73168,2022,2.6671552822945057,0.6385717882528815,0.07,Non significatif,Chaparral,Tolima
73200,2022,0.5663859731645805,0.42149676969319205,0.007,Bas-Bas,Coello,Tolima
73217,2022,2.319778133157988,0.047761528690238746,0.41,Non significatif,Coyaima,Tolima
73226,2022,1.1505885937661966,0.042515947821368485,0.249,Non significatif,Cunday,Tolima
73236,2022,1.7490301648552211,0.05914643369612353,0.299,Non significatif,Dolores,Tolima
73268,2022,0.13894667286379037,0.5479826955370293,0.05,Non significatif,Espinal,Tolima
73270,2022,0.0,0.46572115436342687,0.116,Non significatif,Falan,Tolima
73275,2022,0.103527887774436,0.6428381669934596,0.018,Bas-Bas,Flandes,Tolima
73283,2022,0.2821989088203365,0.4133454192747393,0.094,Non significatif,Fresno,Tolima
73319,2022,0.3265708744015504,0.3721109971638812,0.106,Non significatif,Guamo,Tolima
73347,2022,1.1251161168941726,0.06087821466099993,0.176,Non significatif,Herveo,Tolima
73349,2022,0.7060004895052631,0.2725197115298414,0.07,Non significatif,Honda,Tolima
73352,2022,2.0116532422573656,-0.29729176625263026,0.055,Non significatif,Icononzo,Tolima
73408,2022,0.7302768193017831,0.11096201692853414,0.291,Non significatif,Lérida,Tolima
73411,2022,1.0689890220804958,0.0005305163698884546,0.473,Non significatif,Líbano,Tolima
73443,2022,0.6922121700559989,0.23663494424155931,0.109,Non significatif,San Sebastián de Mariquita,Tolima
73449,2022,0.10482511600753372,0.4381347666318428,0.116,Non significatif,Melgar,Tolima
73461,2022,1.8554211841798613,0.03395883276076522,0.388,Non significatif,Murillo,Tolima
73483,2022,2.4362770635832214,0.1741330243242332,0.285,Non significatif,Natagaima,Tolima
73504,2022,1.6435417913633656,0.03344860917055886,0.338,Non significatif,Ortega,Tolima
73520,2022,0.6595007786595434,0.170968344513983,0.209,Non significatif,Palocabildo,Tolima
73547,2022,0.2895371386409208,0.4517892821526472,0.069,Non significatif,Piedras,Tolima
73555,2022,3.703397095877808,0.838223559943771,0.131,Non significatif,Planadas,Tolima
73563,2022,1.7226392809098687,0.011660682903838518,0.426,Non significatif,Prado,Tolima
73585,2022,0.5227894914122325,0.15077120373813702,0.287,Non significatif,Purificación,Tolima
73616,2022,2.9321896887122842,0.609797411530654,0.112,Non significatif,Rioblanco,Tolima
73622,2022,2.7021245855153353,-0.2277197256769296,0.302,Non significatif,Roncesvalles,Tolima
73624,2022,2.2904485234878615,0.012027784387505068,0.445,Non significatif,Rovira,Tolima
73671,2022,0.9472762128874679,0.03254820419818764,0.428,Non significatif,Saldaña,Tolima
73675,2022,2.0626526309370035,0.16462484855109966,0.233,Non significatif,San Antonio,Tolima
73678,2022,0.9045569094443502,0.04959895682624196,0.371,Non significatif,San Luis,Tolima
73686,2022,1.8643901029480026,0.0239401394159644,0.41,Non significatif,Santa Isabel,Tolima
73770,2022,0.5046246655104838,0.3654393926842824,0.062,Non significatif,Suárez,Tolima
73854,2022,1.7457283386952918,-0.050473196557242646,0.356,Non significatif,Valle de San Juan,Tolima
73861,2022,1.1816740155580197,0.02477662130923581,0.321,Non significatif,Venadillo,Tolima
73870,2022,1.4652218800791392,-0.005857442118018674,0.475,Non significatif,Villahermosa,Tolima
73873,2022,1.5291144670551244,-0.06229861892061698,0.125,Non significatif,Villarrica,Tolima
76001,2022,0.28119076418029393,0.07463826655431974,0.441,Non significatif,Cali,Valle del Cauca
76020,2022,0.5213197573450884,0.4683091824163925,0.005,Bas-Bas,Alcalá,Valle del Cauca
76036,2022,0.41864248968439216,-0.09007922092223884,0.35,Non significatif,Andalucía,Valle del Cauca
76041,2022,1.1745598567244022,0.03857854827618252,0.241,Non significatif,Ansermanuevo,Valle del Cauca
76054,2022,0.6969164942173561,0.06234567681952535,0.409,Non significatif,Argelia,Valle del Cauca
76100,2022,4.062382916960253,1.4199828302742883,0.057,Non significatif,Bolívar,Valle del Cauca
76109,2022,5.401797632021701,-0.7308865313374123,0.292,Non significatif,Buenaventura,Valle del Cauca
76111,2022,0.1947576774230201,0.15062943658248112,0.344,Non significatif,Guadalajara de Buga,Valle del Cauca
76113,2022,2.22929102529113,-0.09480382125683327,0.382,Non significatif,Bugalagrande,Valle del Cauca
76122,2022,0.6660151022447889,0.29625525619709836,0.062,Non significatif,Caicedonia,Valle del Cauca
76126,2022,1.5245173383573227,-0.046787744530139085,0.2,Non significatif,Calima,Valle del Cauca
76130,2022,0.45148402919629366,0.03817697678592691,0.476,Non significatif,Candelaria,Valle del Cauca
76147,2022,0.24554965659526018,0.32046167707699613,0.16,Non significatif,Cartago,Valle del Cauca
76233,2022,2.35623438959569,-0.34917337956564526,0.12,Non significatif,Dagua,Valle del Cauca
76243,2022,2.2741210795590288,-0.38755996761311723,0.073,Non significatif,El Águila,Valle del Cauca
76246,2022,1.1962209733315,-0.01764280586763357,0.324,Non significatif,El Cairo,Valle del Cauca
76248,2022,0.8256088173185714,0.18275283234946205,0.115,Non significatif,El Cerrito,Valle del Cauca
76250,2022,3.7576238530633104,0.14997574474954253,0.402,Non significatif,El Dovio,Valle del Cauca
76275,2022,1.3179791985696765,-0.006206769805691952,0.217,Non significatif,Florida,Valle del Cauca
76306,2022,0.4503666611743548,0.20296367270708215,0.236,Non significatif,Ginebra,Valle del Cauca
76318,2022,0.9718826216760941,0.12760078892367785,0.12,Non significatif,Guacarí,Valle del Cauca
76364,2022,2.066673652649544,0.14481895095242622,0.254,Non significatif,Jamundí,Valle del Cauca
76377,2022,0.2919554873522042,0.05424500368207175,0.473,Non significatif,La Cumbre,Valle del Cauca
76400,2022,1.268592255604714,0.01395474394581363,0.282,Non significatif,La Unión,Valle del Cauca
76403,2022,0.7495179202995003,0.17236913585908628,0.164,Non significatif,La Victoria,Valle del Cauca
76497,2022,1.5560874307025416,-0.08998519979677352,0.068,Non significatif,Obando,Valle del Cauca
76520,2022,0.5914365196039667,0.23250199426952292,0.148,Non significatif,Palmira,Valle del Cauca
76563,2022,0.539780830173256,0.07251769591406232,0.411,Non significatif,Pradera,Valle del Cauca
76606,2022,1.1010044443429967,0.07078088670816245,0.161,Non significatif,Restrepo,Valle del Cauca
76616,2022,1.0174955273240065,-0.039939995964573975,0.323,Non significatif,Riofrío,Valle del Cauca
76622,2022,0.3376969168617097,-0.05145022861963406,0.413,Non significatif,Roldanillo,Valle del Cauca
76670,2022,1.5774664425337794,-0.06637306854123108,0.171,Non significatif,San Pedro,Valle del Cauca
76736,2022,1.6334875566634917,-0.06179231927419816,0.252,Non significatif,Sevilla,Valle del Cauca
76823,2022,0.9400467496948834,0.03474052679756246,0.417,Non significatif,Toro,Valle del Cauca
76828,2022,1.5752729326646386,0.02757511850808046,0.325,Non significatif,Trujillo,Valle del Cauca
76834,2022,1.418260787874221,-0.0043863426427754254,0.458,Non significatif,Tuluá,Valle del Cauca
76845,2022,0.18086357451446541,0.6015994587955972,0.019,Bas-Bas,Ulloa,Valle del Cauca
76863,2022,1.0555663418810244,-0.029152918323597347,0.351,Non significatif,Versalles,Valle del Cauca
76869,2022,0.9213311357245204,0.13707589117564592,0.135,Non significatif,Vijes,Valle del Cauca
76890,2022,0.46514631228460246,0.08824353060471485,0.397,Non significatif,Yotoco,Valle del Cauca
76892,2022,0.2365524786855849,0.17383270462039108,0.32,Non significatif,Yumbo,Valle del Cauca
76895,2022,0.46563781951806427,0.11454339371572297,0.351,Non significatif,Zarzal,Valle del Cauca
81001,2022,3.838475401183282,2.7429397168701795,0.001,Haut-Haut,Arauca,Arauca
81065,2022,5.265123424590742,6.377490407109138,0.001,Haut-Haut,Arauquita,Arauca
81220,2022,4.1216362912843865,2.0737355989923794,0.012,Haut-Haut,Cravo Norte,Arauca
81300,2022,5.497159686709609,4.525158271230305,0.001,Haut-Haut,Fortul,Arauca
81591,2022,5.407736047466365,4.4873852251398345,0.001,Haut-Haut,Puerto Rondón,Arauca
81736,2022,5.286714828103206,3.7818474959086235,0.002,Haut-Haut,Saravena,Arauca
81794,2022,5.742976841854067,3.7677424481368935,0.008,Haut-Haut,Tame,Arauca
85001,2022,0.7311582397716074,0.06869940395359662,0.37,Non significatif,Yopal,Casanare
85010,2022,0.6667260081566571,0.10714916626971699,0.32,Non significatif,Aguazul,Casanare
85015,2022,0.0,0.4421361818163229,0.133,Non significatif,Chámeza,Casanare
85125,2022,3.119289631898015,1.8313128630574933,0.001,Haut-Haut,Hato Corozal,Casanare
85136,2022,2.999645458368219,-0.4409781955678286,0.197,Non significatif,La Salina,Casanare
85139,2022,2.29461190545171,-0.17281742210020273,0.292,Non significatif,Maní,Casanare
85162,2022,1.4911098369476907,-0.058198236425186956,0.084,Non significatif,Monterrey,Casanare
85225,2022,0.6313041248531234,0.0427072334060885,0.451,Non significatif,Nunchía,Casanare
85230,2022,1.6365657393142403,-0.027555206204295853,0.406,Non significatif,Orocué,Casanare
85250,2022,1.2018751732261574,-0.0653031826084102,0.073,Non significatif,Paz de Ariporo,Casanare
85263,2022,1.3407252870867832,-0.00014441421689828678,0.42,Non significatif,Pore,Casanare
85279,2022,0.9475796915231767,0.1507937284409423,0.094,Non significatif,Recetor,Casanare
85300,2022,0.0,0.43962924846216284,0.135,Non significatif,Sabanalarga,Casanare
85315,2022,2.5916162462439196,-0.18614503939939483,0.333,Non significatif,Sácama,Casanare
85325,2022,1.2703532392376737,0.010801160960559303,0.334,Non significatif,San Luis de Palenque,Casanare
85400,2022,0.9124677522401822,-0.11712894337715768,0.181,Non significatif,Támara,Casanare
85410,2022,1.220603121775728,0.016092705311161765,0.354,Non significatif,Tauramena,Casanare
85430,2022,0.7311718787265288,-0.10186919033609719,0.277,Non significatif,Trinidad,Casanare
85440,2022,0.5617084389914633,0.05269851772030374,0.436,Non significatif,Villanueva,Casanare
86001,2022,1.3947890091923718,0.0101584429193941,0.25,Non significatif,Mocoa,Putumayo
86219,2022,1.0173356846884596,-0.012713497899003579,0.424,Non significatif,Colón,Putumayo
86320,2022,3.115945040046107,0.7714127872719204,0.079,Non significatif,Orito,Putumayo
86568,2022,2.9688152314278793,1.6872360418657744,0.001,Haut-Haut,Puerto Asís,Putumayo
86569,2022,4.104607885309279,2.3086494760089904,0.011,Haut-Haut,Puerto Caicedo,Putumayo
86571,2022,4.520804357503983,3.1018925897619605,0.002,Haut-Haut,Puerto Guzmán,Putumayo
86573,2022,4.376032501820451,3.2498951419925346,0.001,Haut-Haut,Puerto Leguízamo,Putumayo
86749,2022,0.06116137207702275,-0.15874749115695355,0.328,Non significatif,Sibundoy,Putumayo
86755,2022,1.8361778400784994,-0.015376480141136389,0.486,Non significatif,San Francisco,Putumayo
86757,2022,3.726074984720387,1.7025622643587612,0.016,Haut-Haut,San Miguel,Putumayo
86760,2022,0.8161333772721023,0.11154221409581148,0.255,Non significatif,Santiago,Putumayo
86865,2022,2.9957452905839257,1.3037045364475945,0.012,Haut-Haut,Valle del Guamuez,Putumayo
86885,2022,3.079068622268535,0.6998674465313902,0.101,Non significatif,Villagarzón,Putumayo
88001,2022,0.0,-0.4489032305243612,0.138,Non significatif,San Andrés,"Archipiélago de San Andrés, Providencia y Santa Catalina"
88564,2022,0.0,0.05551644865632074,0.47,Non significatif,Providencia,"Archipiélago de San Andrés, Providencia y Santa Catalina"
91001,2022,0.9491065756313253,-0.0084769044536968,0.445,Non significatif,Leticia,Amazonas
91263,2022,2.0215684044786126,0.3282207599140383,0.066,Non significatif,El Encanto,Amazonas
91405,2022,1.5680153111766424,0.16171018312725163,0.015,Haut-Haut,La Chorrera,Amazonas
91407,2022,2.0691224728641378,-0.05034945828126435,0.432,Non significatif,La Pedrera,Amazonas
91430,2022,0.0,0.0016459570387478584,0.475,Non significatif,La Victoria,Amazonas
91460,2022,1.2215241092903382,0.013214219716984301,0.377,Non significatif,Mirití - Paraná,Amazonas
91530,2022,4.96944059799616,2.951618031930551,0.01,Haut-Haut,Puerto Alegría,Amazonas
91536,2022,2.023809287271257,0.22209579200683957,0.145,Non significatif,Puerto Arica,Amazonas
91540,2022,0.1770724946725244,-0.3142990387497384,0.183,Non significatif,Puerto Nariño,Amazonas
91669,2022,2.399147958923507,0.010687450572176483,0.457,Non significatif,Puerto Santander,Amazonas
91798,2022,2.6925969953119604,-0.17964472023693356,0.346,Non significatif,Tarapacá,Amazonas
94001,2022,2.452986280131637,0.1283234416950344,0.329,Non significatif,Inírida,Guainía
94343,2022,2.226482774253764,0.3882329226153493,0.081,Non significatif,Barrancominas,Guainía
94883,2022,2.212525726158145,0.04408010483228109,0.415,Non significatif,San Felipe,Guainía
94884,2022,4.366613498084858,0.17283737406540894,0.402,Non significatif,Puerto Colombia,Guainía
94885,2022,0.0,-0.3320786324899162,0.205,Non significatif,La Guadalupe,Guainía
94886,2022,0.0,-0.5411501628614307,0.102,Non significatif,Cacahual,Guainía
94887,2022,0.47329036706991173,-0.44456031432981585,0.057,Non significatif,Pana Pana,Guainía
94888,2022,3.4285937786983647,-0.6016910960735952,0.167,Non significatif,Morichal,Guainía
95001,2022,3.0508637435155115,1.3774304412473635,0.01,Haut-Haut,San José del Guaviare,Guaviare
95015,2022,3.382913343644459,1.5898246693636706,0.01,Haut-Haut,Calamar,Guaviare
95025,2022,3.1588475768065964,0.6631589094803221,0.128,Non significatif,El Retorno,Guaviare
95200,2022,2.381634211887108,0.37809117083510835,0.128,Non significatif,Miraflores,Guaviare
97001,2022,0.7673611367298885,0.2252510743048546,0.092,Non significatif,Mitú,Vaupés
97161,2022,1.2357745552628145,-0.006444099525829869,0.401,Non significatif,Carurú,Vaupés
97511,2022,1.083123710169507,0.08096141939328605,0.152,Non significatif,Pacoa,Vaupés
97666,2022,0.0,0.2798798668480541,0.259,Non significatif,Taraira,Vaupés
97777,2022,0.0,-0.5069967733864632,0.122,Non significatif,Papunahua,Vaupés
97889,2022,0.0,0.5243456804857807,0.091,Non significatif,Yavaraté,Vaupés
99001,2022,3.0626378710233197,0.363101570748426,0.242,Non significatif,Puerto Carreño,Vichada
99524,2022,1.5689041329757083,0.07956246005125688,0.135,Non significatif,La Primavera,Vichada
99624,2022,1.365838816499215,-0.0006001834651376772,0.488,Non significatif,Santa Rosalía,Vichada
99773,2022,0.958770879394388,-0.14777302198534392,0.117,Non significatif,Cumaribo,Vichada
